,MovieID,Year_of_Release,Movie_Title
0,1,2003.0,Dinosaur Planet
1,2,2004.0,Isle of Man TT 2004 Review
2,3,1997.0,Character
3,4,1994.0,Paula Abdul's Get Up & Dance
4,5,2004.0,The Rise and Fall of ECW
5,6,1997.0,Sick
6,7,1992.0,8 Man
7,8,2004.0,What the #$*! Do We Know!?
8,9,1991.0,Class of Nuke 'Em High 2
9,10,2001.0,Fighter
10,11,1999.0,Full Frame: Documentary Shorts
11,12,1947.0,My Favorite Brunette
12,13,2003.0,Lord of the Rings: The Return of the King: Extended Edition: Bonus Material
13,14,1982.0,Nature: Antarctica
14,15,1988.0,Neil Diamond: Greatest Hits Live
15,16,1996.0,Screamers
16,17,2005.0,7 Seconds
17,18,1994.0,Immortal Beloved
18,19,2000.0,By Dawn's Early Light
19,20,1972.0,Seeta Aur Geeta
20,21,2002.0,Strange Relations
21,22,2000.0,Chump Change
22,23,2001.0,Clifford: Clifford Saves the Day! / Clifford's Fluffiest Friend Cleo
23,24,1981.0,My Bloody Valentine
24,25,1997.0,Inspector Morse 31: Death Is Now My Neighbour
25,26,2004.0,Never Die Alone
26,27,1962.0,Sesame Street: Elmo's World: The Street We Live On
27,28,2002.0,Lilo and Stitch
28,29,2001.0,Boycott
29,30,2003.0,Something's Gotta Give
30,31,1999.0,Classic Albums: Meat Loaf: Bat Out of Hell
31,32,2004.0,ABC Primetime: Mel Gibson's The Passion of the Christ
32,33,2000.0,Aqua Teen Hunger Force: Vol. 1
33,34,2003.0,Ashtanga Yoga: Beginner's Practice with Nicki Doane
34,35,2000.0,Ferngully 2: The Magical Rescue
35,36,1992.0,Lady Chatterley
36,37,1973.0,Zatoichi's Conspiracy
37,38,2003.0,Daydream Obsession
38,39,2000.0,Love Reinvented
39,40,2004.0,Pitcher and the Pin-Up
40,41,2000.0,Horror Vision
41,42,2002.0,Searching for Paradise
42,43,2000.0,Silent Service
43,44,1996.0,Spitfire Grill
44,45,1999.0,The Love Letter
45,46,1964.0,Rudolph the Red-Nosed Reindeer
46,47,1952.0,The Bad and the Beautiful
47,48,2001.0,Justice League
48,49,2003.0,Devo: The Complete Truth About De-evolution
49,50,1941.0,A Yank in the R.A.F.
50,51,2002.0,Jonah: A VeggieTales Movie: Bonus Material
51,52,2002.0,The Weather Underground
52,53,2003.0,The Bonesetter
53,54,1952.0,We're Not Married
54,55,1995.0,Jade
55,56,2004.0,Carandiru
56,57,1995.0,Richard III
57,58,1996.0,Dragonheart
58,59,2003.0,Sex and the Beauties
59,60,1969.0,The Libertine
60,61,1999.0,Ricky Martin: One Night Only
61,62,1991.0,Ken Burns' America: Empire of the Air
62,63,1943.0,Crash Dive
63,64,2001.0,Outside the Law
64,65,2000.0,Lost in the Pershing Point Hotel
65,66,1989.0,Barbarian Queen 2
66,67,1997.0,Vampire Journals
67,68,2004.0,Invader Zim
68,69,2003.0,WWE: Armageddon 2003
69,70,1999.0,Tai Chi: The 24 Forms
70,71,1995.0,Maya Lin: A Strong Clear Vision
71,73,1954.0,Davy Crockett: 50th Anniversary Double Feature
72,74,1999.0,6ixtynin9
73,75,1997.0,Grind
74,76,1952.0,I Love Lucy: Season 2
75,77,1995.0,Congo
76,78,1996.0,Jingle All the Way
77,79,1956.0,The Killing
78,80,1979.0,Winter Kills
79,81,1991.0,Antarctica: IMAX
80,82,1951.0,The Frogmen
81,83,1983.0,Silkwood
82,84,2002.0,The Powerpuff Girls Movie
83,85,2005.0,Elfen Lied
84,86,1996.0,Iron Monkey 2
85,87,2002.0,Louder Than Bombs
86,88,1998.0,Record of Lodoss War: Chronicles of the Heroic Knight
87,89,2000.0,Chain of Command
88,90,1951.0,The Lemon Drop Kid
89,91,2005.0,WWE: Royal Rumble 2005
90,92,2002.0,ECW: Cyberslam '99
91,93,2004.0,They Came Back
92,94,2000.0,G3: Live in Concert
93,95,1985.0,Dona Herlinda and Her Son
94,96,2000.0,Inside the Space Station
95,97,2002.0,Mostly Martha
96,98,1965.0,The Battle of Algiers: Bonus Material
97,99,1989.0,A Fishy Story
98,100,1993.0,Sam the Iron Bridge
99,101,1997.0,Complete Shamanic Princess
100,102,2004.0,Notre Musique
101,103,1976.0,Sanford and Son: Season 6
102,104,1965.0,The Great Race
103,105,2002.0,Obsessed
104,106,2004.0,Stevie Ray Vaughan and Double Trouble: Live at Montreux 1982 & 1985
105,107,2000.0,Magnolia: Bonus Material
106,108,2004.0,Spartan
107,109,1996.0,No Way Back
108,110,1989.0,Scandal
109,111,2003.0,Duplex (Widescreen)
110,112,1993.0,The Eye of Vichy
111,113,2000.0,Bruce Lee: A Warrior's Journey
112,114,1989.0,Dominion Tank Police Part 1 & 2
113,115,1973.0,Lord Peter Wimsey: Murder Must Advertise
114,116,2004.0,Bear Cub
115,117,1957.0,Silk Stockings
116,118,1985.0,Rambo: First Blood Part II
117,119,1999.0,Travel the World by Train: Africa
118,120,2004.0,Plain Dirty
119,121,2003.0,Beyonce: Live at Wembley
120,122,2002.0,Cube 2: Hypercube
121,123,2000.0,Chain of Fools
122,124,2000.0,Cold Blooded
123,125,1981.0,Nighthawks
124,126,2003.0,Vampire Effect (aka Twins Effect)
125,127,1987.0,Fatal Beauty
126,128,1985.0,Mr. Vampire
127,129,2003.0,Darkwolf
128,130,1999.0,Drowning on Dry Land
129,131,2002.0,Arachnid
130,132,1981.0,Lucio Fulci: The Beyond
131,133,2003.0,Viva La Bam: Season 1
132,134,1996.0,Spirit Lost
133,135,1998.0,GTO: Great Teacher Onizuka: Set 2
134,136,1927.0,Cat and the Canary
135,137,1998.0,Naked Lies
136,138,1995.0,Star Trek: Voyager: Season 1
137,139,2001.0,Allergies: A Natural Approach
138,140,1993.0,Lost in the Wild
139,141,2004.0,Goddess of Mercy
140,142,2000.0,The Tricky Master
141,143,1997.0,The Game
142,144,2000.0,Deepak Chopra: The Way of the Wizard & Alchemy
143,145,1978.0,Get Out Your Handkerchiefs
144,146,1988.0,Cannibal Women in the Avocado Jungle of Death
145,147,1992.0,Where Sleeping Dogs Lie
146,148,2001.0,Sweet November
147,149,2005.0,The Edward R. Murrow Collection
148,150,2001.0,Firetrap
149,151,2005.0,Sleepover Nightmare
150,152,1995.0,A Little Princess
151,153,2002.0,MTV Yoga
152,154,2000.0,Demon Warrior Koji
153,155,1975.0,The Strongest Man in the World
154,156,1992.0,Husbands and Wives
155,157,2004.0,Laird: White Knuckle Extreme
156,158,2004.0,A Killer Within
157,159,1971.0,Gentlemen of Fortune
158,160,2000.0,Gormenghast
159,161,1939.0,Ninotchka
160,162,1968.0,John Cleese on How to Irritate People
161,163,2002.0,MTV: Making the Band 2: Best of Season 1
162,164,2003.0,One Last Dance
163,165,1982.0,Richard Pryor: Live on the Sunset Strip
164,166,1980.0,Fame
165,167,2004.0,The Chorus
166,168,1983.0,Smokey and the Bandit Part 3
167,169,2004.0,Cartoon Network Halloween: 9 Creepy Cartoon Capers
168,170,1972.0,Tomorrow
169,171,1957.0,Funny Face
170,172,2003.0,Jack
171,173,1968.0,The Devil's Brigade
172,174,1968.0,Adam-12: Season 1
173,175,1992.0,Reservoir Dogs
174,176,2004.0,The History Channel Presents: Troy: Unearthing the Legend
175,177,2002.0,Pressure
176,178,1996.0,Regular Guys
177,179,2003.0,Bollywood Bound
178,180,2002.0,Scratch
179,181,2004.0,The Last Shot
180,182,2001.0,Moby: Play
181,183,2005.0,IFilm: Deranged
182,184,2004.0,Billy Blanks: Tae Bo: Cardio Circuit 1
183,185,1985.0,Missing in Action 2: The Beginning / Missing in Action 3: Braddock
184,186,1950.0,Panic in the Streets
185,187,2002.0,Death to Smoochy
186,188,2005.0,Dead Birds
187,189,1982.0,Airplane II: The Sequel
188,190,1989.0,Blood and Sand
189,191,2003.0,X2: X-Men United
190,192,2003.0,The SoulTaker
191,193,2005.0,Marilyn Manson: Fear of a Satanic Planet
192,194,1996.0,Arliss: The Best of Arliss
193,195,2004.0,Chasing Freedom
194,196,1992.0,Peter Tosh: Stepping Razor: Red X
195,197,2004.0,Taking Lives
196,198,1997.0,Gupt
197,199,1978.0,The Deer Hunter
198,200,1964.0,The Fall of the Roman Empire
199,201,2001.0,Home Movie
200,202,2001.0,Ruby's Bucket of Blood
201,203,1997.0,Sports Illustrated Swimsuit Edition: 1997
202,204,2002.0,Venus Boyz
203,205,2004.0,Troy: Bonus Material
204,206,2004.0,Unconstitutional: The War on Our Civil Liberties
205,207,2001.0,Denise Austin: Ultimate Fat Burner
206,208,1947.0,The Three Stooges: Sing a Song of Six Pants
207,209,1996.0,Star Trek: Deep Space Nine: Season 5
208,210,2001.0,Onmyoji
209,211,2004.0,The Agronomist
210,212,1982.0,Querelle
211,213,2001.0,Dinner Rush
212,214,2002.0,Read-Along: Beauty and the Beast
213,215,1998.0,That '70s Show: Season 1
214,216,2000.0,Impostor
215,217,1988.0,Cherry 2000
216,218,1983.0,Triumph: Live at the US Festival
217,219,1995.0,Neon Bible
218,220,1983.0,Winston Churchill: The Wilderness Years
219,221,2005.0,Voyage to the Planets and Beyond
220,222,1998.0,Yellow
221,223,2003.0,Chappelle's Show: Season 1
222,224,1999.0,Midsomer Murders: Blood Will Out
223,225,2004.0,The Cookout
224,226,1996.0,Henry: Portrait of a Serial Killer 2
225,227,2001.0,The Carol Burnett Show: Show Stoppers
226,228,1979.0,Butch and Sundance: The Early Days
227,229,2003.0,Peter Gabriel: Growing Up Live
228,230,1987.0,Unsolved Mysteries: Psychics
229,231,2002.0,Marooned in Iraq
230,232,1989.0,Gross Anatomy
231,233,1971.0,Chato's Land
232,234,1921.0,Animation Legend: Winsor McCay
233,235,1996.0,Unhook the Stars
234,236,1998.0,Cartoon Crazys Sci-Fi
235,237,1918.0,Broken Blossoms
236,238,1976.0,Led Zeppelin: The Song Remains the Same
237,239,2004.0,Winnie the Pooh: Springtime with Roo
238,240,1942.0,Woman of the Year
239,241,1959.0,North by Northwest
240,242,1995.0,Neon Genesis Evangelion: The End of Evangelion
241,243,1962.0,Pressure Point
242,244,2004.0,Stellvia
243,245,2002.0,Road Dogz
244,246,1968.0,The Boston Strangler
245,247,1994.0,Oleanna
246,248,2001.0,Michael Moore's The Awful Truth: Season 2
247,249,1958.0,The Hunters
248,250,1966.0,Cast a Giant Shadow
249,251,2000.0,Midsomer Murders: Strangler's Wood
250,252,2002.0,Stuart Little 2
251,253,1935.0,A Night at the Opera
252,254,2003.0,Westender
253,255,2001.0,The Hunchback of Notre Dame II
254,256,2000.0,Ghost Dog: The Way of the Samurai
255,257,1973.0,Charlotte's Web
256,258,1999.0,Mann
257,259,2004.0,Animal
258,260,1967.0,Marat / Sade
259,261,1948.0,The Big Clock
260,262,1974.0,Herbie Rides Again
261,263,2001.0,Dragon Ball: Tournament Saga
262,265,2002.0,The Jeff Corwin Experience: Costa Rica and the Amazon
263,266,2000.0,Saudade Do Futuro
264,267,1994.0,Touched by an Angel: Season 1
265,268,1980.0,The Final Countdown
266,269,1989.0,Parenthood
267,270,2001.0,Sex and the City: Season 4
268,271,1943.0,Saludos Amigos
269,272,1973.0,Female Yakuza Tale
270,273,2004.0,Taxi
271,274,2002.0,Crazy as Hell
272,275,2002.0,Evelyn
273,276,1998.0,Cold Harvest
274,277,2003.0,Enigma: MCMXC A.D
275,278,1990.0,100 Days Before the Command
276,279,1984.0,Micki and Maude
277,280,1998.0,Sarah Brightman: In Concert
278,281,1993.0,The Legend
279,282,2003.0,Blue Seed: Beyond
280,283,1996.0,If These Walls Could Talk
281,284,2005.0,Sasquatch Hunters
282,285,1997.0,The Devil's Own
283,286,1966.0,Thunderbirds Are Go
284,287,1994.0,Luther Vandross: Always and Forever: An Evening of Songs
285,288,2004.0,Saturday Night Live: The Best of Chris Kattan
286,289,1998.0,The Avengers
287,290,2004.0,Harold and Kumar Go to White Castle
288,291,2000.0,Chained Heat 3: Hell Mountain
289,292,2005.0,Saturday Night Live: The Best of Gilda Radner
290,293,2003.0,Lennon Legend: The Very Best of John Lennon
291,294,2002.0,Oasis
292,295,1995.0,Ace Ventura: When Nature Calls
293,296,2000.0,In His Life: The John Lennon Story
294,297,2003.0,The Hebrew Hammer
295,298,2002.0,Crunch: Pick Your Spot Pilates
296,299,2001.0,Bridget Jones's Diary
297,300,1997.0,Option Zero
298,301,2003.0,Hard Ground
299,302,2001.0,The Isle
300,303,1959.0,Les Liaisons Dangereuses
301,304,1997.0,King of the Hill: Season 1
302,305,1996.0,Jack
303,306,2005.0,Sesame Street: Sing Yourself Silly!
304,307,2002.0,Godsmack: Smack This!
305,308,1974.0,The Legend of the 7 Golden Vampires/7 Brothers of Dracula
306,309,1975.0,The Day of the Locust
307,310,2000.0,Leila
308,311,1994.0,Ed Wood
309,312,2000.0,High Fidelity
310,313,2000.0,Pay It Forward
311,314,1985.0,Saturday Night Live: The Best of Jon Lovitz
312,315,1964.0,Combat! Season 3: Operation 2
313,316,1999.0,Futurama: Monster Robot Maniac Fun Collection
314,317,1997.0,Mandela and de Klerk
315,318,1994.0,Beyond Suspicion
316,319,1987.0,Straight to Hell
317,320,1997.0,Eat Your Heart Out
318,321,2004.0,Ju-Rei: The Uncanny
319,322,1974.0,Flesh Gordon
320,323,1999.0,Modern Vampires
321,324,1994.0,Mother's Boys
322,325,2004.0,Ghosts of Rwanda: Frontline
323,326,1937.0,The Plainsman
324,327,1997.0,Storefront Hitchcock
325,328,2002.0,Deftones: Live in Hawaii
326,329,1999.0,Dogma
327,330,1998.0,Wild Things
328,331,1997.0,Chasing Amy
329,332,2002.0,They Crawl
330,333,2003.0,Mail Call: The Best of Season 2
331,334,2005.0,The Pacifier
332,335,1981.0,Fear No Evil
333,336,1978.0,The Driver
334,337,1983.0,Star 80
335,338,1942.0,The Three Stooges: Three Smart Saps
336,339,1968.0,Rolling Stones: Rock and Roll Circus
337,340,1998.0,Midnight: 2000 Seen By...
338,341,2004.0,Tremors 4: The Legend Begins
339,342,2001.0,Noir
340,343,2000.0,French and Saunders: Live
341,344,1967.0,The Taming of the Shrew
342,345,1998.0,Star Trek: Voyager: Season 5
343,346,2005.0,Up and Down
344,347,1989.0,Iceman Cometh
345,348,1988.0,The Last Temptation of Christ
346,349,1978.0,The Swarm
347,351,1969.0,Guns of the Magnificent Seven
348,352,1997.0,Pick a Card
349,353,2002.0,Life or Something Like It
350,354,1981.0,Sadomania
351,355,1973.0,Sinful Nuns of St. Valentine
352,356,2005.0,Look at Me
353,357,2003.0,House of Sand and Fog
354,358,1979.0,The Onion Field
355,359,2003.0,Absolutely Fabulous: Series 5
356,360,1999.0,Lies
357,361,2004.0,The Phantom of the Opera: Special Edition
358,362,2000.0,The Flintstones in Viva Rock Vegas
359,363,2002.0,Stark Raving Mad
360,364,2004.0,Billy Blanks: Tae Bo: Contact 2
361,365,1989.0,R.E.M.: Tourfilm
362,367,2003.0,Spun
363,368,1986.0,The Best of Designing Women
364,369,2000.0,Playing Mona Lisa
365,370,1918.0,Chaplin
366,371,1966.0,The Trouble with Angels
367,372,1998.0,Jeans
368,373,2000.0,Third World Cop
369,374,1976.0,The Little Girl Who Lives Down the Lane
370,375,2003.0,Nine Dead Gay Guys
371,376,2001.0,Genesis: The Way We Walk: Live in Concert
372,377,1979.0,Dick Francis: The Racing Game
373,378,2003.0,Party Monster
374,379,1996.0,Crash Dive
375,380,1992.0,Live Wire
376,381,1991.0,Out for Justice
377,382,2004.0,Buried in the Sand: The Deception of America
378,383,2001.0,Hit Team
379,384,1986.0,Crossroads
380,385,2002.0,The Santa Clause 2
381,386,1994.0,Princess Caraboo
382,387,1984.0,Bizet's Carmen
383,388,1990.0,Body Chemistry
384,389,2002.0,Steal
385,390,1981.0,The Fan
386,391,1967.0,The Monkees: Season 2
387,392,1993.0,Danielle Steel's Heartbeat
388,393,1998.0,The Replacement Killers
389,395,1935.0,Captain Blood
390,396,2001.0,Arjuna: Complete Collection
391,397,1946.0,A Night in Casablanca
392,398,1976.0,In the Realm of the Senses
393,399,2001.0,Fangs
394,400,1970.0,Rio Lobo
395,401,1989.0,Halloween 5: The Revenge of Michael Myers
396,402,1999.0,Pan Tadeusz
397,403,2000.0,Substitute 4: Failure is Not an Option
398,404,2001.0,The Shaft
399,405,1987.0,Wings of Desire
400,406,2005.0,Hostage
401,407,1972.0,The Abductors
402,408,1990.0,Nightbreed
403,409,1966.0,Godzilla vs. The Sea Monster
404,410,1998.0,Frank Lloyd Wright
405,411,1999.0,Vendetta
406,412,1999.0,Jay Jay the Jet Plane: Adventures in Learning
407,413,2002.0,Igby Goes Down
408,414,1999.0,Girl
409,415,2002.0,Reign in Darkness
410,416,2003.0,Elephant
411,417,1986.0,Transformers: Season 3: Part 1
412,418,2004.0,The Deal
413,419,2005.0,George Lopez: Why You Crying?
414,420,1999.0,Saturday Night Live: The Best of Dana Carvey
415,421,2003.0,Agatha Christie's Poirot: Sad Cypress
416,422,1964.0,The Unsinkable Molly Brown
417,423,1963.0,My Favorite Martian #1
418,424,1998.0,Happiness
419,425,2000.0,The 10th Kingdom
420,426,2001.0,Recess: School's Out
421,427,1990.0,Graveyard Shift
422,428,2004.0,Barney: Barney's Colorful World: Live
423,429,1997.0,Zeus and Roxanne
424,430,2002.0,Chobits
425,431,2002.0,Millennium Actress
426,432,1996.0,Les Miserables in Concert
427,433,1993.0,Untamed Heart
428,434,2004.0,Extreme Engineering: Tokyo's Sky City
429,435,1996.0,Love Can Seriously Damage Your Health
430,436,1985.0,Girls Just Want to Have Fun
431,437,2005.0,Beyblade: Fierce Battle
432,438,1997.0,Bean: The Movie
433,439,1961.0,Town Without Pity
434,440,2003.0,Just 4 Kicks
435,441,1968.0,Dark Shadows: Vol. 9
436,442,1988.0,Mississippi Burning
437,443,2002.0,Rabbit-Proof Fence
438,444,2001.0,The Inner Tour
439,445,1996.0,Michael Collins
440,446,1995.0,The Underneath
441,447,1986.0,The Making of Fanny and Alexander
442,448,2001.0,Oswald: Welcome to the Big City!
443,449,2003.0,Jimmy Buffett: MiniMatinee #1
444,450,2000.0,Isaac Stern: Life's Virtuoso
445,451,1993.0,Batman the Animated Series: Vol. 3
446,452,2002.0,Scorched
447,453,1992.0,Simple Men
448,454,1995.0,Xena: Warrior Princess: Season 3
449,455,1999.0,Cardcaptor Sakura: The Movie
450,456,1996.0,Emma (Miniseries)
451,457,2004.0,Kill Bill: Vol. 2
452,458,2001.0,Blast
453,459,1996.0,Basquiat
454,460,1971.0,Pink Narcissus
455,461,2000.0,Nightwalker #1: Midnight Detective
456,462,2005.0,Classic Cartoon Favorites: Starring Donald
457,463,1962.0,The Twilight Zone: Vol. 12
458,464,1987.0,The Return of Ruben Blades
459,465,1995.0,Coolie No.1
460,467,1941.0,Topper Returns
461,468,2003.0,The Matrix: Revolutions
462,469,1998.0,First Night of My Life: 2000 Seen By...
463,470,2001.0,Beneath Loch Ness
464,471,1931.0,City Lights
465,472,1998.0,Mr. Jealousy
466,473,1997.0,Princess Mononoke
467,474,1998.0,Legend of 1900
468,475,1993.0,Surf Ninjas
469,476,2004.0,VeggieTales Classics: Where's God When I'm Scared?
470,477,1990.0,George Carlin: Personal Favorites
471,478,1962.0,The Beverly Hillbillies
472,479,1988.0,George Carlin: What Am I Doing in New Jersey?
473,480,1997.0,Flypaper
474,481,2002.0,Building the Great Pyramid
475,482,2002.0,Frida
476,483,2001.0,Rush Hour 2
477,484,1992.0,Danielle Steel's Jewels
478,485,1967.0,The Avengers '67
479,486,1959.0,Journey to the Center of the Earth
480,487,1968.0,Doctor Who: Lost in Time: The Patrick Troughton Years
481,488,2001.0,His Secret Life
482,489,1998.0,Return to Paradise
483,490,1999.0,The Passion of Ayn Rand
484,491,1966.0,Torn Curtain
485,492,1984.0,Mrs. Soffel
486,493,1972.0,The Giallo Collection: Who Saw Her Die?
487,494,1983.0,Monty Python's The Meaning of Life: Special Edition
488,495,2000.0,Mission Kashmir
489,496,2004.0,Primus: Hallucino-Genetics Live 2004
490,497,2003.0,Broadway's Lost Treasures
491,498,1989.0,Glory: Bonus Material
492,499,2000.0,Under Suspicion
493,500,2002.0,Mail Call: The Best of Season 1
494,501,1975.0,Three Days of the Condor
495,502,2003.0,Mitch Hedberg: Mitch All Together
496,503,2005.0,Max and Ruby: Springtime for Max and Ruby
497,504,1964.0,The Twilight Zone: Vol. 27
498,505,1997.0,A Thousand Acres
499,506,1976.0,Blank Generation / Dancin' Barefoot
500,507,1966.0,Nevada Smith
501,508,1979.0,Saint Jack
502,509,2004.0,The Volcano Disaster
503,510,2004.0,Blue's Clues: Blue's Room: It's Hug Day
504,511,2002.0,Avenging Angelo
505,512,2000.0,Bubblegum Crisis: Hurricane Live!
506,513,1995.0,Butterfly Kiss
507,514,2000.0,Santana: Supernatural Live
508,515,2005.0,Avia Vampire Hunter
509,516,2001.0,Monsoon Wedding
510,517,2001.0,Two Can Play That Game
511,518,1969.0,The Prime of Miss Jean Brodie
512,519,1979.0,From Mao to Mozart: Isaac Stern in China
513,520,2004.0,E's Otherwise
514,521,1927.0,Presenting Felix the Cat
515,522,1999.0,Love Songs
516,523,1969.0,My Side of the Mountain
517,524,1999.0,Mumford
518,525,1999.0,The Last Seduction II
519,526,1994.0,Angie
520,527,1985.0,Barbarian Queen
521,528,2005.0,The Hitchhiker's Guide to the Galaxy
522,529,1998.0,Summer of the Monkeys
523,530,1987.0,Return to Horror High
524,531,1996.0,You're Invited to Mary-Kate and Ashley's Vacation Parties
525,532,1988.0,Young Einstein
526,533,1991.0,Drop Dead Fred
527,534,2000.0,With a Friend Like Harry
528,535,1960.0,The Alamo
529,536,2001.0,Sol Goode
530,537,1991.0,Here is Greenwood
531,538,2003.0,A Crime of Passion
532,539,1987.0,Rumpole of the Bailey: Series 4
533,540,2003.0,Ghosts of the Abyss: Bonus Material
534,541,1998.0,King Cobra
535,542,1997.0,The Blackout
536,543,1999.0,Roughnecks: The Starship Troopers Chronicles: The Pluto Campaign
537,544,1987.0,Maurice: Bonus Material
538,545,2002.0,Bob the Builder: The Big Game
539,546,2005.0,The Strip Game
540,547,1992.0,Kuffs
541,548,1991.0,Hudson Hawk
542,549,1955.0,Rage at Dawn
543,550,1995.0,First Knight
544,551,1994.0,The Santa Clause
545,552,1994.0,Radioland Murders
546,553,1995.0,Rangeela
547,554,1972.0,Solaris
548,555,1996.0,Cadfael: A Morbid Taste for Bones
549,556,1999.0,New Waterford Girl
550,557,1991.0,Liebestraum
551,558,1994.0,Fantastic Four
552,559,1940.0,Rebecca: Bonus Material
553,560,2003.0,Star Trek: Enterprise: Season 3
554,561,1963.0,High and Low
555,562,2002.0,Bloody Mallory
556,563,2001.0,Jimmy Neutron: Boy Genius
557,564,1990.0,Predator 2
558,565,2002.0,Tom Petty and the Heartbreakers: Live at the Olympic: The Last DJ
559,566,1996.0,Bullet
560,567,2003.0,Dunsmore
561,568,1999.0,Knights of Ramune
562,569,1979.0,The In-Laws
563,570,2000.0,The Visit
564,571,1999.0,American Beauty
565,572,1962.0,The Masque of the Red Death / The Premature Burial
566,573,1983.0,Winners & Sinners
567,574,1960.0,Strangers When We Meet
568,575,1994.0,Highlander: Season 4
569,576,2000.0,Popular: Season 2
570,577,1961.0,The Twilight Zone: Vol. 36
571,578,1963.0,The Terror
572,579,1973.0,The Autobiography of Miss Jane Pittman
573,580,1971.0,THX 1138: Special Edition
574,581,1993.0,Black Jack: The Movie
575,583,1959.0,Third Man on the Mountain
576,584,1998.0,The Curve
577,585,1995.0,My Family
578,586,1995.0,Shanghai Triad
579,587,1983.0,The Scarlet and the Black
580,588,1990.0,Blue Planet: IMAX
581,589,2000.0,Northanger Abbey
582,590,2001.0,Michael McDonald: A Gathering of Friends
583,591,2003.0,Particles of Truth
584,592,1974.0,House of Whipcord
585,593,2000.0,Baby Genius: Mozart and Friends
586,594,2002.0,By Hook or By Crook
587,595,2001.0,Monarch of the Glen: Series 2
588,596,1999.0,Alice in Wonderland (TV Version)
589,597,1977.0,The Brady Bunch Variety Hour
590,598,1973.0,Bobby Darin: Mack is Back
591,599,1989.0,Sea of Love
592,601,1992.0,The Smiths: The Complete Picture
593,602,2000.0,Tokyo Raiders
594,603,1997.0,Burn Up Excess: Vol. 1: To Serve and Protect
595,604,2005.0,Walt Disney's Timeless Tales: Vol. 2
596,605,2000.0,The Secrets of the Dead Sea Scrolls
597,606,1968.0,Quatermass and the Pit
598,607,1994.0,Speed
599,608,1970.0,The Lickerish Quartet
600,609,2002.0,Jimmy Neutron: Attack of the Twonkies
601,610,1999.0,Offspring: Americana
602,611,2004.0,Spooks & Creeps
603,612,1946.0,Cloak and Dagger
604,613,1965.0,The Dr. Who Collection
605,614,1993.0,Bad Boy Bubby
606,615,1999.0,An Ideal Husband
607,616,1983.0,SCTV Network 90: Vol. 4
608,617,2004.0,UFC: Ultimate Fighting Championship: Ultimate Knockouts 3
609,618,1994.0,Totally F***ed Up
610,619,1980.0,Doctor Who: The Leisure Hive
611,620,2003.0,Hot Wheels: World Race
612,621,1997.0,Armageddon
613,622,1991.0,Talkin' Dirty After Dark
614,623,1986.0,Dario Argento Collection: Vol. 2: Demons 2
615,624,2004.0,My Mother Likes Women
616,625,1999.0,Underground Comedy Movie
617,626,1941.0,They Died with Their Boots On
618,627,1971.0,Beware of a Holy Whore
619,628,2003.0,Rescue Heroes: The Movie
620,629,1984.0,Firestarter
621,630,1977.0,Empire of the Ants
622,631,2005.0,Unleashed
623,632,1972.0,Shaft's Big Score!
624,633,1993.0,Baazigar
625,634,1989.0,Christmas with The Simpsons
626,635,1971.0,The Fassbinder Collection: Pioneer in Ingolstadt
627,636,1980.0,Stir Crazy
628,637,2001.0,National Geographic: Inside American Power: Air Force One
629,638,1985.0,The Last Dragon
630,639,2002.0,Jim Brown: All-American
631,640,1992.0,To Catch a Killer
632,641,1968.0,Charly
633,642,1990.0,Mystery Science Theater 3000: The Hellcats
634,643,2002.0,Buying the Cow
635,644,1994.0,Cheyenne Warrior
636,645,2004.0,Dear Frankie
637,646,1987.0,Matewan
638,647,1960.0,Cinderfella
639,648,2003.0,John Mayall & The Bluesbreakers and Friends: 70th Birthday Concert
640,649,1999.0,Ricky Martin: The Ricky Martin Video Collection
641,650,2002.0,Elvira's Haunted Hills
642,651,1997.0,The Rainbow Fish / Dazzle the Dinosaur
643,652,1996.0,Marvin's Room
644,653,2000.0,American Tragedy
645,654,1975.0,Return of the Chinese Boxer
646,655,1965.0,Green Acres: Season 1
647,656,2004.0,Veronica 2030
648,657,1996.0,Highlander: Season 5
649,658,1991.0,Robin Hood: Prince of Thieves
650,659,1972.0,The Last House on the Left
651,660,2000.0,Saving Grace
652,661,2002.0,Who is Cletis Tout?
653,662,1995.0,Rob Roy
654,663,1999.0,La Femme Nikita: Season 3
655,664,1997.0,Office Killer
656,665,1976.0,Lipstick
657,666,2000.0,The Man Who Came to Dinner
658,667,1965.0,Gilligan's Island: Season 2
659,668,2004.0,Saturday Night Live: The Best of Will Ferrell 2
660,669,1986.0,Real Kung Fu of Shaolin
661,671,1989.0,The Winter People
662,673,1999.0,Fight Club: Bonus Material
663,674,1988.0,Hellbound: Hellraiser II
664,675,2004.0,Rugrats All Grown Up: O' Brother!
665,676,1998.0,Mafia!
666,677,2001.0,In the Mood for Love
667,678,1965.0,Loves of a Blonde
668,679,1990.0,R.E.M.: Pop Screen
669,680,2000.0,Better Than Sex
670,681,1986.0,Police Academy 3: Back in Training
671,682,1998.0,The Mighty
672,683,1951.0,Cavalry Charge
673,684,1995.0,Visitors of the Night
674,685,1999.0,Running Out of Time
675,686,2000.0,Bedazzled
676,687,2003.0,Peter Jennings Reports: The Kennedy Assassination: Beyond Conspiracy
677,688,2003.0,The History Channel Presents: The Alamo
678,689,1998.0,One True Thing
679,690,2004.0,Baby Einstein: Baby Da Vinci
680,691,1999.0,Angel's Dance
681,692,1992.0,The Hand that Rocks the Cradle
682,693,1996.0,The Quest
683,694,2000.0,When Dinosaurs Roamed America
684,695,2004.0,Koma
685,696,1996.0,Last Man Standing
686,697,2000.0,Caillou: Caillou's Treasure Hunt and Other Adventures
687,698,1997.0,Daud
688,699,2004.0,Mahoromatic: Automatic Maiden: Summer Special
689,700,1997.0,Todd McFarlane's Spawn
690,701,2002.0,Nine Lives
691,702,1996.0,For the Moment
692,703,2004.0,Japan: Memoirs of a Secret Empire
693,704,1998.0,A Change of Heart
694,705,1989.0,Major League
695,706,1991.0,Mobsters
696,707,2003.0,The Return
697,708,2000.0,The Perfect Storm
698,709,1998.0,Africans in America: America's Journey Through Slavery
699,710,1993.0,Inspector Morse 9: The Last Enemy
700,711,1994.0,Dolores Claiborne
701,712,1998.0,Homicide: Life on the Street: Season 7
702,713,1987.0,Cause Celebre
703,714,1988.0,Whisper Kill
704,715,1950.0,Film Noir Collection: D.O.A.
705,716,1958.0,The Bravados
706,717,2004.0,Testosterone
707,718,2003.0,44 Minutes
708,719,1997.0,City of Industry
709,720,1989.0,Roger & Me
710,721,1994.0,Royal Deceit
711,722,2003.0,The Wire: Season 1
712,723,1991.0,Curly Sue
713,724,1992.0,Yu Yu Hakusho
714,725,2004.0,Woman Thou Art Loosed
715,726,1990.0,The Haunting of Morella
716,727,1959.0,Carlton-Browne of the F.O.
717,728,1977.0,Abigail's Party
718,730,1988.0,Bagdad Cafe
719,731,1997.0,Mr. Magoo
720,732,2005.0,11:14
721,733,1988.0,Dead Ringers
722,734,1992.0,Indochine
723,735,2003.0,Hillary & Tenzing: Climbing to the Roof of World
724,736,2002.0,The Last Man
725,737,2004.0,Great Pas de Deux
726,738,1999.0,A Slipping Down Life
727,739,2001.0,Treading Water
728,740,1988.0,The House on Carroll Street
729,741,1988.0,Ken Burns' America: The Congress
730,742,2002.0,Sherlock: Case of Evil
731,743,1994.0,Widows' Peak
732,744,1998.0,Hot War
733,745,1979.0,Fantasy Mission Force
734,746,2001.0,Domestic Disturbance
735,747,1996.0,Saber Marionette J
736,748,2002.0,I Can Do Bad All By Myself
737,749,1990.0,Ernest Goes to Jail
738,750,2004.0,The Librarian: Quest for the Spear
739,751,1998.0,Halloween: H2O
740,752,1993.0,Star Trek: The Next Generation: Season 7
741,753,1964.0,Mary Poppins: Bonus Material
742,754,1984.0,The Lonely Guy
743,755,1989.0,Music Box
744,756,2000.0,The Best of MusikLaden: Classic Rock
745,757,1984.0,Sherlock Hound
746,758,2004.0,Mean Girls
747,759,2001.0,Fifteen Minutes
748,760,2005.0,Pooh's Heffalump Movie
749,761,2000.0,O Fantasma
750,762,2004.0,End of the Century: The Story of the Ramones
751,763,1972.0,The Poseidon Adventure
752,764,1983.0,Scarface: 20th Anniversary Edition: Bonus Material
753,765,1994.0,Grief
754,766,1959.0,A Hole in the Head
755,767,2001.0,Edges of the Lord
756,768,1995.0,The Star Maker
757,769,1958.0,The Crawling Eye
758,770,1996.0,A Perfect Candidate
759,771,1999.0,Man in the Iron Mask
760,772,1998.0,Gloria Estefan: Don't Stop!
761,773,2001.0,He Died with a Felafel in His Hand
762,774,2003.0,Foyle's War: Set 2
763,775,1999.0,Man Ray: Prophet of the Avant Garde
764,777,1944.0,Sherlock Holmes and the Spider Woman
765,778,2003.0,A Touch of Frost: Seasons 7 & 8
766,779,2000.0,Loving Jezebel
767,780,2003.0,Churchill
768,781,2004.0,Care Bears: Journey to Joke-a-Lot
769,782,1998.0,Soldier of Fortune
770,783,2001.0,For Love or Country
771,784,1995.0,The Outer Limits: The New Series: Aliens Among Us
772,785,1981.0,American Pop
773,786,1966.0,Tokyo Drifter
774,787,1972.0,La Vallee
775,788,1994.0,Clerks
776,789,1991.0,Boyz N the Hood
777,790,2000.0,A Single Girl
778,791,2000.0,Don Henley: Live Inside Job
779,792,2004.0,Unsolved History: Salem Witch Trials
780,793,2004.0,By Brakhage: An Anthology
781,794,1992.0,A Stranger Among Us
782,795,1997.0,Landmarks of Early Film
783,796,1976.0,Rabid
784,797,1959.0,Look Back in Anger
785,798,1975.0,Jaws
786,799,2003.0,Teen Titans: Season 1
787,800,1971.0,Dracula Vs. Frankenstein
788,801,2001.0,We Know Where You Live. Live!
789,802,1928.0,Spies
790,803,2001.0,Soul Assassin
791,804,1944.0,Sherlock Holmes: The Scarlet Claw
792,805,1968.0,Dark Shadows: Vol. 11
793,806,1960.0,Eyes Without a Face
794,807,1959.0,The Mouse That Roared
795,808,1998.0,Dead Man on Campus
796,809,2002.0,Left Behind II: Tribulation Force
797,810,1958.0,The Matchmaker
798,811,1992.0,The Lawnmower Man
799,812,2001.0,The Saddle Club: Horse Crazy
800,813,2000.0,On Cukor
801,814,2000.0,Ruin Explorers
802,815,1959.0,Tiger Bay
803,816,2001.0,Marlene Dietrich: Her Own Song
804,817,1980.0,My Bodyguard
805,818,1976.0,Logan's Run
806,819,1998.0,The Faculty
807,820,2005.0,Predator Island
808,821,1972.0,Slaughter
809,822,2001.0,Star Trek: Enterprise: Season 1
810,823,1988.0,Sleepaway Camp II: Unhappy Campers
811,824,1977.0,A Piece of the Action
812,825,1983.0,Bill Cosby: Himself
813,826,1998.0,Goosebumps: Cry of the Cat
814,828,1991.0,Atlantis
815,829,1995.0,Serial Mom
816,830,1994.0,Return to a Better Tomorrow
817,831,1987.0,Mannequin
818,832,2003.0,Tupac: Resurrection
819,833,1996.0,White Squall
820,835,1994.0,Cirque du Soleil: A Baroque Odyssey
821,836,1991.0,Incident at Oglala: The Leonard Peltier Story
822,837,1972.0,All in the Family: Season 3
823,838,2003.0,Gang of Roses
824,839,1945.0,The Thin Man Goes Home
825,840,1941.0,The Lady Eve
826,841,1994.0,There Goes My Baby
827,842,1942.0,Reap the Wild Wind
828,843,1999.0,Mansfield Park
829,844,2001.0,La Cienaga
830,845,2004.0,If We Had No Moon
831,846,2004.0,Enduring Love
832,847,2001.0,Shania Twain: The Platinum Collection
833,848,1994.0,La Separation
834,849,1990.0,Mr. & Mrs. Bridge
835,850,2002.0,Stoked: The Rise and Fall of Gator
836,851,1990.0,Back to the Future Part III
837,852,1989.0,Disorganized Crime
838,853,1993.0,Dragonball: The Magic Begins
839,854,1984.0,Wes Craven's Invitation to Hell
840,855,2001.0,Bruiser
841,856,2000.0,Devil in the Flesh 2
842,857,1963.0,The Three Stooges Go Around the World in a Daze
843,858,2002.0,Sports Illustrated Swimsuit Edition: 2002
844,859,1982.0,Creepshow
845,860,2001.0,Crime Partners
846,861,2003.0,Rush: Rush in Rio
847,862,2002.0,Tuck Everlasting
848,863,1990.0,King of New York: Special Edition (Full-screen)
849,864,2001.0,Laughing Out Loud: Vol. 1
850,865,2005.0,Elvis by the Presleys
851,866,1975.0,Starsky & Hutch: Season 1
852,867,2003.0,My Dream Girl
853,868,1996.0,La Promesse
854,869,1998.0,Without Limits: NASA Test Projects
855,870,2005.0,H.G. Wells and the War of the Worlds: A Documentary
856,871,1984.0,The Jewel in the Crown
857,872,1954.0,Seven Samurai
858,873,2003.0,Boys Life 4: Four Play
859,874,2004.0,Elvis Costello & the Imposters: Live in Memphis
860,875,1998.0,Zakhm
861,876,2001.0,Super Gals
862,877,1999.0,A Love Divided
863,878,2000.0,Short: International Release #2
864,879,1976.0,Mikey and Nicky
865,880,1994.0,Sharpe 4: Sharpe's Enemy
866,881,1999.0,Mating Habits of the Earthbound Human
867,882,1996.0,Gloria Estefan: Evolution Tour: Live in Miami
868,883,1992.0,Deep Cover
869,884,1991.0,Cup Final
870,885,2003.0,The Maldonado Miracle
871,886,2004.0,Ray
872,887,2005.0,Monster-in-Law: Bonus Material
873,888,2001.0,Discovering Australia
874,889,2004.0,Reno 911: Season 2
875,890,1999.0,Harsh Realm: The Complete Series
876,892,1965.0,The Bedford Incident
877,893,2003.0,Blue's Clues: Classic Clues
878,894,1999.0,The Muse
879,895,1975.0,Dersu Uzala
880,896,1995.0,Dangerous Minds
881,897,2004.0,Bride and Prejudice
882,898,2000.0,The Body
883,899,2003.0,Out of Ireland: The Hit Songs and Artists of Irish Music
884,900,1994.0,Eat Drink Man Woman
885,901,1950.0,Diary of a Country Priest
886,902,2004.0,Fascination
887,903,2000.0,Hamlet
888,904,2004.0,Gargoyles
889,905,2005.0,Remedy
890,906,1969.0,Benny Hill: Complete and Unadulterated: The Naughty Early Years: Set 1
891,907,1930.0,Animal Crackers
892,908,1981.0,Sense and Sensibility
893,909,1990.0,Too Young to Die
894,910,1940.0,Santa Fe Trail
895,911,1939.0,Buck Rogers
896,912,2002.0,Angelina Ballerina: Friends Forever
897,914,1996.0,R.E.M.: Road Movie
898,915,2001.0,Haven
899,916,1994.0,Earth 2: The Complete Series
900,917,2003.0,String Cheese Incident: Live at the Fillmore
901,918,1964.0,A Hard Day's Night: Collector's Series
902,919,2002.0,Comedian
903,920,1968.0,Satanis: The Devil's Mass / Sinthia: The Devil's Doll: Double Feature
904,921,1952.0,Don't Bother to Knock
905,922,2004.0,Gojoe: Spirit War Chronicle
906,923,2004.0,Giant Robo
907,924,1981.0,Taxi Zum Klo
908,925,1936.0,Dodsworth
909,926,2002.0,Fear Of A Punk Planet
910,927,1991.0,Danielle Steel's Changes
911,928,1997.0,The Night That Never Happened
912,929,2002.0,Journeys with George
913,930,1987.0,Back to the Beach
914,931,1998.0,Another Day in Paradise
915,932,1992.0,Where Are We?
916,933,2005.0,Backyardigans: It's Great to Be a Ghost
917,934,1954.0,River of No Return
918,935,2003.0,Read Or Die
919,936,1990.0,A Dangerous Man: Lawrence After Arabia
920,937,1998.0,Fallen
921,938,2002.0,Scarecrow
922,939,2003.0,Midsomer Murders: A Tale of Two Hamlets
923,940,1997.0,Hercules
924,941,1998.0,Screw Loose
925,942,1994.0,The Pagemaster
926,943,2004.0,Dave Chappelle: For What It's Worth
927,945,1952.0,The Duel at Silver Creek
928,946,2002.0,Sex and the Teenage Mind
929,947,1965.0,The Cincinnati Kid
930,948,2002.0,Aap Mujhe Achche Lagne Lage
931,949,1997.0,Henry Fool
932,950,1998.0,Explosive Dance
933,951,2001.0,Richard Rodgers: The Sweetest Sounds
934,952,1940.0,My Favorite Wife
935,953,1966.0,Fahrenheit 451
936,954,2003.0,I Capture the Castle
937,955,1997.0,Rhyme & Reason
938,956,1994.0,Blankman
939,957,1966.0,Lost in Space: Season 2: Vol. 1
940,958,2003.0,World Cup Soccer Highlights: 1966-1974
941,959,2002.0,Jay Jay the Jet Plane: Lessons for All Seasons
942,960,1960.0,The Unforgiven
943,961,1957.0,Love in the Afternoon
944,962,2002.0,I Spy
945,963,1951.0,A Streetcar Named Desire
946,964,2001.0,The Tick: The Entire Series
947,965,1985.0,Metropolitan Opera: Puccini: Tosca
948,966,1996.0,Young and Dangerous 2
949,967,2004.0,Main Hoon Na
950,968,1993.0,Dottie Gets Spanked
951,969,1995.0,Stripteaser
952,970,2004.0,Yesterday Once More
953,971,2002.0,Unprecedented: The 2000 Presidential Election
954,972,2003.0,Ben Harper: Live at the Hollywood Bowl
955,974,1941.0,The Devil and Daniel Webster
956,975,1997.0,Convict 762
957,976,2003.0,Tom and Jerry: Paws for a Holiday
958,977,2000.0,Our Lady of the Assassins
959,978,2000.0,Yi Yi
960,979,1990.0,A Moment of Romance
961,980,1994.0,The Swan Princess
962,981,1989.0,How I Got into College
963,982,2001.0,Dil Chahta Hai
964,983,1997.0,Wishful Thinking
965,984,1958.0,The Young Lions
966,985,1999.0,The Mummy
967,986,2002.0,The Trip
968,987,1978.0,Rescue from Gilligan's Island
969,988,1951.0,Operation Pacific
970,989,2004.0,The Door in the Floor
971,990,1941.0,Meet John Doe
972,991,1997.0,Burn Up Excess: Vol. 2: Crimes and Missed Demeanors
973,992,1972.0,The Cowboys
974,993,1994.0,The Shadow
975,994,1984.0,Children of the Corn
976,995,2004.0,Dark Town
977,996,1961.0,Yojimbo
978,997,1963.0,Miracle of the White Stallions
979,998,2002.0,Frida: Bonus Material
980,999,1994.0,The Favor
981,1000,2002.0,Jim Breuer: Hardcore
982,1001,2001.0,Blow Dry
983,1002,2001.0,The Cazalets
984,1003,2001.0,Basic Elements: My Complete Fitness Guide
985,1004,2003.0,Bookies
986,1005,2003.0,Only the Strong Survive
987,1006,1996.0,Inspector Morse 30: The Daughters of Cain
988,1007,1996.0,America's Dream
989,1008,1996.0,Ken Burns' The West
990,1009,1997.0,Judaai
991,1011,1983.0,All the Right Moves
992,1012,1960.0,13 Ghosts
993,1013,2005.0,My Scene Goes Hollywood: The Movie
994,1014,1993.0,Pretty Boy
995,1016,1976.0,The Killer Inside Me
996,1017,1955.0,I Love Lucy: Season 5
997,1018,1960.0,Le Petit Soldat
998,1019,2001.0,Diamond Hunters
999,1020,1989.0,The Simpsons: Season 1
1000,1021,1984.0,Cloak & Dagger
1001,1022,1993.0,The Snapper
1002,1023,1997.0,Sesame Street: Elmo Saves Christmas
1003,1024,1976.0,The Return of a Man Called Horse
1004,1025,2004.0,The Eye 2
1005,1026,1985.0,Silver Bullet
1006,1027,1993.0,Rising Sun
1007,1028,2003.0,The Educational Archives: Vol. 1: Sex & Drugs
1008,1029,1995.0,Tromeo and Juliet
1009,1030,1974.0,Frank Sinatra: The Main Event
1010,1031,1999.0,Poirot: The Murder of Roger Ackroyd
1011,1032,1992.0,Hard Boiled
1012,1033,1999.0,Spy Games
1013,1034,2000.0,The New Eve
1014,1035,1994.0,Disclosure
1015,1036,1999.0,Coral Sea Dreaming
1016,1037,1978.0,Attack of the Killer Tomatoes
1017,1038,2000.0,Boogiepop Phantom
1018,1039,1997.0,Lawn Dogs
1019,1040,2004.0,Thomas & Friends: Thomas's Snowy Surprise
1020,1041,2000.0,Baby Mozart
1021,1042,1996.0,Forgotten Silver
1022,1043,1987.0,Outrageous Fortune
1023,1044,1968.0,The Party
1024,1045,1988.0,For Keeps
1025,1046,2003.0,Uptown Girls
1026,1047,2000.0,Aimee and Jaguar
1027,1048,1997.0,Year of the Horse: Neil Young & Crazy Horse Live
1028,1049,1991.0,The Object of Beauty
1029,1050,1982.0,Annie: Special Anniversary Edition
1030,1051,1994.0,Blue Chips
1031,1052,1952.0,The Jack Benny Show: Vol. 1
1032,1053,1997.0,Mysteries of Magic: Vol. 1
1033,1054,1986.0,Odin: Photon Space Sailer Starlight
1034,1055,1977.0,The Duellists
1035,1056,1962.0,The War Lover
1036,1057,1989.0,Doctor Who: Ghost Light
1037,1059,2000.0,Extreme Bloopers: Sports Gone Wrong
1038,1060,2005.0,King's Ransom
1039,1061,2004.0,Spider-Man vs. Doc Ock
1040,1062,1974.0,California Split
1041,1063,1995.0,Hemp Revolution
1042,1064,1983.0,Armored Trooper Votoms Stage 2: Kummen Jungle Wars
1043,1065,2001.0,Jackpot
1044,1066,1978.0,Superman: The Movie
1045,1067,1956.0,Earth vs. The Flying Saucers
1046,1068,1998.0,Ringu
1047,1069,2003.0,The Inspector Lynley Mysteries: A Suitable Vengeance
1048,1070,2000.0,Bangkok Dangerous
1049,1071,1995.0,The Ice Princess
1050,1072,2000.0,As Time Goes By: Series 8
1051,1073,2005.0,Coach Carter
1052,1074,1946.0,The Postman Always Rings Twice
1053,1075,2001.0,Tape
1054,1076,2004.0,American Chopper: Season 2
1055,1077,1945.0,Leave Her to Heaven
1056,1078,2000.0,After the Storm
1057,1079,1991.0,The Gambler Returns: The Luck of the Draw
1058,1080,2002.0,Hysterical Blindness
1059,1081,2002.0,Back by Midnight
1060,1082,1997.0,Flood: A River's Rampage
1061,1083,1962.0,Tales of Terror
1062,1084,2001.0,Walking with Prehistoric Beasts
1063,1085,2003.0,Bright Leaves
1064,1086,1938.0,Three Stooges: Stooges at Work
1065,1087,1994.0,Monkey Trouble
1066,1088,1980.0,Hammer House of Horror
1067,1089,2000.0,The Land Before Time VII: Stone of Cold Fire
1068,1090,1997.0,Eel
1069,1091,1980.0,Dostana
1070,1092,1996.0,Thin Line Between Love & Hate
1071,1093,1980.0,The Leg Fighters
1072,1094,2002.0,Nicholas Nickleby
1073,1096,1989.0,Harlem Nights
1074,1097,2005.0,Winning Strategies: Texas Hold 'Em Poker with Mike Caro
1075,1098,1965.0,The Battle of Algiers
1076,1099,1983.0,Confidentially Yours
1077,1100,2000.0,Dr. T & the Women
1078,1101,1976.0,The Slipper and the Rose
1079,1102,2001.0,Training Day
1080,1103,1997.0,Jane Eyre
1081,1104,1983.0,Krull
1082,1105,1993.0,RoboCop 3
1083,1106,1998.0,Virtual Girl
1084,1107,2004.0,NBA Street Series: Ankle Breakers: Vol. 2
1085,1108,2000.0,Dr. Andrew Weil: 8 Weeks to Optimum Health & Spontaneous Healing
1086,1109,1964.0,My Fair Lady: Special Edition: Bonus Material
1087,1110,2003.0,Secondhand Lions
1088,1111,1972.0,Cries and Whispers
1089,1112,1957.0,The Delicate Delinquent
1090,1113,1998.0,Lost Universe
1091,1114,1929.0,Hell's Angels
1092,1115,1991.0,Hammers Over the Anvil
1093,1116,1984.0,Runaway
1094,1117,1991.0,Vegas in Space
1095,1118,1980.0,Moscow Does Not Believe in Tears
1096,1119,2005.0,Pink Floyd: Inside Pink Floyd: A Critical Review 1975-1996
1097,1120,1982.0,Quest for Fire
1098,1121,2001.0,MVP 2:  Most Vertical Primate
1099,1122,1980.0,The Attic / Crawl Space (Double Feature)
1100,1123,1993.0,Dragon: The Bruce Lee Story
1101,1124,1932.0,Rain
1102,1125,2001.0,Automotive Series: Porsche
1103,1126,2003.0,Uncovered: The Whole Truth About the Iraq War
1104,1127,1973.0,Clive Barker's Salome / The Forbidden
1105,1128,1971.0,Sweet Sweetback's Baadasssss Song
1106,1129,1935.0,Mutiny on the Bounty
1107,1130,1991.0,Impromptu
1108,1131,1965.0,Chained Girls / Daughters of Lesbos: Double Feature
1109,1132,1994.0,Romeo is Bleeding
1110,1133,2003.0,Malibu Spring Break
1111,1134,2005.0,Empire Falls
1112,1135,1996.0,Paradise Lost: The Child Murders at Robin Hood Hills
1113,1136,1993.0,Naked
1114,1137,2004.0,Artie Lange: It's the Whiskey Talkin'
1115,1138,2003.0,Freddy vs. Jason
1116,1139,2003.0,Wolf's Rain
1117,1140,1996.0,To Gillian on her 37th Birthday
1118,1141,2004.0,Kyun! Ho Gaya Na
1119,1142,1981.0,Polyester
1120,1143,1943.0,Phantom of the Opera
1121,1144,1991.0,Fried Green Tomatoes
1122,1145,2001.0,The Wedding Planner
1123,1146,1983.0,Fearless Hyena 1 / Fearless Hyena 2
1124,1147,1983.0,To the Lighthouse
1125,1148,1981.0,For Your Eyes Only
1126,1149,2001.0,Electric Light Orchestra: Zoom Tour Live
1127,1150,2000.0,Hate.com
1128,1151,2001.0,Valentine
1129,1152,1999.0,Charisma
1130,1153,1943.0,On Approval
1131,1154,1971.0,Twitch of the Death Nerve
1132,1155,1980.0,Magnum P.I.: Season 1
1133,1156,2004.0,Being Ron Jeremy
1134,1157,1997.0,Chinese Box
1135,1158,2004.0,I Do (But I Don't)
1136,1159,1961.0,Rocky & Bullwinkle: The Best of Fractured Fairy Tales: Vol. 1
1137,1160,1999.0,In Too Deep
1138,1161,2000.0,Take Me Home: The John Denver Story
1139,1162,2003.0,Onmyoji 2
1140,1163,1984.0,2010: The Year We Make Contact
1141,1164,1980.0,Return of the Secaucus 7
1142,1165,1999.0,Witness Protection
1143,1166,1950.0,Great Rupert
1144,1167,1999.0,La Buche
1145,1168,2004.0,Rodney Dangerfield: No Respect: The Ultimate Collection
1146,1169,1997.0,Bjork: Shepherds Bush Empire
1147,1171,2001.0,RoboCop: Crash and Burn
1148,1172,1998.0,Krippendorf's Tribe
1149,1173,1999.0,Walking with Dinosaurs
1150,1174,1993.0,The Sandlot
1151,1175,1984.0,Repo Man
1152,1176,2001.0,The Devil's Backbone
1153,1177,2004.0,Essential Music Videos: Totally 80s
1154,1178,1932.0,Boudu Saved from Drowning
1155,1179,1997.0,The Education of Little Tree
1156,1180,2001.0,A Beautiful Mind
1157,1181,2003.0,Rolie Polie Olie: Springy-Time Fun
1158,1182,1978.0,Gray Lady Down
1159,1183,1980.0,Night of the Hunted
1160,1184,2004.0,The Wizard of Oz
1161,1185,1998.0,Mischievous
1162,1186,1939.0,Jamaica Inn
1163,1187,1971.0,The Abominable Dr. Phibes
1164,1188,2002.0,A Little Inside
1165,1189,1986.0,Aida: Giuseppe Verdi: Teatro Alla Scala
1166,1190,1996.0,The Late Shift
1167,1191,1997.0,Most Wanted
1168,1192,2004.0,Masters of Poker: Phil Hellmuth's Million Dollar Texas Hold'em Tournament Strategies
1169,1193,1998.0,Beloved
1170,1194,1997.0,Fall
1171,1195,1988.0,Madonna: The Girlie Show: Live Down Under
1172,1196,2004.0,Secrets of Lost Empires 2: Medieval Siege
1173,1197,1999.0,50 Years: The Best of Hollywood
1174,1198,1971.0,The Cat O'Nine Tails
1175,1199,1975.0,Queen of the Stardust Ballroom
1176,1200,1999.0,Teaching Mrs. Tingle
1177,1201,1991.0,True Colors
1178,1202,1983.0,National Lampoon's Vacation
1179,1203,1963.0,The Andy Griffith Show: Vol 3: Andy Discovers America / Andy's English Valet
1180,1204,1990.0,Iron & Silk
1181,1205,1994.0,Dragstrip Girl
1182,1206,2005.0,Bratz: Rock Angelz
1183,1207,1962.0,Experiment in Terror
1184,1208,1963.0,The Twilight Zone: Vol. 15
1185,1209,1976.0,Swashbuckler
1186,1211,2004.0,Modigliani
1187,1212,1988.0,Red Dwarf: Series 2: Bonus Material
1188,1213,1999.0,VeggieTales: Madame Blueberry
1189,1214,1972.0,Bawarchi
1190,1215,1987.0,Walk Like a Man
1191,1216,1993.0,Fire in the Sky
1192,1217,2001.0,Dragon Tales: Let's Share! Let's Play!
1193,1218,1972.0,Frenzy
1194,1219,2003.0,Blind Shaft
1195,1220,2004.0,Man on Fire
1196,1221,1980.0,Seems Like Old Times
1197,1222,1979.0,Little House on the Prairie: Season 6
1198,1223,1999.0,Hard
1199,1224,1947.0,The Ghost and Mrs. Muir
1200,1225,2000.0,Jim Breuer: Heavy Metal Comedy
1201,1226,1971.0,Summer of '42
1202,1227,2005.0,The Horror Within
1203,1228,2004.0,The Carol Burnett Show: Let's Bump Up the Lights!
1204,1229,1994.0,Speechless
1205,1230,2005.0,Carlos Mencia: Not for the Easily Offended: Live in San Jose
1206,1231,1999.0,Batman Beyond: Tech Wars / Disappearing Inque
1207,1232,1927.0,It
1208,1233,2002.0,Repli-Kate
1209,1234,1994.0,Crooklyn
1210,1235,1998.0,The Great Battles of World War II: Battle of Russia
1211,1236,2002.0,Ali G Indahouse
1212,1237,1999.0,The Stars of Star Wars
1213,1238,1984.0,The Pope of Greenwich Village
1214,1239,1973.0,The Arena
1215,1240,1950.0,Destination Moon
1216,1241,1945.0,The Story of G.I. Joe
1217,1242,2005.0,Billy Blanks: Tae Bo: Fat Blasting Cardio
1218,1243,1998.0,La Femme Nikita: Season 2
1219,1244,2002.0,Sex with Strangers
1220,1245,1994.0,Threesome
1221,1246,1994.0,Gunmen
1222,1247,2005.0,Warren Miller's Impact
1223,1248,2002.0,The Real Eve
1224,1249,1978.0,Taxi: Season 1
1225,1250,1996.0,Brassed Off
1226,1251,2002.0,Frankenthumb
1227,1252,1975.0,The Story of O
1228,1253,1949.0,The Barkleys of Broadway
1229,1254,1957.0,Designing Woman
1230,1255,1985.0,Better Off Dead
1231,1256,1994.0,The Best of Friends: Vol. 4
1232,1257,2003.0,Tupperware!: American Experience
1233,1258,1942.0,Wake Island
1234,1259,2002.0,David Gilmour in Concert
1235,1260,1999.0,Journey to the Center of the Earth
1236,1261,2005.0,Mojados: Through the Night
1237,1262,1982.0,Dead Men Don't Wear Plaid
1238,1263,1979.0,Snake & Crane Arts of Shaolin
1239,1264,2000.0,The Closet
1240,1265,1971.0,Women in Cages
1241,1266,2003.0,Ghosts of the Abyss
1242,1267,2001.0,Dr. Dolittle 2
1243,1268,2005.0,Martha Stewart Holidays: Homemade Holidays
1244,1269,1991.0,29th Street
1245,1270,2000.0,The Great Gatsby
1246,1271,1939.0,Drums Along the Mohawk
1247,1272,1953.0,Island in the Sky
1248,1273,1999.0,The Thrill Seekers
1249,1274,1984.0,At Close Range
1250,1275,2004.0,NBA Street Series: Dunks!: Vol. 2
1251,1276,1978.0,Challenge of the Superfriends: Attack of the Legion of Doom
1252,1277,1988.0,Red Dwarf: Series 3
1253,1278,1990.0,The Field
1254,1279,1969.0,The Hee Haw Collection
1255,1280,1989.0,Campion: Look to the Lady
1256,1281,1986.0,Royal Warriors
1257,1282,2002.0,Blind Spot: Hitler's Secretary
1258,1283,2001.0,Inch' Allah Dimanche
1259,1284,2000.0,Foul King
1260,1285,2001.0,Phase IV
1261,1287,1977.0,Breaker Breaker
1262,1288,2004.0,10 Minute Solution: Pilates
1263,1289,1990.0,Look Who's Talking Too
1264,1290,2000.0,Hitler's Lost Sub: Nova
1265,1291,1960.0,The Twilight Zone: Vol. 19
1266,1292,2002.0,Ararat
1267,1293,1996.0,Children of the Corn 4: The Gathering
1268,1294,2004.0,The Gunman
1269,1295,1983.0,Strange Brew
1270,1296,1994.0,No Ordinary Love
1271,1297,1999.0,Agnes Browne
1272,1298,2000.0,Hellraiser V: Inferno
1273,1299,1972.0,Scooby-Doo Meets Batman
1274,1300,1973.0,Return of the Dragon
1275,1301,2000.0,Chasing Sleep
1276,1302,1983.0,The Indomitable Teddy Roosevelt
1277,1303,2001.0,Horse Crazy
1278,1304,2003.0,Moon Child
1279,1305,2003.0,Thirteen
1280,1306,2005.0,Baby Einstein: Baby Monet: Discovering the Seasons
1281,1307,2003.0,S.W.A.T.
1282,1308,1959.0,No Name on the Bullet
1283,1309,1982.0,Jammin' with the Blues Greats
1284,1310,2002.0,Revelation
1285,1311,2005.0,Platinum Comedy Series: Earthquake: About Got Damm Time!
1286,1312,1990.0,The Prisoner
1287,1313,2004.0,The Wiggles: Wiggle Time
1288,1314,1990.0,Presumed Innocent
1289,1315,2001.0,Guns and Talks
1290,1316,2003.0,Voices of a Distant Star
1291,1317,1961.0,King of Kings
1292,1318,1985.0,Baby: Secret of the Lost Legend
1293,1319,1986.0,Nomads
1294,1320,1965.0,Baby the Rain Must Fall
1295,1321,2005.0,Midori Days
1296,1322,2001.0,Yosemite: The World's Most Spectacular Valley
1297,1323,1997.0,Afterglow
1298,1324,1994.0,The Professional
1299,1325,2000.0,Por La Libre
1300,1326,2000.0,Madonna: Music
1301,1327,1937.0,You Only Live Once
1302,1328,2004.0,Stellaluna
1303,1329,1998.0,He Got Game
1304,1330,2004.0,Extreme Engineering: Subways in America
1305,1331,1993.0,Happily Ever After
1306,1332,1954.0,Sherlock Holmes
1307,1333,1980.0,Mother's Day
1308,1334,1999.0,Freeway 2: Confessions of a Trickbaby
1309,1335,2002.0,Paul McCartney: Back in the U.S.
1310,1336,1994.0,Wolf
1311,1337,2004.0,Voltage Fighter Gowcaizer
1312,1338,1964.0,The Patsy
1313,1339,1982.0,Fat Albert's Easter Special
1314,1340,1993.0,Strapped
1315,1341,2004.0,Bob Hope: The Ultimate Collection
1316,1342,2003.0,Bog Creatures
1317,1343,1999.0,Strange Planet
1318,1344,2003.0,Apollo 11: Men on the Moon
1319,1345,1996.0,Tierra
1320,1346,1967.0,The Gnome-Mobile
1321,1347,2000.0,Angel Sanctuary
1322,1348,2000.0,The Last Stop
1323,1349,2003.0,Baby Human
1324,1350,2000.0,Midsomer Murders: Blue Herrings
1325,1351,2002.0,Yes: Symphonic Live
1326,1352,2003.0,Homeless to Harvard
1327,1353,1958.0,Mon Oncle
1328,1354,1968.0,Targets
1329,1355,2004.0,Family Business: Season 2
1330,1356,1980.0,Too Close for Comfort: Season 1
1331,1357,2003.0,Stargate SG-1: Season 7
1332,1358,2002.0,Empires: Martin Luther
1333,1359,1975.0,Funny Lady
1334,1360,2003.0,Emmanuelle in Rio
1335,1361,2002.0,Play'd: A Hip-Hop Story
1336,1362,2003.0,NHL Stanley Cup 2003
1337,1363,1993.0,Leprechaun
1338,1364,2003.0,Normal
1339,1365,1998.0,Kurt & Courtney
1340,1366,2001.0,Tempted
1341,1367,1993.0,The Piano
1342,1368,2002.0,Ozzy Osbourne: Double O: Unauthorized
1343,1369,1996.0,Breeders
1344,1370,1976.0,Marathon Man
1345,1371,1994.0,Death Machine
1346,1372,2002.0,Liberty Stands Still
1347,1373,1993.0,The Program
1348,1374,2004.0,Profile of a Serial Killer
1349,1375,2002.0,Food of Love
1350,1376,2004.0,The Vicar of Dibley: 10th Anniversary Specials
1351,1377,1958.0,The Bat / House on Haunted Hill
1352,1378,2003.0,Breakthru Pilates Sculpt
1353,1379,2003.0,Dancing to New Orleans
1354,1380,1991.0,Mobile Suit Gundam: F91: The Motion Picture
1355,1381,1995.0,Mouth to Mouth
1356,1382,2005.0,Jet Li and the Legend of Wong Fei Hung: Unconquered / Tiger of Canton / Southern Fist Kung Fu
1357,1383,1998.0,God.com
1358,1384,1973.0,Walking Tall
1359,1385,1972.0,Greaser's Palace
1360,1386,2002.0,Video Visits: China
1361,1387,1999.0,The Girl Next Door
1362,1388,1983.0,Spring Symphony
1363,1389,2003.0,Baby Neptune: Discovering Water
1364,1390,2005.0,Ben Franklin
1365,1391,1993.0,Yanni: Live at the Acropolis
1366,1392,2002.0,Live From Baghdad
1367,1393,1998.0,Mr. Murder
1368,1394,1999.0,Bringing Out the Dead
1369,1395,1963.0,Charade
1370,1396,2004.0,Kaleido Star
1371,1397,2004.0,Beethoven: The Sound and the Fury
1372,1398,1999.0,Dangerous Evidence: The Lori Jackson Story
1373,1399,1984.0,1984
1374,1400,2000.0,Britney Spears: Britney in Hawaii: Live and More
1375,1401,1992.0,Passion Fish
1376,1402,1993.0,Inspector Morse 28: Twilight of the Gods
1377,1403,2000.0,Komodo
1378,1404,1985.0,Ray Bradbury Theater
1379,1405,1961.0,Cleo from 5 to 7
1380,1406,1991.0,Hook
1381,1407,1921.0,Orphans of the Storm
1382,1408,1999.0,The Limey
1383,1409,2003.0,The O.C.: Season 1
1384,1410,1974.0,Muhammad Ali: The Greatest 1964 - 74
1385,1411,2001.0,China: The Panda Adventure: IMAX
1386,1412,2001.0,Sordid Lives
1387,1413,1998.0,The Life and Times of Hank Greenberg
1388,1414,2003.0,Manhood
1389,1415,1933.0,W.C. Fields: International House
1390,1416,2003.0,Beckett on Film
1391,1417,2002.0,Shakedown
1392,1418,2002.0,Inu-Yasha: The Movie 3: Swords of an Honorable Ruler
1393,1419,1975.0,Madame Bovary
1394,1420,2000.0,Uncle Saddam
1395,1421,1981.0,My Dinner with Andre
1396,1422,2005.0,Casino: 10th Anniversary Edition: Bonus Material
1397,1423,1999.0,Blind Date: Freaks & Weirdos Uncensored
1398,1424,2000.0,Beautiful Joe
1399,1425,1987.0,No Way Out
1400,1426,1994.0,Go Fish
1401,1427,1998.0,Sweepers
1402,1428,2003.0,The Recruit
1403,1429,2004.0,The Halfway House: Special Edition (Unrated Director's Cut)
1404,1430,2001.0,The House Next Door
1405,1431,1998.0,Legalese
1406,1432,1999.0,Ride with the Devil
1407,1433,1942.0,Casablanca: Bonus Material
1408,1434,1992.0,Are You Being Served? Again: The Complete Series
1409,1435,2001.0,Wallace & Gromit in Three Amazing Adventures
1410,1436,1939.0,Seabiscuit: The Lost Documentary
1411,1437,1982.0,The Marx Brothers in a Nutshell
1412,1438,1999.0,Children of the Corn 666: Isaac's Return
1413,1439,2002.0,The Three Pickers
1414,1440,2004.0,Overhaulin': Season 1
1415,1441,1998.0,Stargate SG-1: Season 2
1416,1442,2001.0,Sade: Life Promise Pride Love
1417,1443,1987.0,21 Jump Street: Season 2
1418,1444,2001.0,Pride FC: The Return of the Warriors
1419,1445,2005.0,Street Fighter Alpha: Generations
1420,1446,1997.0,Waco: The Rules of Engagement
1421,1447,2000.0,Gangster No. 1
1422,1448,1999.0,Blue Submarine 6
1423,1449,1996.0,The Gingko Bed
1424,1450,1993.0,Geronimo: An American Legend
1425,1451,1976.0,The Big Bus
1426,1452,2001.0,Perfume
1427,1453,1996.0,Van Halen: Video Hits: Vol. 1
1428,1454,2004.0,Fangoria Blood Drive
1429,1455,2003.0,Belly of the Beast
1430,1456,1995.0,Nina Takes a Lover
1431,1457,1973.0,The White Seal / A Cricket in Times Square
1432,1458,1936.0,Popeye
1433,1459,2001.0,Dark Asylum
1434,1460,1996.0,Soul of the Game
1435,1461,2002.0,Gravion
1436,1462,2004.0,Funny Ladies of British Comedy
1437,1463,1982.0,Britannia Hospital
1438,1464,2001.0,Pistol Opera
1439,1465,2001.0,Hysteria: The Def Leppard Story
1440,1466,1969.0,Midnight Cowboy
1441,1467,1993.0,Three Musketeers
1442,1468,1968.0,The Diamond Arm
1443,1469,2000.0,Girls Can't Swim
1444,1470,2002.0,Bend It Like Beckham
1445,1471,2004.0,Voices of Iraq
1446,1472,2004.0,The Stink of Flesh
1447,1473,2004.0,Sesame Street: Learning About Letters
1448,1474,2003.0,Classic Country Comedy
1449,1475,1990.0,Brain Dead
1450,1476,2004.0,Six Feet Under: Season 4
1451,1477,1969.0,Aradhana
1452,1478,2002.0,Colin's Sleazy Friends Rocks
1453,1479,2002.0,Man on the Train
1454,1480,1988.0,Cold Summer of 1953
1455,1481,2001.0,Porn Star: The Legend of Ron Jeremy
1456,1482,2003.0,Beyond Borders
1457,1483,2003.0,Interstella 5555 (Daft Punk)
1458,1484,1958.0,Fiend Without a Face
1459,1485,2002.0,Leaving Metropolis
1460,1486,2004.0,King Arthur: The Truth Behind the Legend
1461,1487,2003.0,Infernal Affairs III
1462,1488,1999.0,King of the Hill: Season 4
1463,1489,2002.0,American Adobo
1464,1490,2001.0,Knight Hunters Eternity
1465,1491,2004.0,Dream Theater: Live at Budokan
1466,1492,1984.0,Rhinestone
1467,1493,1980.0,John Lee Hooker: Live in Montreal: Montreal Jazz Festival
1468,1494,2000.0,Appalachian Journey: Yo-Yo Ma/Edgar Meyer/Mark O'Connor
1469,1495,2001.0,Alias: Season 1
1470,1496,2002.0,Korn: Kornography: Unauthorized Biography
1471,1497,2003.0,Red Water
1472,1498,2001.0,Johnny Winter: Pieces and Bits
1473,1499,2000.0,FLCL
1474,1500,1987.0,Miss Marple: Collection 2
1475,1501,1980.0,Forbidden Zone
1476,1502,1999.0,Superstar
1477,1503,1997.0,The Boxer
1478,1504,2001.0,Light of My Eyes
1479,1505,1964.0,Hamlet
1480,1506,2004.0,Paranoia Agent
1481,1507,1999.0,The Hunchback of Notre Dame
1482,1508,2000.0,Hand Maid May
1483,1509,2002.0,National Lampoon's Van Wilder
1484,1510,2002.0,Faith Hill: When the Lights Go Down
1485,1511,2000.0,On the Beach
1486,1512,2003.0,Blue's Clues: Blue's Room: Beyond Your Wildest Dreams!
1487,1513,1962.0,The Twilight Zone: Vol. 42
1488,1514,1987.0,Amazon Women on the Moon
1489,1515,2001.0,Jane Doe
1490,1516,2000.0,Peril
1491,1517,1999.0,Celebrities: Caught on Camera
1492,1518,1995.0,Casper
1493,1519,1981.0,Inseminoid
1494,1521,1955.0,The Trouble With Harry
1495,1522,1968.0,Teorema
1496,1523,1981.0,Dynasty: Season 1
1497,1524,1985.0,American Ninja
1498,1525,2001.0,Monkeybone
1499,1526,1982.0,The Pirate Movie
1500,1527,2003.0,Hawaiian Paradise
1501,1528,1992.0,Radio Flyer
1502,1529,2003.0,Hustle and Heat
1503,1530,2002.0,Rose Red
1504,1531,1996.0,The Crucible
1505,1532,1992.0,Mo' Money
1506,1533,1993.0,Darr
1507,1534,2005.0,Thomas & Friends: Thomas' Sodor Celebration
1508,1535,2005.0,Pooh's Heffalump Halloween Movie
1509,1536,1988.0,Fresh Horses
1510,1537,2002.0,Yes Nurse! No Nurse!
1511,1538,1999.0,Century of the Dragon
1512,1539,2002.0,Taboo: Season 1
1513,1540,1975.0,The Devil's Rain
1514,1541,2000.0,Battle Queen 2020
1515,1542,1993.0,Sleepless in Seattle
1516,1543,1995.0,Nick of Time
1517,1544,1976.0,The Duchess & The Dirtwater Fox
1518,1545,1998.0,The Dimension Travelers
1519,1546,2003.0,Second Nature
1520,1547,1939.0,The Women
1521,1548,1998.0,The Shanghai Affairs
1522,1549,1997.0,Deja Vu
1523,1550,2004.0,Call Me: The Rise and Fall of Heidi Fleiss
1524,1551,2004.0,Spider-Man 2: Bonus Material
1525,1552,1983.0,Black Adder
1526,1553,1995.0,Persuasion
1527,1554,1979.0,The 5th Musketeer
1528,1555,1953.0,The Little Fugitive
1529,1556,1932.0,A Farewell to Arms
1530,1557,2002.0,Dolls
1531,1558,1990.0,Rocky V
1532,1560,2004.0,Disney Princess Stories: Vol. 1: A Gift From the Heart
1533,1561,2003.0,American Wedding
1534,1562,2005.0,Chupacabra Terror
1535,1563,1992.0,To Grandmother's House We Go
1536,1564,1966.0,The Rare Breed
1537,1565,2004.0,Sarah Brightman Special: Harem: A Desert Fantasy
1538,1566,1996.0,Once a Thief
1539,1567,1981.0,Time Masters
1540,1568,2003.0,In the City
1541,1569,2000.0,The Bogus Witch Project
1542,1570,1999.0,School's Out
1543,1571,1982.0,Poltergeist
1544,1572,1973.0,Doctor Who: Carnival of Monsters
1545,1573,1999.0,The Omega Code
1546,1574,1965.0,Dr. Goldfoot and the Bikini Machine
1547,1575,2003.0,Muddy Waters Can't Be Satisfied
1548,1576,2004.0,Phir Milenge
1549,1577,2005.0,National Geographic: Predators at War
1550,1578,1995.0,Nine Months
1551,1579,2004.0,Shaolin Ulysses: Kung Fu Monks in America
1552,1580,1987.0,City on Fire
1553,1581,1997.0,Twilight of the Golds
1554,1582,1990.0,Stephen King's It!
1555,1583,2004.0,Moog
1556,1584,1988.0,Rammstein: Live Aus Berlin
1557,1585,2001.0,Joy Ride
1558,1586,1930.0,Marihuana / Assassin of Youth / Reefer Madness
1559,1587,1962.0,Harakiri
1560,1588,1997.0,Revolutionary Girl Utena
1561,1589,1988.0,Shoot to Kill
1562,1590,2001.0,Life as a House
1563,1591,1988.0,Count Duckula: Season 1
1564,1592,1992.0,Once Upon a Crime
1565,1593,1985.0,P.D. James: Cover Her Face
1566,1594,1962.0,Damn the Defiant
1567,1595,1949.0,The Third Man
1568,1596,1954.0,The High and the Mighty
1569,1597,2001.0,Cracking the Code of Life: Nova
1570,1598,2003.0,Manito
1571,1599,2000.0,Fantasia 2000
1572,1600,1995.0,Poison Ivy 2
1573,1601,2004.0,J.R.R. Tolkien and the Birth of The Lord of the Rings
1574,1602,2000.0,Dungeons & Dragons
1575,1603,1980.0,Eaten Alive
1576,1604,2004.0,Tae Guk Gi: The Brotherhood of War
1577,1605,1997.0,The River
1578,1606,1997.0,Til There Was You
1579,1607,2004.0,Superbabies: Baby Geniuses 2
1580,1608,1993.0,Silverlake Life: The View From Here: 10th Anniversary Edition
1581,1609,1984.0,Hunter: Season 1
1582,1610,1999.0,Get Real
1583,1611,1984.0,Dead Kennedys: DMPO's On Broadway
1584,1612,1967.0,Tony Rome
1585,1613,1973.0,Very Natural Thing
1586,1614,1997.0,First Degree
1587,1615,1995.0,The American President
1588,1616,1961.0,The Flintstones: Season 2
1589,1617,2004.0,Renegade
1590,1618,1984.0,Nausicaa of the Valley of the Wind
1591,1619,1985.0,The Journey of Natty Gann
1592,1620,2001.0,The Saddle Club: The First Adventure
1593,1621,2000.0,Richard Kern: Hardcore Collection
1594,1622,2004.0,Zhou Yu's Train
1595,1623,2003.0,Pokemon Advanced
1596,1624,1998.0,The Minion
1597,1625,1986.0,Aliens: Collector's Edition
1598,1626,1998.0,Suze Orman: 9 Steps to Financial Freedom
1599,1627,1940.0,The Shop Around the Corner
1600,1628,1982.0,The Barchester Chronicles
1601,1630,1976.0,The New Avengers: Season 1
1602,1631,1970.0,On a Clear Day You Can See Forever
1603,1632,2004.0,Mean Creek
1604,1633,1988.0,The Serpent and the Rainbow
1605,1634,1972.0,Snowball Express
1606,1635,1997.0,Striking Resemblance
1607,1636,1989.0,The Lady and the Highwayman
1608,1637,2002.0,Trapped
1609,1638,1966.0,The Fortune Cookie
1610,1639,1996.0,Battle Athletes: Vol. 1: On Your Mark
1611,1640,2002.0,Stakes
1612,1641,2002.0,Revenge
1613,1642,1995.0,Casino: 10th Anniversary Edition
1614,1643,2003.0,Rules: Pyaar Ka Superhit Formula
1615,1644,2003.0,Tom Dowd and the Language of Music
1616,1645,2003.0,The In-Laws
1617,1646,1983.0,The Dead Zone
1618,1648,1990.0,The Death of the Incredible Hulk
1619,1649,1978.0,Shalimar
1620,1650,1980.0,Nine to Five
1621,1651,1977.0,The People That Time Forgot
1622,1652,1961.0,The Twilight Zone: Vol. 37
1623,1653,2005.0,Spike & Mike's Sick & Twisted Festival of Animation: Caught in the Act
1624,1655,1988.0,Talk Radio
1625,1656,1998.0,Two Girls and a Guy
1626,1657,1995.0,Forbidden Games
1627,1659,1993.0,Grumpy Old Men
1628,1660,2000.0,SpongeBob SquarePants: Season 2
1629,1661,1976.0,The Bad News Bears
1630,1662,1954.0,Beat the Devil
1631,1663,1999.0,Hearst Castle: Building the Dream
1632,1664,1998.0,The King of Queens: Season 2
1633,1665,1998.0,Orgazmo
1634,1666,1995.0,The Brady Bunch Movie
1635,1667,2000.0,Best of Travels in Europe with Rick Steves: France
1636,1668,1982.0,Friday the 13th: Part 3
1637,1669,2003.0,Slayer: Still Reigning
1638,1670,2001.0,Schlock!: The Secret History of American Movies
1639,1671,2000.0,El Grito
1640,1672,2002.0,Mujhse Dosti Karoge
1641,1673,1991.0,Defending Your Life
1642,1675,1996.0,Oasis: There and Then
1643,1676,2000.0,MTV Cribs: Hip-Hop
1644,1677,1963.0,The Sadist
1645,1678,1989.0,Let It Ride
1646,1679,2000.0,The Clash: Westway to the World
1647,1680,2003.0,Into the Perilous Night: PTU
1648,1681,2003.0,The Tesseract
1649,1682,1997.0,Absolute Power
1650,1683,1994.0,The Lion King: Circle of Life: Sing-Along Songs
1651,1684,2003.0,What Alice Found
1652,1685,1996.0,First Option
1653,1686,1998.0,Riding the Rails: American Experience
1654,1687,2003.0,Eloise at the Plaza
1655,1688,1993.0,To Sleep With a Vampire
1656,1689,2003.0,Concert for George
1657,1690,2000.0,Savage Garden: Superstars and Cannonballs
1658,1691,2002.0,Lupin the 3rd
1659,1692,1989.0,Lonesome Dove
1660,1693,1998.0,Sphere
1661,1694,1999.0,A Lesson Before Dying
1662,1695,1985.0,Target
1663,1696,1999.0,Backstreet Boys: Backstreet Stories
1664,1697,2002.0,Wire in the Blood: The Mermaids Singing
1665,1698,1999.0,Escape from Alaska
1666,1699,2004.0,How the West Was Fun
1667,1700,1996.0,Bottle Rocket
1668,1701,1995.0,Out-of-Sync
1669,1702,1991.0,Superstar: The Life and Times of Andy Warhol
1670,1703,1998.0,Ever After: A Cinderella Story
1671,1704,2004.0,The Three Musketeers
1672,1705,2004.0,Agatha Christie's Marple: Series 1
1673,1706,2004.0,Strings
1674,1707,2004.0,Outfoxed: Rupert Murdoch's War on Journalism
1675,1708,1936.0,Modern Times
1676,1709,1981.0,Clash of the Titans
1677,1710,2005.0,Dora the Explorer: Super Babies
1678,1711,2002.0,13 Moons
1679,1712,2004.0,Chronos: Special Edition
1680,1713,1988.0,Patlabor: The Mobile Police: Original Series
1681,1714,2001.0,Jodi No. 1
1682,1715,2005.0,Confessions of an American Bride
1683,1716,1983.0,The Hound of the Baskervilles
1684,1717,2002.0,Bear in the Big Blue House: Heroes of Woodland Valley
1685,1718,1994.0,Clifford
1686,1719,2004.0,The Life Aquatic with Steve Zissou
1687,1720,2002.0,Tony Bennett's Wonderful World: Live in San Francisco
1688,1721,2002.0,Waking Up in Reno
1689,1722,1944.0,Henry V
1690,1723,2000.0,Spiders
1691,1724,1957.0,The Real McCoys
1692,1725,2003.0,Ben & Arthur
1693,1726,2003.0,Travellers and Magicians
1694,1727,2004.0,Adored: Diary of a Porn Star
1695,1728,1987.0,Married... with Children: The Most Outrageous Episodes: Vol. 2
1696,1729,1999.0,Roughnecks: The Starship Troopers Chronicles: The Zephyr Campaign
1697,1730,1995.0,Dragon Ball: Piccolo Jr. Saga: Part 1
1698,1731,2003.0,Jackie Chan: Who is He?
1699,1732,1986.0,Reform School Girls
1700,1733,2001.0,Tom and Jerry: The Magic Ring
1701,1734,2003.0,Young Black Stallion
1702,1735,1974.0,Amarcord
1703,1736,1995.0,One Man's Justice
1704,1737,2002.0,Burn Up Excess: Vol. 3: Under the Gun
1705,1738,2004.0,You I Love
1706,1739,1952.0,The Importance of Being Earnest
1707,1740,2001.0,Say Nothing
1708,1741,1999.0,Cowboy Bebop Remix
1709,1742,2003.0,High Life
1710,1743,1979.0,The Warriors
1711,1744,1984.0,Beverly Hills Cop
1712,1746,1994.0,Bob Roberts
1713,1747,1969.0,Hello Down There
1714,1748,2004.0,Happily Ever After: Fairy Tales for Every Child
1715,1749,1947.0,Angel and the Badman
1716,1750,1962.0,Beast From Haunted Cave/The Brain That Wouldn't Die
1717,1751,1998.0,L'Ennui
1718,1753,2004.0,Making Marines
1719,1754,1984.0,Sixteen Candles
1720,1755,1989.0,Prom Night III / Prom Night IV: Double Feature
1721,1756,1974.0,Murder on the Orient Express
1722,1757,1978.0,The Lord of the Rings
1723,1758,2005.0,Thomas & Friends: Hooray for Thomas
1724,1759,1990.0,Into the Woods
1725,1760,1991.0,Switch
1726,1761,1991.0,Lamhe
1727,1762,2005.0,Lazytown: New Superhero
1728,1763,2000.0,Diary of Lust
1729,1764,2000.0,Finest Hour: The Battle of Britain
1730,1765,1996.0,First Kid
1731,1766,1978.0,All Creatures Great and Small: Series 1
1732,1767,1925.0,The Gold Rush: Bonus Material
1733,1768,2005.0,Hellraiser: Hellworld
1734,1769,1988.0,The Incredible Hulk Returns
1735,1770,1995.0,Trainspotting
1736,1771,2004.0,A Dirty Shame
1737,1772,1964.0,Flipper's New Adventure
1738,1773,2001.0,Do You Believe in Miracles?
1739,1774,1995.0,Once Upon a Time When We Were Colored
1740,1775,1985.0,Dario Argento Collection: Vol. 1: Phenomena
1741,1776,2000.0,Digimon: The Movie
1742,1777,1992.0,Tito and Me
1743,1778,1940.0,Road to Singapore
1744,1779,2005.0,Led Zeppelin: Inside Led Zeppelin 1968-1972
1745,1780,1998.0,Behind the Planet of the Apes
1746,1781,2004.0,Noi the Albino
1747,1782,2002.0,Derrida
1748,1783,1982.0,The Best Little Whorehouse in Texas
1749,1784,1936.0,Camille
1750,1785,2002.0,Kirk Franklin: The Rebirth of Kirk Franklin: Live
1751,1786,1990.0,Side Out
1752,1787,1996.0,Omega Doom / Blind Fury: Double Feature
1753,1788,2004.0,Earthsea
1754,1789,1994.0,Cracker: Series 2
1755,1790,1966.0,Born Free
1756,1791,1999.0,Trailer: The Movie
1757,1792,1998.0,Psycho
1758,1793,1992.0,Sailor Moon: Vol. 10: The Trouble With Rini
1759,1794,1999.0,The Rage: Carrie 2
1760,1795,1978.0,MASH: Season 7
1761,1796,2003.0,La Petite Lili
1762,1797,1958.0,The Horse's Mouth
1763,1798,1987.0,Lethal Weapon
1764,1799,1990.0,Die Hard 2: Die Harder
1765,1800,2002.0,An Evening With Kevin Smith
1766,1801,1965.0,That Darn Cat
1767,1802,1980.0,The Hollywood Knights
1768,1803,1997.0,Alien: Resurrection: Collector's Edition
1769,1804,2002.0,The Twilight Samurai
1770,1805,1994.0,Race to Freedom: The Story of the Underground Railroad
1771,1806,1982.0,Gilbert and Sullivan: H.M.S. Pinafore
1772,1807,2002.0,Sonny
1773,1808,1994.0,Fencer of Minerva: Vol. 2: The Tempest
1774,1809,2001.0,Millennium Mambo
1775,1810,1998.0,U.S. Marshals
1776,1811,2000.0,An Evening With Edgar Allan Poe
1777,1812,1996.0,George Winston: Seasons in Concert: Windham Hill
1778,1813,1986.0,An Evening with the Alvin Ailey American Dance Theater
1779,1814,1998.0,Dance with Me
1780,1815,1979.0,Camera Buff
1781,1816,2003.0,Northfork
1782,1817,2004.0,Men's Mix 1: Gay Shorts Collection
1783,1818,1981.0,Magnum P.I.: Season 2
1784,1819,1998.0,Species II
1785,1820,2000.0,More Barney Songs
1786,1821,1970.0,Le Cercle Rouge
1787,1822,1996.0,Good Luck
1788,1823,2003.0,P.D. James: Death in Holy Orders
1789,1824,1980.0,Sun Ra: A Joyful Noise
1790,1825,1930.0,L'Age D'Or
1791,1826,1996.0,Terminal
1792,1827,1999.0,A Dog of Flanders
1793,1828,1972.0,Boxcar Bertha
1794,1829,1978.0,Sextette
1795,1830,2003.0,Latham Entertainment Presents: An All New Comedy Experience
1796,1831,1999.0,Jealousy
1797,1832,1968.0,Rosemary's Baby
1798,1833,2003.0,Alex and Emma
1799,1834,1994.0,Farinelli
1800,1835,1999.0,Kintaro: The White Collar Worker
1801,1836,2005.0,Kibakichi
1802,1837,1987.0,Tin Men
1803,1838,1933.0,The Testament of Dr. Mabuse
1804,1839,2001.0,The Caveman's Valentine
1805,1840,1950.0,The Asphalt Jungle
1806,1841,1996.0,Yoga for Meditation
1807,1842,1959.0,Yasujiro Ozu's Good Morning
1808,1843,1994.0,Beverly Hills Cop III
1809,1844,1989.0,Casualties of War
1810,1845,1995.0,Gordy
1811,1846,1991.0,Mob Justice
1812,1847,2001.0,Grand Canyon: The World's Great Natural Wonder
1813,1848,1956.0,Samurai Trilogy 3: Duel at Ganryu Island
1814,1849,2002.0,Michael Colyar: The Michael Colyar Project
1815,1850,1974.0,Promised Land
1816,1851,1958.0,I Want to Live!
1817,1852,1988.0,The Greatest Lover
1818,1853,1974.0,Death Wish
1819,1854,2001.0,Crazy/Beautiful
1820,1855,1992.0,Plymptoons
1821,1856,1960.0,The Twilight Zone: Vol. 39
1822,1857,1973.0,All in the Family: Season 4
1823,1858,1998.0,Yugpurush
1824,1859,2003.0,Baby Genius: Favorite Nursery Rhymes
1825,1860,1995.0,Shall We Dance?
1826,1861,2001.0,Evolution
1827,1862,1999.0,Three to Tango
1828,1863,1978.0,Harper Valley P.T.A.
1829,1864,1997.0,Dave Grusin: West Side Story
1830,1865,2004.0,Eternal Sunshine of the Spotless Mind
1831,1866,1994.0,Sirens
1832,1867,1999.0,Annie
1833,1868,1967.0,Mad Monster Party
1834,1869,1996.0,Adrenalin: Fear the Rush
1835,1870,1997.0,Late Bloomers
1836,1871,1982.0,Fela: Music Is the Weapon
1837,1872,1964.0,Underdog Chronicles
1838,1873,1999.0,A Voice from Heaven
1839,1874,1975.0,S.W.A.T.: Season 1
1840,1875,2002.0,Video Voyeur: The Susan Wilson Story
1841,1876,1985.0,Yes Madam
1842,1877,1995.0,Friends: Season 2
1843,1878,1966.0,The Ghost and Mr. Chicken / The Reluctant Astronaut: Double Feature
1844,1879,1979.0,Thomas & Sarah
1845,1880,2004.0,French & Saunders: On the Rocks
1846,1881,1993.0,Mac
1847,1882,1954.0,I Love Lucy: Season 4
1848,1883,1960.0,Dinosaurus!
1849,1884,2001.0,Captain Corelli's Mandolin
1850,1885,2002.0,The Osbournes: Season 1 (Uncensored)
1851,1886,1998.0,Of Freaks and Men
1852,1887,2001.0,The Wedding Dress
1853,1888,1996.0,Reborn from Hell
1854,1889,1980.0,The Pirates of Penzance
1855,1890,1991.0,Regarding Henry
1856,1891,2002.0,Les Destinees
1857,1892,1963.0,Summer Magic
1858,1893,1977.0,Fun with Dick and Jane
1859,1894,2003.0,Live from Shiva's Dance Floor
1860,1895,1969.0,The Damned
1861,1896,1993.0,Splitting Heirs
1862,1897,1998.0,Route 9
1863,1898,1961.0,Greyfriars Bobby
1864,1899,1990.0,Ronin Gai
1865,1900,1997.0,Club Vampire
1866,1901,1978.0,Cheech & Chong's Up in Smoke
1867,1902,1979.0,Star Trek: The Motion Picture
1868,1903,2002.0,Ozzy Osbourne: Crown Prince of Darkness
1869,1904,1939.0,Dodge City
1870,1905,2003.0,Pirates of the Caribbean: The Curse of the Black Pearl
1871,1906,2001.0,The Knights Templar
1872,1907,2002.0,Captain Herlock
1873,1908,2004.0,Billy Blanks: Tae Bo: Flex Express
1874,1909,1943.0,Hangmen Also Die
1875,1910,1999.0,Where a Good Man Goes
1876,1911,1999.0,David Copperfield
1877,1912,1961.0,The Comancheros
1878,1913,2000.0,Calle 54
1879,1914,2002.0,Damaged Care
1880,1915,2000.0,Law & Order: Special Victims Unit: The Second Year
1881,1916,1985.0,Go Tell It on the Mountain
1882,1917,1985.0,28 Up
1883,1918,2004.0,The Alamo
1884,1919,2005.0,Cartoon Network: Grossest Halloween Ever
1885,1920,1976.0,Hollywood Boulevard
1886,1921,2001.0,One Week
1887,1922,1987.0,Hot Pursuit
1888,1923,1986.0,Pee-Wee's Playhouse: Vol. 1
1889,1924,2002.0,Terror Toons
1890,1925,1980.0,Urban Cowboy
1891,1926,2003.0,The Event
1892,1927,2002.0,Maetel Legend
1893,1928,2004.0,Mosquito Man
1894,1929,1978.0,Go Tell the Spartans
1895,1930,2000.0,Mandy Moore: The Real Story
1896,1931,1981.0,Eye of the Needle
1897,1932,1996.0,Race the Sun
1898,1933,1998.0,Sour Grapes
1899,1934,2002.0,Widows
1900,1935,2004.0,Immortal
1901,1936,2004.0,Funniest Moments of the Century
1902,1937,2002.0,Angel of Death
1903,1938,1971.0,Kotch
1904,1939,1979.0,The Amityville Horror
1905,1940,1947.0,Nightmare Alley
1906,1941,1998.0,The Life of Birds
1907,1942,2001.0,REO Speedwagon: Live Plus
1908,1943,2004.0,Premonition
1909,1944,1986.0,Gall Force: Vol. 1: Eternal Story
1910,1945,2001.0,From Hell: Bonus Material
1911,1946,2004.0,Spartacus
1912,1947,2002.0,Gilmore Girls: Season 3
1913,1948,1999.0,Beau Travail
1914,1949,1971.0,What's the Matter with Helen? / Whoever Slew Auntie Roo? (Double Feature)
1915,1950,1986.0,The Seventh Curse
1916,1951,1990.0,Faces of Death IV
1917,1952,1956.0,Anything Goes
1918,1953,1999.0,B.U.S.T.E.D.
1919,1954,2000.0,Deliberate Intent
1920,1955,1999.0,The Story of Us
1921,1956,2000.0,Cirque du Soleil: Dralion
1922,1957,1977.0,The Mighty Peking Man
1923,1958,2002.0,WWE: Before They Were Superstars 2
1924,1959,1961.0,Splendor in the Grass
1925,1960,2003.0,Smack: Vol. 1
1926,1961,1939.0,Port of Shadows
1927,1962,2004.0,50 First Dates
1928,1963,2000.0,Beautiful Creatures
1929,1964,1940.0,W.C. Fields: My Little Chickadee
1930,1965,1998.0,Slam
1931,1966,2003.0,Gay Games VI: Sydney 2002: Under New Skies
1932,1967,1964.0,Diary of a Chambermaid
1933,1968,2000.0,Caillou: Big Brother Caillou and Other Adventures
1934,1969,1954.0,The Caine Mutiny
1935,1970,2000.0,Between Two Women
1936,1971,1995.0,Under Siege 2: Dark Territory
1937,1972,1953.0,Gentlemen Prefer Blondes
1938,1973,1978.0,Diff'rent Strokes: Season 1
1939,1974,1995.0,Il Postino
1940,1975,2000.0,Hollow Man
1941,1976,2000.0,Here on Earth
1942,1977,1996.0,Jay Jay the Jet Plane: Learning Life's Lessons
1943,1978,1994.0,X2000: The Collected Shorts of Francois Ozon
1944,1979,2005.0,This Divided State
1945,1980,1997.0,Alien: Resurrection: Collector's Edition: Bonus Material
1946,1981,2000.0,Needing You
1947,1982,2001.0,Strange Frequency
1948,1983,2001.0,Final Fantasy: The Spirits Within
1949,1984,1999.0,MTV Unplugged: Classic Moments
1950,1985,1993.0,Oh My Goddess!
1951,1986,2003.0,Armaan
1952,1987,1983.0,The Dresser
1953,1988,1996.0,Spin City: Michael J. Fox: His All-Time Favorites: Vol. 2
1954,1989,2000.0,Ablaze
1955,1990,2003.0,Killing Emmett Young
1956,1991,1998.0,Love is the Devil
1957,1992,1977.0,Jubilee
1958,1993,1994.0,The Night and the Moment
1959,1994,2005.0,The L Word: Season 2
1960,1995,2000.0,Tick Tock
1961,1996,1970.0,There's a Girl in My Soup
1962,1997,2004.0,WWE: History of Wrestlemania
1963,1998,2005.0,Saving Face
1964,1999,1989.0,Coming Out
1965,2000,1994.0,Four Weddings and a Funeral
1966,2001,1992.0,Under Siege
1967,2002,2002.0,Nijinsky
1968,2003,1974.0,Truck Turner
1969,2004,2001.0,She Creature
1970,2005,1995.0,Ice Cream Man
1971,2006,1999.0,Simpatico
1972,2007,1998.0,Kiss the Sky
1973,2008,2005.0,Hercules
1974,2009,1999.0,The Talented Mr. Ripley
1975,2010,1963.0,The Courtship of Eddie's Father
1976,2011,1997.0,Turbo: A Power Rangers Movie
1977,2012,2002.0,The Importance of Being Earnest
1978,2013,2002.0,Borderline
1979,2014,2005.0,5X2
1980,2015,2002.0,Talk to Her
1981,2016,2002.0,The Magdalene Sisters
1982,2017,1991.0,The People Under the Stairs
1983,2018,2005.0,Classic Cartoon Favorites: Starring Goofy
1984,2019,2004.0,Samurai Champloo
1985,2020,1983.0,The Winds of War
1986,2021,1922.0,Robin Hood
1987,2022,1947.0,Dead Reckoning
1988,2023,2000.0,Boys Briefs 2
1989,2024,1983.0,Jane Eyre
1990,2025,2000.0,Legend of Speed
1991,2026,2002.0,Norah Jones: Live in New Orleans
1992,2027,1957.0,Fire Down Below
1993,2028,1991.0,Poison
1994,2029,2002.0,Project Viper
1995,2030,2004.0,Extreme Engineering: Holland's Barriers to the Sea
1996,2031,2001.0,La Brassiere
1997,2032,2004.0,Star Wars Animated Adventures: Ewoks
1998,2033,2004.0,Head in the Clouds
1999,2034,1998.0,Rex the Runt
2000,2035,1971.0,The Fassbinder Collection: Whity
2001,2036,2003.0,'N Sync: PopOdyssey Live
2002,2037,1985.0,Fright Night
2003,2038,1957.0,Jean Renoir: Elena and Her Men
2004,2039,2003.0,No Doubt: Rock Steady Live
2005,2040,1991.0,Star Trek: The Next Generation: Season 5
2006,2041,1998.0,Silent Mobius: Vol. 2
2007,2042,1976.0,Wodehouse Playhouse: Series 2
2008,2043,1953.0,Shane
2009,2044,2002.0,The Anna Nicole Show: Season 1
2010,2045,2003.0,The Blind Swordman: Zatoichi
2011,2046,2001.0,Invincible
2012,2047,1981.0,Omen III: The Final Conflict
2013,2048,1966.0,The Glass Bottom Boat
2014,2049,2001.0,Stanley: Hop To It
2015,2050,2003.0,Requiem from the Darkness
2016,2051,1984.0,Tightrope
2017,2052,2001.0,Darrin's Dance Grooves
2018,2053,1998.0,Ground Control
2019,2054,1989.0,Nick Knight
2020,2055,1994.0,Andaz Apna Apna
2021,2056,2003.0,Capturing the Friedmans: Bonus Material
2022,2057,2001.0,Buffy the Vampire Slayer: Season 6
2023,2058,2001.0,Eminem: The Slim Shady Show Uncut
2024,2059,1966.0,The Ugly Dachshund
2025,2060,1972.0,Fuzz
2026,2061,1999.0,Around the World in 80 Days (Animated)
2027,2062,1992.0,Metallica: A Year and a Half in the Life of Metallica #1
2028,2063,2001.0,National Geographic: Inside the Vatican
2029,2064,2000.0,Rome: Power & Glory
2030,2065,2001.0,I Love Budapest
2031,2066,2004.0,411VM Skateboarding: Issue 61
2032,2067,1987.0,Wiseguy: Season 1: Part 1
2033,2068,1994.0,Gargoyles: Season 1
2034,2069,1997.0,Super Speedway: IMAX
2035,2070,2000.0,Sword For Truth
2036,2071,1998.0,Ballistic Kiss
2037,2072,1989.0,K-9
2038,2073,1975.0,Two's Company: Series 1
2039,2074,1998.0,Babylon 5: The River of Souls
2040,2075,1982.0,Lucio Fulci: The New York Ripper
2041,2076,2002.0,The Saddle Club: Adventures at Pine Hollow
2042,2077,1999.0,This Is My Father
2043,2078,2002.0,Half Past Dead
2044,2079,1987.0,Family Viewing
2045,2080,2001.0,Holiday in the Sun
2046,2081,1997.0,Lewis and Clark: Great Journey West: Special Edition (Standard Version)
2047,2082,1998.0,Postmortem
2048,2083,1955.0,Blood Alley
2049,2084,2000.0,Healing Hearts
2050,2085,1980.0,Taxi: Season 3
2051,2086,2000.0,Endless Summer Revisited
2052,2087,1998.0,Pete's Meteor
2053,2088,2000.0,Wildflowers
2054,2089,2001.0,Strawberry Eggs (I My Me!)
2055,2090,2000.0,Cleopatra 2525: The Complete Series
2056,2091,2002.0,National Geographic: Inside American Power: The Pentagon
2057,2092,2002.0,Kiss: Exposed
2058,2093,2000.0,Rated X
2059,2094,2001.0,Star Ocean EX
2060,2095,1997.0,Liar Liar
2061,2096,2003.0,Toolbox Murders
2062,2097,1993.0,A Far Off Place
2063,2098,2004.0,Lightning in a Bottle
2064,2099,2005.0,Gas
2065,2100,1997.0,Bliss
2066,2101,1993.0,The Adventures of Pete & Pete: Season 1
2067,2102,1994.0,The Simpsons: Season 6
2068,2103,1999.0,Sunshine
2069,2104,1989.0,Kickboxer
2070,2105,1977.0,Starsky & Hutch: Season 3
2071,2106,1995.0,Bon Jovi: Live From London
2072,2108,1997.0,VeggieTales Classics: Larry-Boy & The Fib from Outer Space
2073,2109,1982.0,Grease 2
2074,2110,1979.0,Alien Quadrilogy: Bonus Material
2075,2111,1968.0,The Twilight Zone: Vol. 33
2076,2112,2003.0,Identity
2077,2113,2000.0,Air Bud: World Pup
2078,2114,2002.0,Firefly
2079,2115,2003.0,Ghost Rider: The Final Ride
2080,2116,1982.0,Halloween III: Season of the Witch
2081,2117,2004.0,Case Closed: Season 5
2082,2118,1944.0,It Happened Tomorrow
2083,2119,1998.0,Praise
2084,2120,1969.0,Benny Hill: Golden Classics
2085,2121,1951.0,Pandora and the Flying Dutchman
2086,2122,1999.0,Being John Malkovich
2087,2123,1984.0,Full Moon in Paris
2088,2124,2005.0,Return to Sin City: A Tribute to Gram Parsons
2089,2125,1954.0,Devil Girl from Mars
2090,2126,2002.0,Please Teacher!
2091,2127,2000.0,Immortality
2092,2128,1993.0,Rudy
2093,2129,1960.0,The Twilight Zone: Vol. 41
2094,2130,1998.0,Citizen X
2095,2131,2002.0,Sex Is Comedy
2096,2132,1995.0,The Enforcer
2097,2133,1997.0,Rebecca
2098,2134,2000.0,Jesus and His Times
2099,2135,1997.0,Nothing to Lose
2100,2136,2001.0,Not Another Teen Movie
2101,2137,1997.0,Excess Baggage
2102,2138,2003.0,Bataan Rescue: American Experience
2103,2139,1986.0,The Color of Money
2104,2140,1991.0,For the Boys
2105,2141,2001.0,Brief Crossing
2106,2142,2004.0,The Phantom of the Opera: Special Edition: Bonus Material
2107,2143,2000.0,Brooklyn Babylon
2108,2144,2004.0,VeggieTales: Dave and the Giant Pickle
2109,2145,2004.0,Nine Innings from Ground Zero
2110,2146,2003.0,America's Next Top Model: Cycle 1
2111,2147,2002.0,Tupac Vs.
2112,2148,1987.0,From the Hip
2113,2149,1998.0,Buffalo '66
2114,2150,1980.0,The Return of the King
2115,2151,2001.0,Native American Medicine
2116,2152,2000.0,What Women Want
2117,2153,1993.0,Free Willy
2118,2154,1986.0,Absolute Beginners
2119,2155,2003.0,Tempo
2120,2156,2003.0,Naked World
2121,2157,2004.0,John Carpenter: The Man and His Movies
2122,2158,2004.0,Vietnam: A Television History
2123,2159,2004.0,The Psychic
2124,2160,2004.0,Magnetic Storm: Nova
2125,2161,1993.0,Six Degrees of Separation
2126,2162,2000.0,CSI: Season 1
2127,2163,1999.0,Mystery Men
2128,2164,2004.0,Rory O'Shea Was Here
2129,2165,1940.0,Flash Gordon Conquers the Universe
2130,2166,2000.0,Cold Feet: Season 3
2131,2167,1996.0,Fly Away Home
2132,2168,1998.0,Upright Citizens Brigade: Season 1
2133,2169,1977.0,Orca: The Killer Whale
2134,2170,2001.0,The Wicksboro Incident
2135,2171,2003.0,Brother Bear (Theatrical Widescreen Version)
2136,2172,1991.0,The Simpsons: Season 3
2137,2173,1998.0,BASEketball
2138,2174,1996.0,The Ghost and the Darkness
2139,2175,1996.0,Memories
2140,2177,1996.0,Extreme Measures
2141,2179,1982.0,Qurbani
2142,2180,1999.0,Rogue Trader
2143,2181,1988.0,A Better Tomorrow II
2144,2182,2000.0,All the Pretty Horses
2145,2183,1974.0,Space Is the Place
2146,2184,1988.0,The Dawning
2147,2185,2002.0,Great North: IMAX
2148,2186,1995.0,Bad Boys
2149,2187,2001.0,Randy Travis Live: It Was Just a Matter of Time
2150,2188,1983.0,Eddie and the Cruisers
2151,2189,1981.0,The Hitchhiker's Guide to the Galaxy
2152,2190,1960.0,The World of Suzie Wong
2153,2191,2002.0,Pavement: Slow Century
2154,2192,1999.0,The Hurricane
2155,2193,1960.0,The Wasp Woman/Attack of the Giant Leeches
2156,2194,1983.0,The Outsiders: The Complete Novel (Extended Edition)
2157,2195,2004.0,The Looney Tunes Golden Collection: Vol. 2
2158,2196,2003.0,Japon
2159,2197,1999.0,Pippi's Adventures on the South Seas
2160,2198,1988.0,Betrayed
2161,2199,1991.0,Ricochet
2162,2200,2002.0,Collateral Damage
2163,2201,1998.0,The Alexander Technique
2164,2202,2003.0,Steel Angel Kurumi 2
2165,2203,1980.0,All Creatures Great and Small: Series 3
2166,2204,2000.0,Argentosoma
2167,2205,2004.0,Eric Clapton: Crossroads Guitar Festival 2004
2168,2206,1988.0,Garfield and Friends: Vol. 2
2169,2207,2003.0,Architectures
2170,2208,1964.0,The Judy Garland Show
2171,2209,1981.0,On Golden Pond
2172,2210,1999.0,Directors: Ron Howard
2173,2211,2002.0,Spliced
2174,2212,1993.0,The Secret Garden
2175,2213,2000.0,Little Rascals #1-2
2176,2214,1992.0,Where the Day Takes You
2177,2215,1999.0,Classic Albums: Phil Collins: Face Value
2178,2216,1993.0,The Legend 2
2179,2217,2001.0,Buffalo Soldiers
2180,2218,1999.0,Black Adder Back & Forth
2181,2219,2000.0,Paul McCartney and Friends: The PETA Concert for Party Animals
2182,2220,1996.0,Sliders: Season 3
2183,2221,1973.0,Doctor Who: The Green Death
2184,2222,2000.0,Pride FC: Grand Prix Opening Round
2185,2223,1997.0,Wrong Guy
2186,2224,1992.0,Centre Stage
2187,2225,1972.0,Chariots of the Gods
2188,2226,2003.0,Gigantic: A Tale of Two Johns
2189,2227,1994.0,Suite 16
2190,2228,2003.0,VeggieTales: The Ballad of Little Joe
2191,2229,1988.0,Heartbreak Hotel
2192,2230,2004.0,Dirty War
2193,2231,1985.0,Wes Craven's Chiller
2194,2232,1988.0,Ken Burns' America: Thomas Hart Benton
2195,2233,2002.0,Dracula's Curse
2196,2234,2003.0,Saiyuki Reload
2197,2235,2004.0,Undertow
2198,2236,1996.0,Superman the Animated Series: A Little Piece of Home
2199,2237,1998.0,Midsomer Murders: Written in Blood
2200,2238,1970.0,The Night Visitor
2201,2239,1979.0,The Villain
2202,2240,1997.0,Thrill Ride: The Science of Fun: IMAX
2203,2241,2000.0,English Grammar: The Standard Deviants
2204,2242,1966.0,Night Caller from Outer Space
2205,2243,1996.0,Alaska
2206,2244,2004.0,Robot Stories
2207,2245,2003.0,Miracle of Life: Pregnancy Workout
2208,2246,2003.0,Henry VIII
2209,2247,1973.0,Don't Look in the Basement
2210,2248,1952.0,The Narrow Margin
2211,2249,1990.0,Danielle Steel's Fine Things
2212,2250,2001.0,Etoiles: Dancers of the Paris Opera Ballet
2213,2251,1990.0,The Rookie
2214,2252,1992.0,Bram Stoker's Dracula
2215,2253,1970.0,Cry of the Banshee / Murders in the Rue Morgue: Double Feature
2216,2254,2003.0,A Guy Thing
2217,2255,1991.0,The Architecture of Doom
2218,2256,2002.0,Sunshine State
2219,2257,1967.0,The Shooting
2220,2258,1997.0,Lawyer Lawyer
2221,2259,2005.0,The Flaming Lips: The Fearless Freaks
2222,2260,1961.0,Saturday Night and Sunday Morning
2223,2261,2001.0,Winds of Terror
2224,2262,2002.0,Biggie & Tupac
2225,2263,1987.0,Gothic
2226,2264,2000.0,Winnie the Pooh: Spookable / Frankenpooh
2227,2265,2000.0,2001: A Space Travesty
2228,2266,1985.0,The Toxic Avenger
2229,2267,1995.0,American Gothic: The Complete Series
2230,2268,2002.0,2002 Olympic Figure Skating Competition
2231,2269,2003.0,People I Know
2232,2270,2004.0,Musafir
2233,2271,1998.0,Ratcatcher
2234,2272,2000.0,The Einstein of Sex
2235,2273,2002.0,Disturbed: M.O.L.
2236,2274,2001.0,Kill by Inches
2237,2275,2001.0,Madonna: What It Feels Like for a Girl
2238,2276,1998.0,Spice World
2239,2277,1993.0,Supercop 2
2240,2278,1977.0,The Van
2241,2279,2002.0,Spider-Man: The Ultimate Villain Showdown
2242,2280,1976.0,Eleanor & Franklin: The Early Years
2243,2281,1999.0,Midnight Dancers
2244,2282,2005.0,Disney Princess Stories: Vol. 2: Tales of Friendship
2245,2283,1988.0,The Couch Trip
2246,2284,1985.0,Teen Wolf / Teen Wolf Too (Double Feature)
2247,2285,1996.0,Unforgettable
2248,2286,1980.0,Fade to Black
2249,2287,1988.0,The Lair of the White Worm
2250,2288,1993.0,Cracker: Series 1
2251,2289,1999.0,Turbulence 2: Fear of Flying
2252,2290,1992.0,Aladdin: Platinum Edition
2253,2291,2004.0,Film School: Season 1
2254,2292,1941.0,Ziegfeld Girl
2255,2293,2001.0,Gaudi Afternoon
2256,2294,1976.0,The Sailor Who Fell from Grace with the Sea
2257,2295,2004.0,Bill's Run: A Political Journey in Rural Kansas: POV
2258,2296,2002.0,Ansel Adams: American Experience
2259,2297,1936.0,The Lower Depths (Les Bas-fonds)
2260,2298,2000.0,Yngwie Malmsteen: Live!
2261,2299,1941.0,Shadow of the Thin Man
2262,2300,1975.0,Little House on the Prairie: Season 2
2263,2301,1988.0,Another Woman
2264,2302,1995.0,Clockers
2265,2303,1992.0,Traces of Red
2266,2304,1989.0,Great Balls of Fire!
2267,2305,2005.0,The Man Who Copied
2268,2306,1991.0,Showdown in Little Tokyo
2269,2307,2003.0,Denise Austin: Fat-Blasting Yoga: 21 Days to a Yoga Body
2270,2308,2000.0,Maelstrom
2271,2309,1973.0,Rhinoceros
2272,2310,1943.0,The Song of Bernadette
2273,2311,1941.0,Ball of Fire
2274,2312,2001.0,Descendants of Darkness
2275,2313,1983.0,Funny Dirty Little War
2276,2314,1956.0,Invasion of the Body Snatchers
2277,2315,1999.0,Parallel Dual
2278,2316,1983.0,Breathless
2279,2317,2001.0,Aberdeen
2280,2318,1996.0,Moving Target
2281,2319,2003.0,The Looney Tunes Golden Collection: Vol. 1
2282,2320,2001.0,Play for Me
2283,2321,2004.0,Get Backers
2284,2322,1987.0,Real Men
2285,2323,2003.0,Sonic X
2286,2324,2002.0,House of Fools
2287,2325,1943.0,Lassie Come Home
2288,2326,2002.0,The Laramie Project
2289,2327,2001.0,The Best of Andy Williams: Christmas Shows
2290,2328,2002.0,Vulgar
2291,2329,2004.0,Control Room
2292,2330,1999.0,Godmother
2293,2331,1997.0,Bent
2294,2332,1973.0,Paper Moon
2295,2333,1995.0,Bar Girls
2296,2334,1981.0,Liar's Moon
2297,2335,1951.0,Father's Little Dividend
2298,2336,2004.0,Modulations: Cinema for the Ear
2299,2337,1997.0,Double Team
2300,2338,2001.0,The Hole
2301,2339,2001.0,An American Rhapsody
2302,2340,1990.0,Joe Versus the Volcano
2303,2341,2001.0,Lan Yu
2304,2342,2004.0,Super Size Me
2305,2343,1996.0,Heck's Way Home
2306,2344,2000.0,Songs from the Second Floor
2307,2345,1978.0,The Jeffersons: Season 4
2308,2346,1992.0,Batman: The Animated Series: Tales of the Dark Knight
2309,2347,2000.0,The Final Hit
2310,2348,1976.0,The Omen
2311,2349,2004.0,A Very Long Engagement: Bonus Material
2312,2350,1993.0,The Scent of Green Papaya
2313,2351,2003.0,Keen Eddie: The Complete Series
2314,2352,1986.0,Youngblood
2315,2353,2004.0,Fly Jefferson Airplane
2316,2354,2005.0,Le Portrait de Petite Cossette
2317,2355,1927.0,Berlin: Symphony of a Great City / Opus 1
2318,2356,2000.0,The Adventures of Rocky and Bullwinkle
2319,2357,1997.0,Ballykissangel: Series 3
2320,2358,1966.0,The Wild Angels
2321,2359,1981.0,La Chevre
2322,2360,1952.0,Singin' in the Rain
2323,2362,1994.0,White
2324,2363,2002.0,Widespread Panic: The Earth Will Swallow You
2325,2364,2002.0,Na Tum Jaano Na Hum
2326,2365,1976.0,Heart of Glass
2327,2366,2001.0,Just Visiting
2328,2367,2003.0,Martin & Orloff
2329,2368,2001.0,A Beautiful Mind: Bonus Material
2330,2369,1927.0,The Lon Chaney Collection: The Unknown
2331,2370,2001.0,The Other Side of Heaven
2332,2371,1955.0,To Catch a Thief
2333,2372,2004.0,The Bourne Supremacy
2334,2373,1970.0,Kati Patang
2335,2374,2000.0,The Duel
2336,2375,1989.0,Fletch Lives
2337,2376,2000.0,Scream 3
2338,2377,1983.0,Princess Daisy
2339,2378,1957.0,Aparajito
2340,2379,1956.0,Giant
2341,2380,1991.0,Not Without My Daughter
2342,2381,1970.0,Watermelon Man
2343,2382,2001.0,Hitched
2344,2383,2000.0,The Queens of Comedy
2345,2384,1999.0,Radiohead: Meeting People Is Easy
2346,2385,1999.0,Center Stage
2347,2386,2002.0,Pumpkin
2348,2387,2001.0,Luther Vandross: Journeys in Black
2349,2388,1995.0,Man of the House
2350,2389,1992.0,The Cutting Edge
2351,2390,1982.0,Wild Style
2352,2391,2004.0,Along Came Polly
2353,2392,2004.0,NBA Dynasty Series: The Complete History of the Lakers
2354,2393,1980.0,The Blues Brothers: Theatrical Cut
2355,2394,1998.0,The Prophecy 2
2356,2395,1996.0,Scream
2357,2396,1997.0,Starship Troopers: Bonus Material
2358,2397,2004.0,Golf for Dummies
2359,2398,1995.0,Cadfael: The Virgin in the Ice
2360,2399,1994.0,Kenny Loggins: Outside from Redwoods
2361,2400,1992.0,Home Alone 2: Lost in New York
2362,2401,2000.0,The Pornographer
2363,2402,1988.0,Last Rites
2364,2403,1997.0,Wolves at Our Door
2365,2404,1991.0,Picture This
2366,2405,2003.0,MI-5: Vol. 2
2367,2406,1994.0,A Touch of Frost: Season 2
2368,2407,1996.0,Larger Than Life
2369,2408,1936.0,My Man Godfrey
2370,2409,1976.0,Robin and Marian
2371,2411,2004.0,The Life & Death of Peter Sellers
2372,2412,2004.0,Harry Potter and the Prisoner of Azkaban: Bonus Material
2373,2413,1995.0,Streets of Laredo
2374,2414,2000.0,Naked States
2375,2415,1991.0,Chains of Gold
2376,2416,1974.0,The Deluge
2377,2417,2001.0,Yeh Teraa Ghar Yeh Meraa Ghar
2378,2418,1960.0,Sink the Bismarck
2379,2419,2004.0,Michael Jackson: The One
2380,2420,2001.0,The Vertical Ray of the Sun
2381,2421,2004.0,With All Deliberate Speed
2382,2422,2004.0,Primer
2383,2423,2000.0,Small Time Crooks
2384,2424,2004.0,Death in Gaza
2385,2425,1998.0,The Swan Princess: Mystery of the Enchanted Treasure
2386,2426,2004.0,Dark Harvest 2: The Maize
2387,2427,1983.0,Philip Marlowe Private Eye
2388,2429,1997.0,Close to You: Remembering the Carpenters
2389,2430,1979.0,Alien: Collector's Edition
2390,2431,2000.0,Nuremberg
2391,2432,2003.0,29 Palms
2392,2434,2003.0,The Tai Chi Master
2393,2435,1986.0,Critters
2394,2436,1993.0,Fist of the Red Dragon
2395,2437,1975.0,A Woman Called Sada Abe
2396,2438,1998.0,Ricochet River
2397,2439,2005.0,WWE: Summerslam 2005
2398,2440,1976.0,Little House on the Prairie: Season 3
2399,2441,2001.0,Smallville: Season 1
2400,2442,1972.0,Godzilla vs. Gigan
2401,2443,1992.0,Like Water for Chocolate
2402,2444,1970.0,The Last Valley
2403,2445,2002.0,We Were the Mulvaneys
2404,2446,1964.0,Tale of Time Lost
2405,2447,2003.0,Nefertiti Resurrected
2406,2448,1991.0,Prime Suspect 1
2407,2449,1939.0,The Private Lives of Elizabeth and Essex
2408,2450,1975.0,Inserts
2409,2451,2004.0,Stealing Candy
2410,2452,2001.0,Lord of the Rings: The Fellowship of the Ring
2411,2453,2001.0,Happy End
2412,2454,2002.0,Jane Goodall's Wild Chimpanzees: IMAX
2413,2455,1995.0,Burnzy's Last Call
2414,2456,1964.0,A Fistful of Dollars
2415,2457,2004.0,A Cinderella Story
2416,2458,1985.0,Plenty
2417,2459,1967.0,Son of Godzilla
2418,2460,1983.0,Cujo
2419,2461,2000.0,Deep in the Woods
2420,2463,2004.0,The Incredibles: Bonus Material
2421,2464,1999.0,Trekkies
2422,2465,1984.0,This Is Spinal Tap
2423,2466,1991.0,Detonator Orgun
2424,2467,2001.0,Town & Country
2425,2468,1962.0,In Search of the Castaways
2426,2469,2001.0,National Geographic: Africa
2427,2470,1992.0,Wayne's World
2428,2471,1983.0,V: The Complete TV Series
2429,2472,1998.0,The Gingerbread Man
2430,2473,1983.0,The Osterman Weekend
2431,2474,2002.0,Bob the Builder: Bob Saves the Day!
2432,2475,1993.0,Jason Goes to Hell
2433,2476,1962.0,The Flintstones: Season 3
2434,2477,2004.0,Boa vs. Python
2435,2478,1968.0,The Thomas Crown Affair
2436,2479,1995.0,Sharpe 8: Sharpe's Sword
2437,2480,1957.0,The Lower Depths (Donzoko)
2438,2481,2004.0,Democracy University: DVD Series: Vol. 1
2439,2482,1994.0,My Girl 2
2440,2483,1983.0,Deathstalker
2441,2484,2000.0,Love Beat the Hell Outta Me
2442,2485,2002.0,Race to Space
2443,2486,2005.0,Revelations
2444,2487,2000.0,The Wonderful World of Louis Armstrong
2445,2488,1991.0,Saajan
2446,2489,1988.0,The Deceivers
2447,2490,1999.0,Jackson Pollock: Love and Death on Long Island
2448,2491,2002.0,Quincy Jones: In the Pocket
2449,2492,1999.0,The War Zone
2450,2493,1998.0,Players Club
2451,2494,2004.0,Maggie & Annie
2452,2495,2001.0,Exit Wounds
2453,2496,1999.0,Solas
2454,2497,1992.0,The Tune
2455,2498,1973.0,The Glass Menagerie
2456,2499,2001.0,America's Sweethearts
2457,2500,1999.0,Escape to Grizzly Mountain
2458,2501,1994.0,Lover of the Last Empress
2459,2502,1982.0,The Plague Dogs
2460,2503,1994.0,Mystery Science Theater 3000: Red Zone Cuba
2461,2504,1992.0,Bloodfist 3: Forced to Fight
2462,2505,1962.0,Birdman of Alcatraz
2463,2506,1990.0,Inspector Morse 15: Masonic Mysteries
2464,2507,1995.0,Detonator 2: Night Watch
2465,2508,2000.0,Short Shorts
2466,2509,1966.0,This Property Is Condemned
2467,2510,1999.0,Joe the King
2468,2511,1956.0,Bride of the Monster
2469,2512,1996.0,Trees Lounge
2470,2513,1998.0,Mama Flora's Family
2471,2514,1999.0,Pirates of Silicon Valley
2472,2515,1994.0,Hum Aapke Hain Koun
2473,2516,1990.0,The Spirit of '76
2474,2517,2004.0,Bjork: The Inner or Deep Part of an Animal or Plant Structure
2475,2518,1995.0,Things to Do in Denver When You're Dead
2476,2519,2004.0,A Love Song for Bobby Long
2477,2520,1990.0,Spaced Invaders
2478,2521,1988.0,Punchline
2479,2522,2001.0,Fairly Oddparents: Timmy's Top Wishes
2480,2523,1996.0,Matilda: Special Edition
2481,2524,2001.0,Mean Machine
2482,2525,1942.0,Sullivan's Travels
2483,2526,1998.0,Kuch Kuch Hota Hai
2484,2527,2001.0,Quicksand
2485,2528,1990.0,Arachnophobia
2486,2529,1965.0,Those Magnificent Men in Their Flying Machines
2487,2530,1956.0,The Man in the Gray Flannel Suit
2488,2531,2001.0,Jericho
2489,2532,1999.0,Futurama: Vol. 1
2490,2533,1995.0,The Brothers McMullen
2491,2534,1997.0,The Bible Collection: David
2492,2535,2002.0,Adventures of Mini-Goddess
2493,2536,1989.0,Behaving Badly
2494,2537,2005.0,Paheli
2495,2538,2002.0,Rip It Off
2496,2539,1962.0,The Twilight Zone: Vol. 3
2497,2540,2003.0,Monster Garage: Season 2
2498,2541,2003.0,Bloody Murder 2
2499,2542,1968.0,Head: The Monkees
2500,2543,2004.0,The White Dragon
2501,2544,2003.0,3-2-1 Penguins: The Doom Funnel Rescue
2502,2545,1978.0,Avalanche
2503,2546,1995.0,The Second Coming
2504,2547,1998.0,Green Legend Ran
2505,2548,2000.0,Gilmore Girls: Season 1
2506,2549,2000.0,Kurogane Communication: Memories of Earth
2507,2550,1997.0,Astronomy Adventure: Learning Astronomy History & Principles: The Standard Deviants
2508,2551,1999.0,Trigun
2509,2552,1984.0,The Element of Crime
2510,2553,1995.0,The Ping Pong Club
2511,2554,1975.0,The Rocky Horror Picture Show
2512,2555,2003.0,The Greatest '70s Cop Shows
2513,2556,2004.0,The True Story of Alexander the Great
2514,2557,1962.0,Gay Purr-ee
2515,2558,2002.0,Irreversible
2516,2559,1993.0,Mystery Science Theater 3000: The Wild World of Batwoman
2517,2560,2004.0,Fat to Firm: Fitness Ball Workout for Dummies
2518,2561,2001.0,Bojangles
2519,2562,1999.0,MTV: The Real World You Never Saw: Hawaii
2520,2563,1978.0,The Cat and the Canary
2521,2564,2004.0,Bellydance Fitness Fusion for Beginners with Suhaila: Buns
2522,2565,1998.0,Forbidden Sins / Human Desires
2523,2566,1999.0,Stargate SG-1: Season 3
2524,2567,2002.0,Bear in the Big Blue House: Tidy Time with Bear
2525,2568,2004.0,Stargate SG-1: Season 8
2526,2569,2002.0,Washington Heights
2527,2570,1957.0,The Tin Star
2528,2571,2002.0,Woodrow Wilson: American Experience
2529,2572,2005.0,The Sandlot 2
2530,2573,1996.0,A Tale of Two Kitties
2531,2574,2002.0,Abandon
2532,2575,2004.0,R.O.D. the TV Series
2533,2576,2000.0,X: The Movie
2534,2577,1995.0,A Walk in the Clouds
2535,2578,2001.0,Y Tu Mama Tambien
2536,2579,1969.0,The Young Girls of Rochefort
2537,2580,2003.0,Freaky Friday
2538,2581,1999.0,Surfing for Life
2539,2582,2001.0,Discovering Ireland
2540,2583,1999.0,Boss of Bosses
2541,2584,1932.0,The Most Dangerous Game
2542,2585,1994.0,Absolutely Fabulous: Series 2
2543,2586,2000.0,The Game of Death
2544,2587,1967.0,An Evening in Paris
2545,2588,2000.0,Living the Life
2546,2589,2002.0,American Gun
2547,2590,1992.0,Newsies
2548,2591,2003.0,Maburaho
2549,2592,2002.0,Eastwood After Hours
2550,2593,1937.0,Snow White and the Seven Dwarfs: Bonus Material
2551,2594,1989.0,Look Who's Talking
2552,2595,1993.0,The Vanishing
2553,2596,1999.0,Travel the World by Train: Asia
2554,2597,1963.0,The Day of the Triffids
2555,2599,1959.0,Black Orpheus
2556,2600,2000.0,The Calling
2557,2601,1978.0,Best of The Muppet Show: Peter Sellers / John Cleese / Dudley Moore
2558,2602,1984.0,Stuck on You
2559,2603,1996.0,Everybody Loves Raymond: Season 1
2560,2604,2000.0,Merce Cunningham: A Lifetime of Dance
2561,2605,1998.0,Kiss: The Second Coming
2562,2606,1965.0,The Collector
2563,2607,1996.0,My Sex Life
2564,2608,2003.0,WWE: Mick Foley's Greatest Hits and Misses
2565,2609,2004.0,Little People: Fun to Learn Collection
2566,2610,1985.0,Star Wars: Ewok Adventures: Caravan of Courage / The Battle for Endor
2567,2611,1985.0,Saagar
2568,2612,2001.0,Don't Say a Word
2569,2613,1990.0,Northern Exposure: Season 1
2570,2614,2001.0,America's Most Haunted Town
2571,2615,1958.0,Tom Thumb
2572,2616,1991.0,The Tigers
2573,2617,2002.0,Ghost Ship
2574,2618,2003.0,Battlestar Galactica: The Miniseries: Bonus Material
2575,2619,2002.0,Chance Pop Session
2576,2620,1956.0,Old Khottabych
2577,2621,1958.0,Peter Gunn
2578,2622,1985.0,Runaway Train
2579,2623,1997.0,Mandragora
2580,2624,1998.0,Babe Ruth
2581,2626,2002.0,The Next Big Thing
2582,2627,2000.0,Ringu 0
2583,2629,1998.0,Highlander: The Raven
2584,2630,1998.0,Great Expectations (Masterpiece Theatre)
2585,2631,1967.0,The President's Analyst
2586,2632,1972.0,Alice's Adventures in Wonderland
2587,2633,2001.0,Wishmaster 3: Beyond The Gates of Hell
2588,2634,2004.0,Madlax
2589,2635,2004.0,Rick Steves' Europe: Ireland
2590,2636,1997.0,Eric Clapton: Live in Hyde Park
2591,2637,1998.0,The Mafia: An Expose - Valachi/Luciano/Genovese and Hollywood
2592,2638,2000.0,Roswell: Season 2
2593,2639,1999.0,Dragon Tales: We Can Work It Out
2594,2640,1997.0,The Spanish Prisoner
2595,2641,1977.0,The Sentinel
2596,2642,2001.0,Double Bang
2597,2643,2004.0,Carolina
2598,2644,1924.0,Thief of Bagdad
2599,2645,1969.0,The Magic Christian
2600,2646,1999.0,Ice from the Sun
2601,2647,1973.0,Sisters
2602,2648,1994.0,Trevor
2603,2649,1996.0,Beast Wars Transformers: Season 1
2604,2650,1964.0,Two Thousand Maniacs
2605,2651,1992.0,Dragon Ball Z: Super Android 13
2606,2652,1999.0,Gamera 3: Revenge of Iris
2607,2653,1964.0,El Padrecito
2608,2654,2001.0,Justice League: Justice on Trial
2609,2655,1997.0,Perfect Body
2610,2656,1996.0,Carpool
2611,2657,1963.0,Heavens Above!
2612,2658,2000.0,MVP: Most Valuable Primate
2613,2659,2000.0,Grateful Dawg
2614,2660,1989.0,When Harry Met Sally
2615,2661,1989.0,Wrath of the Ninja
2616,2662,1982.0,Frances
2617,2663,2000.0,Swimming
2618,2664,1998.0,Conman
2619,2665,1998.0,Midsomer Murders: Faithful Unto Death
2620,2666,1957.0,A Farewell to Arms
2621,2667,1971.0,Devil's Nightmare
2622,2668,2001.0,The Wash
2623,2669,2000.0,Underworld: Live: Everything Everything
2624,2670,1998.0,The Eighteenth Angel
2625,2671,1978.0,In the Realm of Passion
2626,2672,2004.0,Blind
2627,2673,1980.0,Heaven's Gate
2628,2674,1964.0,Send Me No Flowers
2629,2675,2002.0,Solaris
2630,2676,1990.0,Grateful Dead: View from the Vault
2631,2677,1961.0,A Woman Is a Woman
2632,2678,1996.0,Price of Desire
2633,2679,2002.0,Divine Intervention
2634,2680,2002.0,Spy Kids 2: The Island of Lost Dreams
2635,2681,2001.0,Comedy Only in Da Hood
2636,2682,2005.0,Million Dollar Baby: Bonus Material
2637,2683,1979.0,Love for Lydia
2638,2684,1999.0,Julien Donkey-Boy
2639,2685,1986.0,Power
2640,2686,1999.0,Shiloh 2: Shiloh Season
2641,2687,2002.0,Shackleton
2642,2688,1994.0,The Memoirs of Sherlock Holmes
2643,2689,2002.0,Minority Report: Bonus Material
2644,2690,2000.0,The Emperor's New Groove
2645,2692,2000.0,Love Hina
2646,2693,1965.0,How to Stuff a Wild Bikini
2647,2694,2001.0,Jackie's Back
2648,2695,1998.0,Cirque du Soleil: Alegria
2649,2696,1950.0,Kiss Tomorrow Goodbye
2650,2697,2005.0,It's All Gone Pete Tong
2651,2698,1976.0,Freaky Friday
2652,2699,2003.0,The Missing
2653,2700,2005.0,ECW: One Night Stand
2654,2701,1955.0,Marty
2655,2702,1995.0,Last of the Summer Wine: Vintage 1995
2656,2703,1999.0,Murder at Devil's Glen
2657,2704,1962.0,Sahib Bibi Aur Ghulam
2658,2705,2001.0,How High
2659,2706,1981.0,Satte Pe Satta
2660,2707,1974.0,The Street Fighter
2661,2708,1999.0,Candyman 3: Day of the Dead
2662,2709,1988.0,Howling IV: The Original Nightmare
2663,2710,2004.0,Secrets of the Dead: Amazon Warrior Women
2664,2711,1998.0,Dirty Work
2665,2712,1984.0,The Hitcher
2666,2713,1953.0,Glen or Glenda
2667,2714,1953.0,Cat-Women of the Moon
2668,2715,1999.0,Whiteboyz
2669,2716,1993.0,Celine Dion: The Colour of My Love Concert
2670,2717,1998.0,Little Men
2671,2718,2002.0,Ultimate Beginner Xpress: An Introduction to Musical Styles: Acoustic Guitar
2672,2719,1996.0,The Politician's Wife
2673,2720,1992.0,Return to the Lost World
2674,2721,1983.0,Love Letters
2675,2723,2004.0,New Fist of the North Star
2676,2724,1995.0,The Incredibly True Adventure of 2 Girls in Love
2677,2725,2005.0,The Locker
2678,2726,2000.0,Napoleon
2679,2727,1985.0,The Golden Girls: Season 1
2680,2728,1981.0,Kill & Kill Again
2681,2729,1954.0,The Big Combo
2682,2730,2003.0,Calcutta Mail
2683,2731,1995.0,Tank Girl
2684,2732,2001.0,Uprising
2685,2733,1994.0,The Tom Green Show: Early Exposure: Raw Meat and Rare Treats
2686,2734,2001.0,From Hell
2687,2735,1954.0,Seven Brides for Seven Brothers: 50th Anniversary Edition
2688,2736,1998.0,Bjork: Cambridge
2689,2737,1981.0,Saturday the 14th
2690,2738,1993.0,Born Yesterday
2691,2739,1998.0,Digging to China
2692,2740,1991.0,Legend of the Dragon Kings: Red Dragon
2693,2741,2000.0,Refugee
2694,2742,2004.0,Volcano Above the Clouds: Nova
2695,2743,2002.0,The Pianist
2696,2744,2001.0,Cop on a Mission
2697,2745,2005.0,Bob the Builder: Bob's Big Plan
2698,2746,1999.0,Diamonds
2699,2747,1997.0,Short #5: Diversity
2700,2748,1980.0,The Sex Pistols: The Great Rock 'n' Roll Swindle
2701,2749,1999.0,The Big Tease
2702,2750,1963.0,8.5: Bonus Material
2703,2751,1991.0,Naked Gun 2 1/2: The Smell of Fear
2704,2752,2005.0,Alien Planet
2705,2753,1965.0,That Funny Feeling
2706,2754,2002.0,The Life of Mammals
2707,2755,1974.0,The Longest Yard
2708,2756,1992.0,Tenchi Muyo
2709,2757,1986.0,Back to School
2710,2758,1997.0,Finding North
2711,2759,2004.0,Laffapalooza! #1
2712,2760,1992.0,The East Is Red: Swordsman 3
2713,2761,1999.0,The Beatles: Celebration
2714,2762,2004.0,The Saddest Music in the World
2715,2763,1985.0,The Holcroft Covenant
2716,2764,1990.0,Kitaro: World Tour: Kojiki
2717,2765,1951.0,Cinema's Dark Side: Impact/ Second Woman/ They Made Me a Criminal
2718,2766,2001.0,Mujhe Kucch Kehna Hai
2719,2767,1944.0,Since You Went Away
2720,2768,2002.0,Callas Forever
2721,2769,2003.0,Cirque du Soleil: Varekai
2722,2770,2000.0,Niea 7
2723,2771,1984.0,Top Secret!
2724,2773,1973.0,Cleopatra Jones
2725,2774,1979.0,Yes: Live in Philadelphia
2726,2775,2002.0,Friday After Next
2727,2776,2000.0,Unbreakable: Bonus Material
2728,2777,1998.0,Restless
2729,2778,1974.0,Pink Floyd: Live at Pompeii: Director's Cut
2730,2779,2003.0,Dr. Seuss' The Cat in the Hat
2731,2780,1998.0,Dark City
2732,2781,2003.0,SD Gundam Force
2733,2782,1995.0,Braveheart
2734,2783,1993.0,Hocus Pocus
2735,2784,1972.0,Man of La Mancha
2736,2785,2003.0,Inhabited
2737,2786,2000.0,Seance
2738,2787,2003.0,s-Cry-ed
2739,2788,2005.0,Johnny Cash: Live at Montreux 1994
2740,2789,1976.0,Gus
2741,2790,1997.0,T.N.T.
2742,2791,1999.0,The Adventures of Elmo in Grouchland
2743,2792,1975.0,Aandhi
2744,2793,2003.0,Bob the Builder: Teamwork
2745,2794,1957.0,The Curse of Frankenstein
2746,2795,2001.0,The X-Files: Season 9
2747,2797,2003.0,Life of Buddha
2748,2798,1969.0,The Computer Wore Tennis Shoes
2749,2799,2005.0,Johnny Cash: Ridin' the Rails: The Great American Train Story
2750,2800,2001.0,Serendipity
2751,2801,2002.0,Derailed
2752,2802,2000.0,Mr. Rice's Secret
2753,2803,1995.0,Pride and Prejudice
2754,2804,1999.0,Muppets From Space
2755,2805,2005.0,Karl Rove: The Architect: Frontline
2756,2806,2000.0,The President's Man
2757,2807,1998.0,The Worst Witch: Battle of the Broomsticks
2758,2808,1959.0,Gidget
2759,2809,2005.0,Beauty Shop
2760,2810,2000.0,Blue Moon
2761,2811,1990.0,Roger Waters: The Wall: Live in Berlin
2762,2812,2000.0,Blood: The Last Vampire
2763,2813,2004.0,Bad Education
2764,2814,2002.0,Interview with the Assassin
2765,2815,1991.0,Ring of Fire
2766,2816,1986.0,Sherman's March
2767,2817,2000.0,Silent Witness
2768,2818,1986.0,The Police: Every Breath You Take
2769,2819,1998.0,Break Up
2770,2820,1988.0,Intruder
2771,2821,1985.0,Twice in a Lifetime
2772,2822,2003.0,Celebrity Mole: Hawaii
2773,2823,1985.0,D.A.R.Y.L.
2774,2824,2003.0,Bear in the Big Blue House: Practice Makes Perfect
2775,2825,2001.0,Midsomer Murders: Ring Out Your Dead
2776,2826,1996.0,Leading Man
2777,2827,1988.0,Depeche Mode: 101
2778,2828,1999.0,Judgment Day
2779,2829,1970.0,Angels / Getting into Heaven: Double Feature
2780,2831,1958.0,Indiscreet
2781,2832,2001.0,When Good Ghouls Go Bad
2782,2833,2004.0,Blue's Clues: Blue's Room Snacktime Playdate
2783,2834,1961.0,Blue Hawaii
2784,2835,2001.0,Opinion
2785,2836,2002.0,If I See You In My Dreams: OVA Series
2786,2837,1989.0,Story of Women
2787,2838,1999.0,'N Sync: 'N the Mix
2788,2839,2004.0,WWE: The Great American Bash
2789,2840,1977.0,Fantasm Comes Again
2790,2841,1976.0,Burnt Offerings
2791,2842,1985.0,The Slugger's Wife
2792,2843,2005.0,Last Days
2793,2844,2003.0,Skin Deep
2794,2845,2003.0,The Legend of Johnny Lingo
2795,2846,1999.0,Quick Tips from Golf's Greats
2796,2847,1920.0,The Mark of Zorro
2797,2848,1961.0,The Hustler
2798,2849,1974.0,Frosty's Winter Wonderland / 'Twas the Night Before Christmas
2799,2850,2004.0,City of Steel: Carrier
2800,2851,1993.0,Falling Down
2801,2852,1940.0,The Three Stooges: Nutty but Nice
2802,2853,1982.0,Silent Rage
2803,2855,1994.0,L'Enfer
2804,2856,2004.0,The Holy Girl
2805,2857,1965.0,The Spy Who Came In from the Cold
2806,2858,2000.0,Bounce: Bonus Material
2807,2859,1970.0,Flip Wilson
2808,2860,2000.0,Britannic
2809,2861,1996.0,Babylon 5: Season 4
2810,2862,1991.0,The Silence of the Lambs
2811,2863,2003.0,The Great Parks of Alaska
2812,2864,1990.0,Bobby's World: The Signature Episodes
2813,2865,1944.0,Going My Way / Holiday Inn
2814,2866,1999.0,Message in a Bottle
2815,2867,1998.0,St. Ives
2816,2868,1987.0,Maid to Order
2817,2869,2001.0,A Glimpse of Hell
2818,2870,2000.0,Captain Pantoja and the Special Services
2819,2871,2003.0,Carrot Top: Rocks Las Vegas
2820,2872,1998.0,Jeff Foxworthy: Totally Committed
2821,2873,1972.0,Joe Kidd
2822,2874,2003.0,Elf
2823,2875,1966.0,The Saint
2824,2876,1997.0,Addicted to Love
2825,2877,2001.0,Love Undercover
2826,2879,2004.0,Boz Scaggs: Greatest Hits Live
2827,2880,1975.0,The Wind and the Lion
2828,2881,2002.0,Zig Zag: Special Edition
2829,2882,1988.0,The Accidental Tourist
2830,2883,1991.0,Another You
2831,2884,1999.0,The Five Senses
2832,2885,2001.0,The Girl
2833,2886,1987.0,Grateful Dead: View from the Vault 4
2834,2887,1972.0,Koshish
2835,2888,2000.0,Sex & Mrs. X
2836,2890,1959.0,Sleeping Beauty: Special Edition
2837,2891,2000.0,Metroland
2838,2892,2003.0,Power Rangers: Ninja Storm
2839,2893,1927.0,The Little Rascals
2840,2894,1992.0,Freddie Mercury Tribute Concert
2841,2895,2005.0,Dragon Ball Z: Bio-Broly
2842,2896,1980.0,The Last Metro
2843,2897,1990.0,Gremlins 2: The New Batch
2844,2898,1958.0,Marjorie Morningstar
2845,2899,2004.0,Riding Giants
2846,2900,1970.0,Two Mules for Sister Sara
2847,2901,2004.0,Sarah Brightman: Live from Las Vegas
2848,2902,1998.0,Sarah McLachlan: Video Collection 1989-1998
2849,2903,1952.0,Scaramouche
2850,2904,1990.0,Danielle Steel's Kaleidoscope
2851,2905,1998.0,Croupier
2852,2906,2000.0,Jackie Chan Presents Gen-Y Cops
2853,2907,1961.0,Gidget Goes Hawaiian / Gidget Goes to Rome
2854,2908,1994.0,Richie Rich
2855,2909,1994.0,Treasure Hunt
2856,2910,1962.0,If a Man Answers
2857,2911,1997.0,The Alarmist
2858,2912,2003.0,Spider-Man: The New Animated Series: Season 1
2859,2913,2004.0,Finding Neverland
2860,2914,2000.0,Kasoor
2861,2915,1989.0,Till We Meet Again
2862,2916,1994.0,The Last Seduction
2863,2917,2002.0,The Ocean's 11 Story
2864,2918,2003.0,Momentum
2865,2919,2004.0,The Other Side of the Street
2866,2920,1987.0,Baby Boom
2867,2921,1980.0,The Big Red One: Special Edition
2868,2922,1989.0,Heathers
2869,2923,1992.0,Boris and Natasha
2870,2924,2001.0,Point Men
2871,2925,2002.0,Virginia's Run
2872,2926,1975.0,Innocents with Dirty Hands
2873,2927,1998.0,Everybody Loves Raymond: Season 3
2874,2928,2000.0,Dragon Ball Z: Captain Ginyu Saga
2875,2929,2003.0,Visitors
2876,2930,1938.0,Little Miss Broadway
2877,2931,2000.0,Cutaway
2878,2932,1993.0,1942: A Love Story
2879,2933,2000.0,Directors: Spike Lee
2880,2934,2004.0,Leslie Sansone: Walk Away the Pounds: Walk & Kick
2881,2935,1965.0,The Knack...and How to Get It
2882,2936,1963.0,Kingdom of Crooked Mirrors
2883,2937,1987.0,The Gate
2884,2938,1994.0,The Best of Friends: Season 1
2885,2939,2004.0,Michael Moore Hates America
2886,2940,1999.0,Existenz
2887,2941,1932.0,Love Me Tonight
2888,2942,1999.0,Friends: Season 6
2889,2943,1999.0,Battle Athletes Victory: Vol. 6: Willpower
2890,2944,1994.0,Hoop Dreams
2891,2945,1979.0,10
2892,2946,2004.0,Mary Magdalene: The Hidden Apostle
2893,2948,1998.0,Razor Blade Smile
2894,2949,1998.0,Polish Wedding
2895,2950,1957.0,Dr. Seuss' The Cat in the Hat
2896,2951,1996.0,Normal Life
2897,2952,1986.0,Tai-Pan
2898,2953,1987.0,Moonstruck
2899,2954,1982.0,My Favorite Year
2900,2955,1991.0,The Commitments
2901,2956,1995.0,Lie Down with Dogs
2902,2957,2001.0,City Hunter: Secret Service
2903,2958,2002.0,The Sea is Watching
2904,2959,1991.0,Legend of the Dragon Kings: Iron Dragon
2905,2960,2004.0,The Ladykillers
2906,2961,1999.0,Inferno
2907,2962,1973.0,Coffy
2908,2963,1983.0,L'Argent
2909,2964,1982.0,The Night of the Shooting Stars
2910,2965,1957.0,The Seventh Seal
2911,2966,2002.0,Awara Paagal Deewana
2912,2967,1993.0,Cronos
2913,2968,1996.0,Alive and Kicking
2914,2969,1998.0,The Suspect
2915,2970,2004.0,Junked
2916,2971,1996.0,Burn Up W
2917,2972,2002.0,American Psycho 2
2918,2973,1988.0,Texas Chainsaw Massacre: A Family Portrait
2919,2974,2004.0,Yu-Gi-Oh!: The Movie
2920,2975,1977.0,Doctor Who: Horror of Fang Rock
2921,2976,2004.0,Richard Pryor: I Ain't Dead Yet #*%$#@!! Uncensored
2922,2977,2002.0,Teknolust
2923,2978,1981.0,Shakespeare Tragedies: Othello
2924,2979,2003.0,Dead Can Dance: Toward the Within
2925,2980,1951.0,The Desert Fox
2926,2981,2000.0,Saturday Night Live: The Best of Eddie Murphy
2927,2982,2002.0,Big Bad Love
2928,2983,2004.0,Tornado
2929,2984,2002.0,Midsomer Murders: Murder on St. Malley's Day
2930,2985,1998.0,There's Something About Mary: Special Edition: Bonus Material
2931,2986,1992.0,Man Bites Dog
2932,2987,2004.0,Brothers in Arms
2933,2988,2000.0,About Adam
2934,2989,1951.0,The Thing From Another World
2935,2990,2004.0,Go Further
2936,2991,2005.0,Motorcycle Mania 3: Jesse James Rides Again
2937,2992,2003.0,The Rundown
2938,2993,2002.0,Wasted
2939,2994,1946.0,Road to Utopia
2940,2995,1997.0,Things I Left in Havana
2941,2996,2002.0,Ex-Driver
2942,2997,1955.0,The Court-Martial of Billy Mitchell
2943,2998,1986.0,Lucia Di Lammermoor: Donizetti: Australian Opera
2944,2999,2003.0,Bad Bizness
2945,3000,1989.0,The January Man
2946,3001,2003.0,Last of the Mississippi Jukes
2947,3002,1981.0,Knightriders
2948,3003,1951.0,The Three Stooges: Merry Mavericks
2949,3004,2000.0,Escanaba in da Moonlight
2950,3005,1992.0,As Time Goes By: Series 1 and 2
2951,3006,2004.0,You Got Served: Take it to the Streets
2952,3007,2000.0,Close Encounters: Proof of Alien Contact
2953,3008,1988.0,Super Drumming: Vol. 1
2954,3009,1968.0,Hellfighters
2955,3010,1998.0,Cadfael: The Potter's Field
2956,3011,2001.0,Danny in the Sky
2957,3012,2001.0,Dragon Ball Z: World Tournament
2958,3013,1973.0,Westworld
2959,3014,1986.0,The Boys Next Door
2960,3015,2004.0,The Final Cut
2961,3016,2003.0,Judas Priest: Electric Eye
2962,3017,1985.0,Cocoon
2963,3018,2004.0,WWE: Judgment Day 2004
2964,3019,1990.0,Warren Miller's Journey
2965,3020,1965.0,Hogan's Heroes: Season 1
2966,3021,2003.0,House of the Dead
2967,3022,1958.0,Wanted: Dead or Alive: Season 1
2968,3024,2001.0,In Praise of Love
2969,3025,2000.0,Ah! My Goddess: The Movie
2970,3026,1981.0,The Four Seasons
2971,3027,1973.0,Ciao! Manhattan
2972,3028,2000.0,The Seven Wonders of the Ancient World
2973,3029,1998.0,T-Rex: Back to the Cretaceous: IMAX
2974,3030,2001.0,The Mists of Avalon
2975,3031,1996.0,Pompatus of Love
2976,3032,1938.0,The Adventures of Robin Hood: Bonus Material
2977,3033,2005.0,Ghost in the Shell: Stand Alone Complex: 2nd Gig
2978,3034,1970.0,The Partridge Family: Season 1
2979,3035,1989.0,Cousins
2980,3036,2003.0,Killing Words
2981,3037,1999.0,National Geographic: Surviving Everest
2982,3038,1992.0,Royal Tramp
2983,3039,1967.0,Dark Shadows: Vol. 1
2984,3040,1968.0,Here's Lucy
2985,3041,2000.0,Little Shots of Happiness
2986,3042,1994.0,A Million to Juan
2987,3043,1995.0,Lord of Illusions
2988,3044,2003.0,The Inheritance
2989,3045,1997.0,Mean Guns
2990,3046,1990.0,The Simpsons: Treehouse of Horror
2991,3047,1989.0,The Fabulous Baker Boys
2992,3048,1990.0,Two Evil Eyes
2993,3049,1976.0,At the Earth's Core
2994,3050,1997.0,Robin Hood Gang (aka Angels in the Attic)
2995,3051,2000.0,Ultimate Attraction
2996,3052,1992.0,The Highwaymen: On the Road Again
2997,3053,2003.0,Godfathers Collection: True History of the Mafia
2998,3054,2003.0,I'm Not Scared
2999,3055,2001.0,Nicholas Nickleby (TV Miniseries)
3000,3056,1983.0,Android
3001,3057,2004.0,UFC 43: Ultimate Fighting Championship: Meltdown
3002,3058,1979.0,Escape from Alcatraz
3003,3059,1989.0,Black Rainbow
3004,3060,2002.0,Midnight Street Racing
3005,3061,1999.0,One Love: The Bob Marley All-Star Tribute
3006,3062,1971.0,On Any Sunday
3007,3063,2004.0,Crimson Rivers 2: Angels of the Apocalypse
3008,3064,2003.0,Emmanuelle in Hong Kong
3009,3065,1977.0,For the Love of Benji
3010,3066,1948.0,Loves of Carmen
3011,3067,2004.0,Teen Titans: Season 2
3012,3068,1999.0,Harlock Saga
3013,3069,2005.0,Strawberry Shortcake: Dress Up Days
3014,3070,1936.0,Pennies from Heaven
3015,3071,1973.0,The Way We Were
3016,3072,1992.0,Aileen Wuornos: The Selling of a Serial Killer
3017,3073,1997.0,Ballykissangel: Series 2
3018,3074,2004.0,Ethics and the World Crisis: A Dialogue with the Dalai Lama
3019,3075,2002.0,The Roman Empire in the First Century
3020,3076,1998.0,Shadow of Doubt
3021,3077,1997.0,Turbulence
3022,3078,1994.0,The Best of Friends: Season 2
3023,3079,1994.0,The Lion King: Special Edition
3024,3080,1966.0,Duel at Diablo
3025,3081,1972.0,Sanford and Son: Season 4
3026,3082,1985.0,Murphy's Romance
3027,3084,1975.0,Rollerball
3028,3085,2000.0,Little Nicky
3029,3086,1994.0,The Road to Wellville
3030,3087,1995.0,Kristin Lavransdatter
3031,3088,1985.0,Randy Newman: At the Odeon
3032,3089,1981.0,The BRD Trilogy: Lola
3033,3090,1985.0,Red Sonja
3034,3091,2000.0,Live Nude Girls Unite!
3035,3092,2004.0,The Hollow
3036,3093,1968.0,Barbarella
3037,3094,2001.0,According to Spencer
3038,3095,1984.0,Birdy
3039,3096,2000.0,Midnight Tease 1 & 2
3040,3097,2001.0,Crash Course
3041,3098,1990.0,Three Men and a Little Lady
3042,3099,2005.0,Dears
3043,3100,1992.0,Beyond the Mind's Eye
3044,3101,1997.0,Dangerous Ground
3045,3102,1978.0,Damien: Omen II
3046,3103,1974.0,Candy Stripe Nurses
3047,3104,2001.0,Guardian
3048,3105,1975.0,Friday Foster
3049,3106,1990.0,Ghost
3050,3107,1999.0,Mulan
3051,3108,1995.0,Junkers Come Here
3052,3109,1987.0,Nekromantik
3053,3110,1998.0,Anima
3054,3111,2000.0,Nora
3055,3112,2004.0,Liberty! The American Revolution
3056,3113,1997.0,Dante's Peak
3057,3114,1969.0,The Butcher
3058,3115,2001.0,Kabhi Khushi Kabhie Gham
3059,3116,1987.0,Prick Up Your Ears
3060,3117,1989.0,Campion: Death of a Ghost
3061,3118,2001.0,Inbred Rednecks
3062,3119,1997.0,Lewis and Clark: The Journey of the Corps of Discovery
3063,3120,1955.0,Rififi
3064,3121,1943.0,Ossessione
3065,3122,2000.0,The Powerpuff Girls: Down 'n' Dirty
3066,3123,2004.0,Art Heist
3067,3124,1953.0,Titanic
3068,3125,2003.0,Chi-Hwa-Seon: Painted Fire
3069,3126,2000.0,The Sight
3070,3127,1995.0,The Mangler
3071,3128,1984.0,Starman
3072,3129,1974.0,For Pete's Sake
3073,3130,2004.0,Cedric the Entertainer Presents
3074,3131,1981.0,Kaalia
3075,3132,1998.0,Rasen
3076,3133,1999.0,Esther: The Bible
3077,3134,1999.0,Beautiful People
3078,3135,1991.0,Frankie and Johnny
3079,3136,1970.0,Vampyros Lesbos
3080,3137,1915.0,Les Vampires
3081,3138,2004.0,Blade: Trinity
3082,3139,1962.0,Zatoichi
3083,3141,1997.0,Curtain Call
3084,3142,2005.0,Ma Mere
3085,3143,2004.0,King Solomon's Mines
3086,3144,1957.0,A Matter of Dignity
3087,3145,1993.0,Lost in Yonkers
3088,3146,2000.0,Sade
3089,3147,1964.0,The Twilight Zone: Vol. 25
3090,3148,1996.0,The English Patient
3091,3149,2003.0,Pompeii: The Last Day
3092,3150,2000.0,Monty Python: The Life of Python
3093,3151,2004.0,Napoleon Dynamite
3094,3152,2003.0,The Skulls III
3095,3153,1965.0,Doctor Zhivago
3096,3154,2002.0,Robert Thurman on Tibet
3097,3155,1965.0,Thunderbirds
3098,3156,1970.0,Julius Caesar
3099,3157,1964.0,I Am Cuba
3100,3158,1934.0,John Wayne: Man from Utah/Sagebrush Trail/Riders of Destiny/Star Packer
3101,3159,1983.0,The Hunger
3102,3160,2000.0,The Man Who Cried
3103,3161,2001.0,Scary Movie 2
3104,3162,2004.0,Hardcore
3105,3164,1937.0,Stella Dallas
3106,3165,1988.0,Dirty Rotten Scoundrels
3107,3166,1945.0,Charlie Chan: The Shanghai Cobra
3108,3167,2004.0,Joe Pass: An Evening With
3109,3168,1987.0,Evil Dead 2: Dead by Dawn
3110,3169,1994.0,DNA2
3111,3170,2002.0,Together
3112,3171,2001.0,Formula One 2000
3113,3172,1982.0,SCTV Network 90: Vol. 2
3114,3173,1978.0,Pennies From Heaven
3115,3174,2002.0,Stealing Harvard
3116,3175,2000.0,ECW: Path of Destruction
3117,3176,1986.0,The Decline of the American Empire
3118,3177,1992.0,Sister Wendy: The Complete Collection
3119,3178,2003.0,Pokemon Master Quest: Collector's Box: Quest 2
3120,3179,1993.0,Bloodfist 5: Human Target
3121,3180,2005.0,Thin Man Collection: Alias Nick and Nora
3122,3181,2000.0,Batman Beyond: Return of the Joker
3123,3182,1997.0,Private Parts
3124,3183,1998.0,King of the Hill: Season 3
3125,3184,1985.0,Desert Hearts
3126,3185,2001.0,Teenage Caveman
3127,3186,1996.0,Sprung
3128,3187,1984.0,Grand Canyon: Hidden Secrets: IMAX
3129,3188,1973.0,The Crazies
3130,3189,1998.0,The Treat
3131,3190,1993.0,Heaven & Earth
3132,3191,2000.0,Tha EastSidaz
3133,3192,1991.0,Double Impact
3134,3193,2000.0,Peach/ A Bitter Song/ Lavendar Limelight
3135,3194,2003.0,AcceleRacers
3136,3195,1998.0,Saving Private Ryan: Bonus Material
3137,3196,1997.0,Leave it to Beaver
3138,3197,2004.0,Around the World in 80 Days
3139,3198,1991.0,The Addams Family
3140,3199,1998.0,Tactical Assault
3141,3200,1973.0,Charley Varrick
3142,3201,2001.0,Billy Bragg and Wilco: Man in the Sand
3143,3202,1993.0,Bride with White Hair 2
3144,3203,1994.0,Dragon Chronicles
3145,3204,2003.0,SpiderBabe
3146,3205,1990.0,Mirror Mirror
3147,3206,2000.0,On Any Sunday Revisited
3148,3207,1942.0,The Flying Tigers
3149,3208,2000.0,All I Wanna Do
3150,3209,2002.0,My Left Eye Sees Ghosts
3151,3210,1998.0,Jack Frost
3152,3211,1995.0,Marmalade Boy: Ultimate Scrapbook: Vol. 3
3153,3212,1996.0,George Carlin: George's Best Stuff
3154,3213,2000.0,Forbidden
3155,3214,2004.0,Wing Chun: Self Defense
3156,3215,1999.0,Judy Berlin
3157,3216,1986.0,Children of a Lesser God
3158,3217,1991.0,Robin Hood
3159,3218,1990.0,Hamlet
3160,3219,2000.0,Campfire Stories
3161,3220,2001.0,Xena: Warrior Princess: Series Finale
3162,3221,1999.0,Paradise Lost 2: Revelations
3163,3222,1994.0,Guarding Tess
3164,3223,1929.0,Nosferatu: Original Version
3165,3224,1930.0,All Quiet on the Western Front
3166,3225,1987.0,A Nightmare on Elm Street 3: Dream Warriors
3167,3226,1938.0,Bringing Up Baby
3168,3228,1990.0,Heart Condition
3169,3229,2002.0,Dinotopia
3170,3230,1951.0,The Best of the Red Skelton Show
3171,3231,1994.0,Picture Bride
3172,3232,1976.0,The Enforcer
3173,3233,1994.0,The Allman Brothers Band: Brothers of the Road
3174,3234,2004.0,The Corporation: Bonus Material
3175,3235,1979.0,The Real Andy Kaufman
3176,3236,1989.0,976-Evil
3177,3237,1996.0,Plump Fiction
3178,3239,2001.0,The Princess Diaries (Fullscreen)
3179,3240,1952.0,Bend of the River
3180,3241,1999.0,Suze Orman: The Courage to be Rich
3181,3242,1998.0,Like It Is
3182,3243,2000.0,Mermaid
3183,3244,2003.0,Power Yoga Total Body with Rodney Yee
3184,3245,1972.0,Avanti!
3185,3246,2004.0,Homeland Security
3186,3247,2005.0,The Looney Tunes Golden Collection: Vol. 3
3187,3248,1946.0,Make Mine Music
3188,3249,2000.0,Race Against Time
3189,3250,2003.0,Truth Be Told
3190,3251,2004.0,Avalanche: Nature Unleashed
3191,3252,1990.0,C'est la Vie
3192,3253,1998.0,The Opposite of Sex
3193,3254,2003.0,Daredevil
3194,3255,1999.0,The Velocity of Gary
3195,3256,2003.0,Swimming Pool
3196,3257,1990.0,Takegami: Guardian of Darkness: War God
3197,3258,2002.0,State Property
3198,3259,1959.0,Sleeping Beauty: Special Edition: Bonus Material
3199,3260,1928.0,The Man Who Laughs
3200,3261,2000.0,The House on Sorority Row
3201,3262,1997.0,Gray's Anatomy
3202,3263,2004.0,Broadway: The Golden Age
3203,3264,1993.0,Aspen Extreme
3204,3265,1990.0,The Grifters
3205,3266,1961.0,Dr. Seuss: Green Eggs and Ham and Other Favorites
3206,3267,1994.0,Muriel's Wedding
3207,3268,1988.0,The Blob
3208,3269,1962.0,The Longest Day
3209,3270,1993.0,Where the Rivers Flow North
3210,3271,2004.0,Schizo
3211,3272,1988.0,Everybody's All American
3212,3273,1984.0,Doctor Who: Resurrection of the Daleks
3213,3274,1998.0,Half Baked
3214,3275,2002.0,Simone
3215,3276,1987.0,Cry Freedom
3216,3277,2003.0,The Best of Ground Force: Garden Rescues
3217,3278,1993.0,The Best of the Blues Brothers
3218,3279,1967.0,Charlie the Lonesome Cougar
3219,3280,2003.0,Return to the Bat Cave: The Misadventures of Adam and Burt
3220,3281,2002.0,Larryboy: Leggo My Ego
3221,3282,2004.0,Sideways
3222,3283,1994.0,Cadfael: Monk's Hood
3223,3284,1998.0,Last Breath
3224,3285,1986.0,Flight of the Navigator
3225,3286,2003.0,Tsui Hark's Vampire Hunters
3226,3287,2003.0,Terminator 3: Rise of the Machines: Bonus Material
3227,3288,1978.0,Wonder Woman: Season 3
3228,3289,2001.0,My Louisiana Sky
3229,3291,2004.0,Howard Zinn: You Can't Be Neutral on a Moving Train
3230,3292,1956.0,The Great Locomotive Chase
3231,3293,2002.0,Waydowntown
3232,3294,2001.0,Alice Cooper: The Alice Cooper Story
3233,3295,1988.0,Action Jackson
3234,3296,2004.0,Once Upon a Time
3235,3297,2000.0,King of the Cage: Knockout Nightmare
3236,3298,2000.0,Baller Blockin
3237,3299,1991.0,Clarissa Explains It All: Season 1
3238,3300,1993.0,Suraj Ka Satwan Ghoda
3239,3301,1994.0,Burnt by the Sun
3240,3302,1989.0,Speaking Parts
3241,3303,1992.0,Reservoir Dogs: Bonus Material
3242,3304,1970.0,Taste the Blood of Dracula
3243,3305,1963.0,Son of Flubber
3244,3306,1990.0,Bad Influence
3245,3307,2003.0,Big Brother 4
3246,3308,1997.0,Treasure Island
3247,3309,2001.0,The Pledge
3248,3310,1984.0,All of Me
3249,3311,2002.0,Vampire Clan
3250,3312,2001.0,Original Sin
3251,3313,1999.0,The Substitute/The Substitute 3
3252,3314,1989.0,Mighty Quinn
3253,3315,1941.0,The Maltese Falcon
3254,3316,2002.0,Bartleby
3255,3317,1983.0,Lianna
3256,3318,1991.0,Ozzy Osbourne: Don't Blame Me
3257,3319,1990.0,Sorority House Massacre II
3258,3320,2002.0,About a Boy
3259,3321,1999.0,In Dreams
3260,3322,1959.0,The Mysterians
3261,3323,2003.0,Family Business: Season 1
3262,3324,2000.0,Scooby-Doo's Original Mysteries
3263,3325,1998.0,Devil in the Flesh
3264,3326,1996.0,Chain Reaction
3265,3327,1998.0,The Unreal Story of Pro Wrestling
3266,3328,2001.0,Bears: IMAX
3267,3329,1991.0,INXS: Live Baby Live
3268,3330,2002.0,The Secret Life of the Brain
3269,3331,1971.0,Bananas
3270,3332,1997.0,Spike and Mike's Sick & Twisted Festival of Animation
3271,3333,2004.0,The Village
3272,3334,1999.0,My Son the Fanatic
3273,3335,1990.0,The Tall Guy
3274,3336,2000.0,Psycho Beach Party
3275,3337,2004.0,Monster Island
3276,3338,2004.0,Very Best of Cher: The Video Hits Collection
3277,3339,1950.0,Love Happy
3278,3340,2004.0,Black Cloud
3279,3341,1975.0,The Legend of Boggy Creek
3280,3342,1973.0,The Day of the Jackal
3281,3343,1999.0,Leprechaun 5: In the Hood
3282,3344,1998.0,Rear Window
3283,3345,2004.0,Mezzo
3284,3346,1942.0,Bambi: Platinum Edition: Bonus Material
3285,3347,2003.0,Honey
3286,3348,2001.0,George Carlin: Complaints and Grievances
3287,3349,1991.0,Carmen: Bizet: Covent Garden
3288,3350,2000.0,Reindeer Games
3289,3351,1987.0,Gospel According to Al Green
3290,3352,2001.0,The Living Edens: The Lost World: Venezuela's Ancient Tepuis
3291,3353,1999.0,Midnight Panther
3292,3354,1991.0,Mystery Science Theater 3000: Santa Claus Conquers the Martians
3293,3355,1997.0,The Ice Storm
3294,3356,1940.0,The Howards of Virginia
3295,3357,2002.0,Fear of the Dark
3296,3358,1983.0,Faerie Tale Theatre: Snow White and the Seven Dwarfs
3297,3359,2005.0,Sam Kinison: Outlaws of Comedy
3298,3360,1946.0,Wanted for Murder
3299,3361,2002.0,Hairdo U
3300,3362,2003.0,Sakura Wars TV
3301,3363,1995.0,Grim
3302,3364,1998.0,The Parent Trap
3303,3365,1996.0,National Geographic: Nature's Fury
3304,3366,1945.0,Film Noir Collection: Scarlet Street
3305,3367,2001.0,The Last Kiss
3306,3368,2000.0,The Family Man
3307,3369,1939.0,The Little Princess
3308,3370,1991.0,Murder in New Hampshire
3309,3371,2003.0,Whale Rider
3310,3372,1996.0,Two Much
3311,3373,1948.0,La Terra Trema
3312,3374,2000.0,Madadayo
3313,3375,1987.0,Extreme Prejudice
3314,3376,1958.0,The Vikings
3315,3377,2004.0,Unsolved History: Jack the Ripper
3316,3378,1999.0,Southpaw
3317,3379,1995.0,Strange Days
3318,3380,2000.0,Possible Loves
3319,3381,1988.0,Degrassi Junior High: Season 3
3320,3382,1999.0,The Mission
3321,3383,1963.0,My Favorite Martian: Season 1
3322,3384,1986.0,Shaka Zulu
3323,3385,2002.0,28 Days Later
3324,3386,2000.0,Blacktop
3325,3387,1916.0,Intolerance
3326,3388,2000.0,Company Man
3327,3389,1972.0,Lone Wolf and Cub: Sword of Vengeance
3328,3390,1995.0,Slayers DVD Collection
3329,3391,2003.0,Where the Red Fern Grows
3330,3392,1973.0,Baba Yaga
3331,3393,1979.0,Tourist Trap
3332,3394,1989.0,Saved by the Bell: Season 1
3333,3395,2005.0,Queer Eye for the Straight Guy: Carson's Style
3334,3396,1995.0,R.E.M.: Parallel
3335,3397,1985.0,Once Bitten
3336,3398,1979.0,The Apple Dumpling Gang Rides Again
3337,3399,1970.0,The Meatrack / Sticks and Stones: Double Feature
3338,3400,1953.0,James Dean Era
3339,3401,1987.0,The Whales of August
3340,3402,1978.0,The Incredible Hulk: The TV Series Ultimate Collection
3341,3403,1960.0,Exodus
3342,3404,2000.0,Not One Less
3343,3405,2002.0,The Dead Zone: Season 2
3344,3406,2002.0,Our America
3345,3407,1989.0,Jasper Johns: Ideas in Paint
3346,3408,1998.0,High Art
3347,3409,1998.0,The Grand: Series Two
3348,3410,2001.0,Shadow Magic
3349,3411,2004.0,Everyone
3350,3412,2003.0,The Tao of Skateboarding
3351,3413,1961.0,Victim
3352,3414,1995.0,Pocahontas
3353,3415,2003.0,Chori Chori
3354,3416,1987.0,Masters of the Universe
3355,3417,1974.0,General Idi Amin Dada
3356,3418,1993.0,Sister Act 2: Back in the Habit
3357,3419,1935.0,The Three Stooges: Three Stooges in History
3358,3420,1992.0,Thunderheart
3359,3421,1982.0,The Return of Martin Guerre
3360,3422,2001.0,Cinderella II
3361,3423,1968.0,Where Eagles Dare
3362,3424,2001.0,The Pool
3363,3425,1990.0,GoodFellas: Special Edition: Bonus Material
3364,3426,1938.0,Flash Gordon's Trip to Mars
3365,3427,2002.0,Men in Black II
3366,3430,2005.0,Tenjho Tenge
3367,3431,2001.0,Green Day: International Supervideos!
3368,3432,1964.0,The Moon-Spinners
3369,3433,1992.0,Forever Young
3370,3434,2002.0,The Mothman Prophecies
3371,3435,2000.0,The House of Seven Corpses
3372,3436,1976.0,Embryo
3373,3437,1994.0,The Stand
3374,3438,1997.0,Sharpe 12: Sharpe's Revenge
3375,3439,1986.0,Tampopo
3376,3441,2005.0,Kicking & Screaming
3377,3442,2002.0,Samurai Jack: Season 2
3378,3443,1976.0,Stay Hungry
3379,3444,2004.0,Family Guy: Freakin' Sweet Collection
3380,3445,2002.0,Chopin: Desire for Love
3381,3446,2002.0,Spirited Away
3382,3447,1997.0,Face the Evil
3383,3448,1969.0,How to Commit Marriage
3384,3449,2003.0,Grand Theft Parsons
3385,3450,2003.0,WWE: Survivor Series 2004
3386,3451,1990.0,State of Grace
3387,3452,2004.0,Goosebumps: The Haunted Mask II
3388,3453,1934.0,The Man Who Knew Too Much
3389,3454,2004.0,Kenny Chesney: Greatest Hits
3390,3455,2002.0,Time Changer
3391,3456,2004.0,Lost: Season 1
3392,3457,1920.0,Slapstick Symposium: The Harold Lloyd Collection
3393,3458,1994.0,Mute Witness
3394,3459,2000.0,Look in My Shorts
3395,3460,1978.0,Deathsport
3396,3461,2001.0,The Iron Ladies
3397,3462,2002.0,Bliss: Season 1
3398,3463,1999.0,10 Things I Hate About You
3399,3464,2004.0,Stateside
3400,3465,1965.0,Die Monster Die!
3401,3466,2001.0,Spy Kids
3402,3467,1990.0,Shrimp on the Barbie
3403,3468,1997.0,Music for Montserrat
3404,3469,1955.0,The Night of the Hunter
3405,3470,1978.0,Big Wednesday
3406,3471,1964.0,Spider Baby
3407,3472,2000.0,You're Invited to Mary-Kate and Ashley's School Dance Party
3408,3473,1965.0,Shakespeare Wallah
3409,3474,1982.0,Lonely Hearts
3410,3475,1999.0,Batman Beyond: The Movie
3411,3476,2002.0,Strawberry Shortcake: Meet Strawberry Shortcake
3412,3477,1997.0,Off the Menu: The Last Days of Chasens
3413,3478,1993.0,The Man Without a Face
3414,3479,2002.0,Deceived
3415,3480,1990.0,Narrow Margin
3416,3481,1999.0,Ravenous
3417,3482,2001.0,Nero Wolfe: Season 1
3418,3483,1999.0,Soft Hearts
3419,3484,1999.0,A Texas Funeral
3420,3485,1978.0,Dracula: The Satanic Rites
3421,3486,1999.0,The Source
3422,3487,1963.0,The Twilight Zone: Vol. 16
3423,3488,2002.0,Dark Heaven
3424,3489,1981.0,Time Bandits
3425,3490,1997.0,Retroactive
3426,3491,2001.0,National Geographic: Beyond the Movie: The Lord of the Rings
3427,3492,1993.0,Map of the Human Heart
3428,3493,1987.0,Radio Bikini
3429,3494,1949.0,The Inspector General
3430,3495,1993.0,Batman: Mask of the Phantasm
3431,3496,1998.0,Vampires
3432,3497,1979.0,The Scarlet Letter
3433,3498,1963.0,Combat! Season 2: Mission 1
3434,3499,1998.0,Gundam Movie III
3435,3500,2000.0,Drunken Master
3436,3501,2000.0,Mailer on Mailer
3437,3502,2001.0,Shania Twain: The Specials
3438,3503,1991.0,The Very Best of the Ed Sullivan Show: Vol. 2: The Greatest Entertainers
3439,3504,1986.0,Demons 2
3440,3505,2001.0,Freddy Got Fingered
3441,3506,2002.0,24 Hour Party People
3442,3507,1993.0,Extreme Justice
3443,3508,1990.0,Die Fledermaus: Strauss: Royal Opera
3444,3510,1996.0,Hard Eight
3445,3511,1998.0,The Best of MusikLaden: Vols. 1 & 2
3446,3512,1998.0,GTO: Great Teacher Onizuka: Set 1
3447,3513,1963.0,Lilies of the Field
3448,3514,1998.0,Full Speed
3449,3515,1991.0,Jungle Fever
3450,3516,2004.0,In the Face of Evil: Reagan's War in Word and Deed
3451,3517,1995.0,500 Nations
3452,3518,2000.0,Eros Blockbuster Hits Vol. 2
3453,3519,1997.0,Area 51
3454,3520,2003.0,The Incredible Mrs. Ritchie
3455,3521,2000.0,Coupling: Season 1
3456,3522,2002.0,City by the Sea
3457,3523,1992.0,Star Trek: The Next Generation: Season 6
3458,3524,1994.0,Pulp Fiction: Bonus Material
3459,3525,2001.0,Replicant
3460,3526,1981.0,Halloween II
3461,3527,1952.0,Othello
3462,3528,1995.0,The Outer Limits: The New Series: Death & Beyond
3463,3529,1999.0,Twin Dragons
3464,3530,1962.0,My Life to Live
3465,3531,2002.0,Transformers Armada
3466,3532,1993.0,Undercover Blues
3467,3533,2003.0,In This World
3468,3534,1971.0,Death in Venice
3469,3535,1986.0,9 1/2 Weeks
3470,3536,1970.0,Myra Breckenridge
3471,3537,1975.0,Hand of Death
3472,3538,1988.0,Beaches
3473,3539,2003.0,National Geographic: Inside Mecca
3474,3540,1989.0,Solar Crisis
3475,3541,1981.0,History of the World: Part 1
3476,3542,1996.0,Beautiful Thing
3477,3543,1999.0,Noah's Ark
3478,3544,1968.0,The Odd Couple
3479,3545,2003.0,Scourge of Worlds: A Dungeons and Dragons Adventure
3480,3546,1967.0,Speed Racer
3481,3547,2005.0,Arakimentari
3482,3548,2001.0,The Rat Pack's Las Vegas
3483,3549,1963.0,Night Tide
3484,3550,2000.0,Labyrinth of Flames
3485,3551,1977.0,Pete's Dragon
3486,3552,1998.0,Dirt Merchant
3487,3553,1959.0,The Great St. Louis Bank Robbery
3488,3554,1924.0,The Last Laugh
3489,3555,2004.0,A Talking Picture
3490,3556,2005.0,Seizing Me
3491,3557,2000.0,Gun Shy
3492,3558,2000.0,Catherine Cookson's: The Secret
3493,3559,2003.0,Cowboys & Angels
3494,3560,1992.0,The Mambo Kings
3495,3562,1962.0,No Man Is an Island
3496,3563,1989.0,Earth Girls Are Easy
3497,3564,1998.0,Humanite
3498,3565,2004.0,Meet the Browns
3499,3566,1993.0,Outrage
3500,3567,2004.0,Starship Troopers 2: Hero of the Federation
3501,3568,1985.0,Come and See
3502,3570,2003.0,Scooby-Doo and the Monster of Mexico
3503,3571,1999.0,200 Cigarettes
3504,3572,2001.0,Aftermath: The Remnants of War
3505,3573,1993.0,Cop and a Half
3506,3574,1964.0,Doctor Who: The Aztecs
3507,3575,2005.0,The Worst Horror Movie Ever Made
3508,3576,1991.0,Salmonberries
3509,3577,1999.0,Escape to Watership Down
3510,3578,2005.0,Motley Crue: Carnival of Sins
3511,3579,2003.0,2 Fast 2 Furious
3512,3580,1985.0,Rick Springfield: The Beat of the Live Drum
3513,3581,1999.0,Cradle Will Rock
3514,3582,1941.0,How Green Was My Valley
3515,3583,1994.0,Exit to Eden
3516,3584,1984.0,A Private Function
3517,3585,2002.0,Dead or Alive Final
3518,3586,1982.0,Tannhauser: Wagner: Metropolitan Opera
3519,3587,1955.0,Abbott & Costello Meet the Mummy
3520,3588,1967.0,Zatoichi the Outlaw
3521,3589,1999.0,Mr. Bill Goes Hollywood / Mr. Bill Does Vegas
3522,3590,1963.0,Jason and the Argonauts
3523,3592,2001.0,The North Face Expeditions: Everest and Bonus Footage
3524,3593,1988.0,My Neighbor Totoro
3525,3594,1990.0,The Old Man and the Sea
3526,3596,1999.0,The Grandfather
3527,3597,1994.0,Pumpkinhead 2: Blood Wings
3528,3598,1972.0,The Seduction of Mimi
3529,3599,1971.0,Walkabout
3530,3600,1997.0,Head Above Water
3531,3601,1958.0,Kings Go Forth
3532,3602,2003.0,The Who
3533,3603,2005.0,PRIDE FC: Critical Countdown 2004
3534,3604,1997.0,Wedding Bell Blues
3535,3605,1939.0,The Wizard of Oz: Collector's Edition
3536,3606,2000.0,Boxer Shorts
3537,3607,2000.0,Frightmare
3538,3608,1998.0,From the Earth to the Moon: The Signature Edition
3539,3609,1987.0,Predator: Collector's Edition: Bonus Material
3540,3610,1992.0,Lethal Weapon 3
3541,3611,2000.0,Man on the Moon
3542,3612,1988.0,Chocolat
3543,3613,1995.0,Jack and Sarah
3544,3614,1988.0,Rouge
3545,3615,1946.0,Beauty and the Beast
3546,3616,2003.0,Dixie Chicks: An Evening With the Dixie Chicks
3547,3617,1992.0,Death Becomes Her
3548,3618,1998.0,Longest Nite
3549,3619,1998.0,Pirates of Penzance: Gilbert & Sullivan: Stratford Festival
3550,3620,1995.0,Nothing Funny
3551,3621,2003.0,All Purpose Cultural Cat Girl Nuku Nuku Dash
3552,3622,1993.0,Barbarians at the Gate
3553,3623,2002.0,Daughter from Danang: American Experience
3554,3624,2003.0,The Last Samurai
3555,3625,1983.0,Suburbia
3556,3626,2002.0,25th Hour
3557,3627,2003.0,The Gin Game
3558,3628,2002.0,The Night Before Christmas and More Christmas Stories
3559,3629,1997.0,The Boys Club
3560,3630,1995.0,Victory
3561,3631,1993.0,Nemesis
3562,3632,1996.0,Darkdrive
3563,3633,2003.0,Linkin Park: Live in Texas
3564,3635,1994.0,Carmen Miranda: Bananas Is My Business
3565,3636,2005.0,The Work of Director Mark Romanek
3566,3637,1996.0,Ed McBain's 87th Precinct
3567,3638,2003.0,Bad Boys II
3568,3639,1944.0,Alfred Hitchcock Shorts: Bon Voyage/ Aventure Malgache
3569,3640,2003.0,Inspector Gadget 2
3570,3641,2004.0,Funny Ladies
3571,3642,2001.0,Highway
3572,3643,2002.0,Nero Wolfe: Season 2
3573,3644,1979.0,The Shape of Things to Come
3574,3645,1986.0,Mecha Masters: M.D. Geist / M.D. Geist: Death Force
3575,3646,2004.0,Lady Death
3576,3647,1987.0,Death Before Dishonor
3577,3648,1988.0,Who Framed Roger Rabbit?: Special Edition
3578,3649,1965.0,Von Ryan's Express
3579,3650,1983.0,War Games
3580,3651,1972.0,Bad Company
3581,3652,2002.0,Happy Tree Friends
3582,3653,1989.0,Mozart: Don Giovanni: Teatro Alla Scala
3583,3654,1985.0,Fandango
3584,3655,2002.0,Taboo
3585,3656,2005.0,Expo: Magic of the White City
3586,3657,1999.0,Black and White
3587,3658,1988.0,Zombie 3
3588,3659,1968.0,The Horse in the Gray Flannel Suit
3589,3660,1977.0,Iron Monkey
3590,3661,2002.0,Fruit of the Vine
3591,3662,1994.0,House of Cards Trilogy II: To Play the King
3592,3663,2002.0,Sabrina the Teenage Witch: Friends Forever
3593,3664,1981.0,Montenegro
3594,3665,1999.0,Power Play
3595,3666,2003.0,Out of the Ashes
3596,3667,1986.0,Shanghai Surprise
3597,3668,2000.0,Farscape: Season 2
3598,3669,2003.0,Deewana
3599,3670,1992.0,Encino Man
3600,3671,2004.0,Laughing Matters
3601,3672,1985.0,My Science Project
3602,3673,1998.0,Coming Home
3603,3674,1998.0,Cats: The Ultimate Edition
3604,3675,2002.0,The Guys
3605,3676,1995.0,The Wanderers
3606,3677,2000.0,Sesame Street: Let's Make Music
3607,3678,2000.0,House Party 4: Down to the Last Minute
3608,3679,2002.0,Commanding Heights: The Battle for the World Economy
3609,3680,1995.0,Hackers
3610,3681,1997.0,Hav Plenty
3611,3682,1998.0,Dennis the Menace Strikes Again
3612,3683,2001.0,Gale Force
3613,3684,1964.0,Goldfinger
3614,3685,2000.0,Scooby-Doo's Spookiest Tales
3615,3686,2001.0,Good Advice
3616,3687,2005.0,Beautiful Boxer
3617,3688,2001.0,WTC: The First 24 Hours
3618,3689,2005.0,The Amityville Horror
3619,3690,2003.0,Roast of Denis Leary: Uncensored
3620,3691,1987.0,Slumber Party Massacre II
3621,3692,1926.0,Mother (Russian Silent)
3622,3693,1965.0,Sword of the Beast
3623,3694,1980.0,Air Crew
3624,3695,1996.0,The Secret Agent
3625,3696,1998.0,The Impostors
3626,3697,2002.0,Proof Positive
3627,3698,1970.0,Ned Kelly
3628,3699,1977.0,The Richard Pryor Show
3629,3700,2002.0,Why the Towers Fell: Nova
3630,3701,1944.0,The Fighting Seabees
3631,3702,2004.0,Halloweentown High
3632,3703,2003.0,Ripley's Game
3633,3704,2000.0,Ditto
3634,3705,2000.0,Directors: Martin Scorsese
3635,3706,2003.0,Dixie Chicks: Top of the World
3636,3707,1993.0,White Wolves: A Cry in The Wild 2
3637,3708,1988.0,The Beast
3638,3709,1998.0,Jerry & Tom
3639,3710,1987.0,Flowers in the Attic
3640,3711,1975.0,Mother Kusters Goes to Heaven
3641,3712,2000.0,Il Mare
3642,3713,2004.0,Saw
3643,3714,2005.0,The Ballad of Jack and Rose
3644,3715,1985.0,Commando
3645,3716,1988.0,The Big Blue
3646,3717,1944.0,The Miracle of Morgan's Creek
3647,3718,2000.0,Christina's House
3648,3719,1941.0,The Best of Abbott & Costello: Vol. 1
3649,3720,1988.0,Ronin Warriors: Collection
3650,3721,1996.0,Sacred Silence
3651,3722,1999.0,Luminarias
3652,3723,1998.0,The Quiet Family
3653,3724,2002.0,Project Greenlight: Season 2
3654,3725,1988.0,The Seventh Sign
3655,3726,1999.0,Meat Loaf: VH1 Storytellers
3656,3727,1987.0,Rich and Famous
3657,3728,1993.0,So I Married an Axe Murderer
3658,3729,2000.0,Devil Man
3659,3730,1998.0,Elizabeth
3660,3731,1999.0,Sooryavansham
3661,3732,2004.0,The Lost Angel
3662,3733,1963.0,Spencer's Mountain
3663,3734,1999.0,Gorgeous
3664,3735,2004.0,Confessions of an American Girl
3665,3736,1968.0,The Green Berets
3666,3737,2003.0,Gacy
3667,3738,1998.0,The Godson
3668,3739,1991.0,Conagher
3669,3740,1931.0,Dracula
3670,3741,2000.0,The Who: Live at the Royal Albert Hall
3671,3742,1946.0,Notorious
3672,3743,2000.0,Boys and Girls
3673,3744,2000.0,Organizing from the Inside Out with Julie Morgenstern
3674,3745,2001.0,The First Annual PlanetOut.com Short Movie Awards Highlights
3675,3746,2003.0,The Lion in Winter
3676,3747,1995.0,Hercules: The Legendary Journeys: Season 2
3677,3748,2004.0,Every Mother's Son: POV
3678,3749,2002.0,The Slaughter Rule
3679,3750,2004.0,The Terminal: Bonus Material
3680,3751,2001.0,Sting: All This Time
3681,3752,1969.0,Frankenstein Must Be Destroyed
3682,3753,2003.0,Red Riding Hood
3683,3754,2001.0,The Navigators
3684,3755,1994.0,John Denver: A Portrait
3685,3756,2002.0,About Schmidt
3686,3757,1945.0,I Know Where I'm Going!
3687,3758,2000.0,Cecil B. Demented
3688,3759,2004.0,Blessed
3689,3760,1997.0,Tom Jones
3690,3761,1999.0,Salsa & Merengue: Cal Pozo's Learn to Dance in Minutes
3691,3762,1995.0,Winnie the Pooh: Un-Valentine's Day / A Valentine for You
3692,3763,1992.0,Shakes the Clown
3693,3764,1989.0,Triads: The Inside Story
3694,3765,1980.0,Used Cars
3695,3766,1988.0,18 Again
3696,3767,1999.0,Ambush
3697,3768,1997.0,Playing God
3698,3769,2004.0,Wonderfalls: The Complete Series
3699,3770,2005.0,Richard Jeni: A Big Steaming Pile of Me
3700,3771,1974.0,Kung Fu: Season 3
3701,3772,1999.0,The Suburbans
3702,3773,1942.0,Saboteur
3703,3774,2000.0,Sausalito
3704,3775,1978.0,Good Guys Wear Black
3705,3776,2002.0,In the Mirror of Maya Deren
3706,3777,1990.0,In Living Color: Season 2
3707,3778,2003.0,I'll Be There
3708,3779,1970.0,Colossus: The Forbin Project
3709,3780,1999.0,Oliver Twist
3710,3781,1981.0,Only Fools and Horses: Series 1-3
3711,3782,1990.0,Flatliners
3712,3783,1988.0,Moon Over Parador
3713,3784,1996.0,The Pretender: Season 1
3714,3785,1981.0,The Cramps: Live at Napa State Metal Hospital
3715,3786,2000.0,The Best of Crunch Step
3716,3787,2002.0,The Dangerous Lives of Altar Boys
3717,3788,2000.0,Stephanie Foster: Beginners and Intermediate Yoga
3718,3789,1997.0,Thomas Jefferson
3719,3790,1921.0,Avant-Garde: Experimental Cinema of the 1920s and '30s
3720,3791,1972.0,Scorpio
3721,3792,2002.0,Ghost Watcher
3722,3793,2001.0,Kaaterskill Falls
3723,3794,2000.0,Dragon Ball Z: Bardock: The Father of Goku
3724,3795,1976.0,Mr. Klein
3725,3796,1992.0,Juice
3726,3797,1962.0,L'Eclisse
3727,3798,1973.0,The Sting
3728,3799,1988.0,Garfield Fantasies
3729,3800,2004.0,I Can't Marry You
3730,3801,1975.0,Rooster Cogburn
3731,3802,1984.0,Urusei Yatsura Movie 2: Beautiful Dreamer
3732,3803,1993.0,Mi Vida Loca (My Crazy Life)
3733,3804,1983.0,The Star Chamber
3734,3805,2002.0,War Stories
3735,3806,1991.0,Fires Within
3736,3807,2001.0,Southern Comfort
3737,3808,1997.0,Best Men
3738,3809,1986.0,The Clan of the Cave Bear
3739,3810,2004.0,Van Helsing: The London Assignment
3740,3811,1987.0,Hell Comes to Frogtown
3741,3812,1993.0,A Home of Our Own
3742,3813,2002.0,Blade 2: Bonus Material
3743,3814,1991.0,Love Potion #9
3744,3815,2000.0,Roughnecks: The Starship Troopers Chronicles: The Homefront Campaign
3745,3816,1986.0,Armed and Dangerous
3746,3817,1994.0,Stargate
3747,3818,2001.0,Tomie: Rebirth
3748,3819,1966.0,Hawaii
3749,3820,2002.0,Between Strangers
3750,3821,2001.0,Transfixed
3751,3822,2004.0,Traffic: The Miniseries
3752,3823,1921.0,Sheik / The Son of the Sheik
3753,3824,1998.0,Fear and Loathing in Las Vegas
3754,3825,2002.0,The Sum of All Fears
3755,3826,1999.0,Music of the Heart
3756,3827,2004.0,Lone Wolf and Cub: Baby Cart in the Land of Demons
3757,3828,2004.0,Ginger Snaps Back: The Beginning
3758,3829,2002.0,Edge of Madness
3759,3830,1998.0,Black Dog
3760,3831,1959.0,Elvira's Horror Classics
3761,3832,1993.0,Raining Stones
3762,3833,1939.0,Dark Victory
3763,3834,2004.0,Straight Men and the Men Who Love Them
3764,3835,1992.0,Universal Soldier
3765,3836,2001.0,Freeze Me
3766,3837,2001.0,Yu-Gi-Oh!
3767,3838,2000.0,Cardcaptor Sakura: The Movie 2: The Sealed Card
3768,3839,2003.0,The Best of Ultimate Wrestling
3769,3840,1982.0,The Toy
3770,3841,1996.0,Tenchi the Movie: Tenchi Muyo! In Love
3771,3842,1976.0,Charlie's Angels: Season 2
3772,3843,1993.0,The Innocent
3773,3844,2003.0,Midnight Mass
3774,3845,2005.0,Desperate Souls
3775,3846,2004.0,Sesame Street: Sing Along
3776,3847,1997.0,Swept from the Sea
3777,3848,1934.0,The Ghoul
3778,3849,1987.0,Leonard Part 6
3779,3850,2000.0,Witchcraft XI: Sisters in Blood
3780,3851,1992.0,Inspector Morse 25: Cherubim & Seraphim
3781,3852,1995.0,Touched by an Angel: Season 2
3782,3853,1988.0,Cop
3783,3854,1955.0,Night and Fog
3784,3855,1920.0,Way Down East
3785,3856,2002.0,Major League Baseball: Memorable Moments
3786,3857,1972.0,The Gore Gore Girls: Special Edition
3787,3858,2001.0,Sugar & Spice
3788,3859,1991.0,The Marrying Man
3789,3860,2003.0,Bruce Almighty
3790,3861,2001.0,Jekyll & Hyde: The Musical
3791,3862,1987.0,Superman IV: The Quest for Peace
3792,3863,2000.0,American Pimp
3793,3864,2005.0,Batman Begins
3794,3865,1991.0,Suburban Commando
3795,3866,1985.0,Shadowlands
3796,3867,2001.0,Animal Attraction 3
3797,3868,1934.0,It's a Gift
3798,3869,1991.0,Dame Kiri Te Kanawa
3799,3870,1998.0,Affliction
3800,3871,1970.0,The Who: Live at the Isle of Wight Festival
3801,3872,1996.0,Sharpe 10: Sharpe's Siege
3802,3873,2003.0,Warrior Queen
3803,3874,2002.0,Fashion Victim: The Killing of Gianni Versace
3804,3875,2004.0,The Motorcycle Diaries
3805,3876,2004.0,Howard Hughes: The Real Aviator
3806,3877,1996.0,The Lottery
3807,3878,2001.0,Public Enemy: Live from the House of Blues
3808,3879,1995.0,Ghost in the Shell
3809,3881,2004.0,The Lost Skeleton of Cadavra
3810,3882,1999.0,Molly
3811,3883,1997.0,Charles Mingus: Triumph of the Underdog
3812,3884,1954.0,Milton Berle's Buick Hour #1
3813,3885,1932.0,White Zombie
3814,3886,1997.0,Live Flesh
3815,3887,1972.0,Aguirre: The Wrath of God
3816,3888,1994.0,NYPD Blue: Season 2
3817,3889,2005.0,Assisted Living
3818,3890,2004.0,Confessions of a Teenage Drama Queen
3819,3891,2002.0,Over the Edge: Motorcycle Mayhem X
3820,3892,1984.0,Impulse
3821,3893,1996.0,The People vs. Larry Flynt
3822,3894,2004.0,Surviving Christmas
3823,3895,1956.0,The Man Who Never Was
3824,3896,1984.0,Punky Brewster: Season 1
3825,3897,2003.0,Boom
3826,3898,1958.0,The Quiet American
3827,3899,1996.0,Comrades: Almost a Love Story
3828,3900,2000.0,Amores Perros
3829,3901,1997.0,Career Girls
3830,3902,1957.0,Kanal
3831,3903,1994.0,PCU
3832,3904,1998.0,The Hole: 2000 Seen By ...
3833,3905,2001.0,The Others
3834,3906,1925.0,Go West
3835,3907,1998.0,Madeline
3836,3908,1928.0,Storm Over Asia
3837,3909,1993.0,Madonna: Ciao Italia: Live from Italy
3838,3910,2003.0,Powerpuff Girls: 'Twas The Fight Before Christmas
3839,3911,1982.0,Summer Lovers
3840,3912,1996.0,Manny & Lo
3841,3913,1968.0,Dark Shadows: Vol. 6
3842,3914,1979.0,To the Manor Born: The Complete Series
3843,3915,1984.0,The Brothers Quay Collection
3844,3916,2003.0,Monster Man
3845,3917,2004.0,Garden State
3846,3918,1966.0,La Vie de Chateau
3847,3919,2004.0,Shallow Ground
3848,3920,1998.0,I Still Know What You Did Last Summer
3849,3921,2003.0,101 Dalmatians II: Patch's London Adventure
3850,3922,1979.0,Sapphire and Steel: The Complete Series
3851,3923,1997.0,Beverly Hills Ninja
3852,3924,1970.0,White Sun of the Desert
3853,3925,2003.0,The Matrix: Reloaded
3854,3926,2003.0,Le Divorce
3855,3927,2002.0,Without a Trace: Season 1
3856,3928,2004.0,Nip/Tuck: Season 2
3857,3929,1962.0,The Hammer Horror Series: Night Creatures / The Evil of Frankenstein
3858,3930,2000.0,Militia
3859,3931,1990.0,A Cry in the Wild
3860,3932,1996.0,Cosmic Voyage: IMAX
3861,3934,2002.0,The Original Latin Kings of Comedy
3862,3935,1968.0,Yellow Submarine
3863,3936,1999.0,End of Days
3864,3937,1974.0,Butley
3865,3938,2004.0,Shrek 2
3866,3939,2001.0,ECW: Heatwave '98
3867,3940,1981.0,The Doors: No One Here Gets Out Alive
3868,3941,1975.0,The French Connection: Bonus Material
3869,3942,1988.0,Crocodile Dundee 2
3870,3943,1998.0,Hitman
3871,3944,2000.0,Wonderland
3872,3945,1995.0,My Teacher's Wife
3873,3946,2001.0,The Center of the World
3874,3947,2003.0,Spinning Boris
3875,3948,2000.0,Safe House
3876,3949,1991.0,Terminator 2: Extreme Edition: Bonus Material
3877,3950,2004.0,Wildboyz: Season 2
3878,3951,1997.0,Meet Wally Sparks
3879,3952,2004.0,Orwell Rolls in His Grave
3880,3953,1973.0,Spook Who Sat by the Door
3881,3954,1952.0,The Quiet Man
3882,3955,1959.0,The Horse Soldiers
3883,3956,1997.0,Soul in the Hole
3884,3957,1994.0,Blind Justice
3885,3958,2003.0,Monk: Season 2
3886,3959,1997.0,Classic Albums: Stevie Wonder: Songs in the Key of Life
3887,3960,1960.0,Pollyanna
3888,3961,2001.0,Ram Dass: Fierce Grace
3889,3962,2003.0,Finding Nemo (Widescreen)
3890,3963,1955.0,Around the World with Orson Welles
3891,3964,1996.0,Blue Angels: Rolling in Sky
3892,3965,1992.0,Red Dwarf: Series 5
3893,3966,2004.0,Friday Night Lights
3894,3967,1970.0,The House that Dripped Blood
3895,3968,2001.0,In the Light of Reverence
3896,3969,1982.0,Faerie Tale Theatre: Rapunzel
3897,3970,1981.0,Thief
3898,3971,2003.0,Koi... Mil Gaya
3899,3972,1984.0,Police Academy: Special Edition
3900,3973,1983.0,The Everly Brothers: Reunion Concert
3901,3974,1953.0,Hondo
3902,3975,1991.0,One False Move
3903,3976,2000.0,The Miracle Maker: The Story of Jesus
3904,3977,2003.0,National Geographic: The FBI
3905,3978,2003.0,Hangman's Curse
3906,3979,1999.0,King Crimson: Deja Vrooom
3907,3980,2004.0,Globe Trekker: Amsterdam
3908,3981,2003.0,S21: The Khmer Rouge Killing Machine
3909,3982,2000.0,Tai Chi 6 Forms
3910,3983,2003.0,The Same River Twice
3911,3984,1959.0,On the Beach
3912,3985,2002.0,Crop Circles: Quest for Truth
3913,3986,2001.0,Life and Debt
3914,3987,1939.0,The Roaring Twenties
3915,3988,1998.0,Wrongfully Accused
3916,3989,2004.0,Science of the Sexes
3917,3990,1991.0,One Good Cop
3918,3991,2005.0,Insan
3919,3992,1999.0,Partners in Crime
3920,3993,1961.0,The Grass is Greener
3921,3994,2004.0,Freeze Frame
3922,3995,1995.0,High Risk (Meltdown)
3923,3996,1999.0,Travel the World by Train: Australia & New Zealand
3924,3997,1983.0,Of Unknown Origin
3925,3998,1988.0,Joseph Campbell and The Power of Myth
3926,3999,2001.0,Queer as Folk: Season 1
3927,4000,2002.0,Ultimate Crop Circles: Signs From Space?
3928,4001,1939.0,The Four Feathers
3929,4002,2004.0,Cosplay Complex
3930,4003,1999.0,Deal of a Lifetime
3931,4004,1930.0,The Blue Angel
3932,4006,2003.0,Sesame Street: Cookie Monster's Best Bites
3933,4007,1989.0,Cyborg
3934,4008,2002.0,David Blaine: Fearless
3935,4009,1999.0,Intimate Betrayal
3936,4010,1963.0,The Leopard (Original Italian Version)
3937,4011,1982.0,George Carlin: Carlin at Carnegie
3938,4012,1999.0,Random Hearts
3939,4013,1993.0,Sherlock Holmes: The Eligible Bachelor
3940,4014,2001.0,The Princess and the Barrio Boy
3941,4015,2001.0,The Road to Love
3942,4016,1997.0,Zigzag
3943,4017,1994.0,The Browning Version
3944,4018,1965.0,Die! Die! My Darling!
3945,4019,1996.0,Infinity
3946,4020,1999.0,Travel the World by Train: Central America
3947,4021,2000.0,The Dead Hate the Living
3948,4022,1995.0,Born to be Wild
3949,4023,2003.0,Fate
3950,4024,1995.0,The Mystery of Rampo
3951,4025,1968.0,The Private Navy of Sgt. O' Farrell
3952,4026,1993.0,Money for Nothing
3953,4027,1988.0,Police Academy 5: Assignment - Miami Beach
3954,4028,2004.0,Russell Simmons Presents Def Poetry: Season 2
3955,4030,1961.0,Wild in the Country
3956,4031,1995.0,Mortal Kombat: The Movie
3957,4032,1992.0,Young Duke Series: The Fugitive
3958,4033,2005.0,Alias: Season 4
3959,4034,1997.0,Lifeline
3960,4035,2004.0,Throwdown
3961,4036,1997.0,Secrets of the Heart
3962,4037,2003.0,Simon & Garfunkel: Old Friends Live on Stage
3963,4038,1982.0,A Fine Romance: Set 2
3964,4039,1974.0,Nude for Satan
3965,4040,1993.0,Tales of the City
3966,4041,2004.0,Mobile Suit Gundam SEED
3967,4042,1978.0,Pretty Baby
3968,4043,2002.0,Signs
3969,4044,1998.0,Subspecies 4: Bloodstorm
3970,4045,2003.0,The Indiana Jones Trilogy: Bonus Material
3971,4046,1988.0,All Creatures Great and Small: Series 5
3972,4047,2000.0,Sacrifice
3973,4048,2003.0,Little House on the Prairie: I'll Be Waving as You Drive Away
3974,4049,1988.0,Torch Song Trilogy
3975,4050,1997.0,Toothless
3976,4051,1971.0,The Hospital
3977,4052,2001.0,All the Queen's Men
3978,4053,2004.0,A Program About Unusual Buildings & Other Roadside Stuff
3979,4054,1990.0,House of Cards Trilogy I: House of Cards
3980,4055,1984.0,The Woman in Red
3981,4056,2001.0,Planet of the Apes
3982,4057,2000.0,Sharks: Great White / Ultimate Guide to Sharks
3983,4058,1952.0,The Best of the Abbott and Costello Comedy Hour
3984,4060,1990.0,The Long Walk Home
3985,4061,1964.0,Soft Skin
3986,4062,1997.0,Battle Athletes: Vol. 2: Ready
3987,4063,2005.0,Fingersmith
3988,4064,1998.0,The Big Hit
3989,4065,1998.0,Learning Curve
3990,4066,1974.0,Thriller: A Cruel Picture
3991,4067,1976.0,Silver Streak
3992,4068,2004.0,Twist
3993,4069,1983.0,Local Hero
3994,4070,1981.0,Raggedy Man
3995,4071,1973.0,Zanjeer
3996,4072,1979.0,Hair
3997,4073,1966.0,Spinout
3998,4074,1971.0,Le Mans
3999,4075,2003.0,Franklin: Back to School with Franklin
4000,4076,1997.0,Directors: Joel Schumacher
4001,4077,1998.0,The First 9 1/2 Weeks
4002,4078,2003.0,Larry the Cable Guy: Git-R-Done
4003,4079,2003.0,Foo Fighters: Everywhere but Home
4004,4080,2003.0,A Mighty Wind
4005,4081,1980.0,Last Flight of Noah's Ark
4006,4082,1999.0,Atomic Train
4007,4083,1996.0,A Girl Called Rosemarie
4008,4084,1991.0,Raw Heat
4009,4085,1958.0,Horror of Dracula
4010,4086,1994.0,House of the Spirits
4011,4087,2002.0,The Firm Body Sculpting: Ab Sculpt
4012,4088,1999.0,Ella Fitzgerald: Something to Live For
4013,4089,1987.0,Innerspace
4014,4090,1995.0,Santana: Sacred Fire: Live in Mexico
4015,4091,1993.0,... And God Spoke
4016,4092,1997.0,How To Be A Player
4017,4093,2004.0,Daydream Obsession 2: Infidelities
4018,4094,1985.0,Doctor Who: Vengeance on Varos
4019,4095,2004.0,Girl Play
4020,4096,2002.0,Blood Feast 2: All U Can Eat
4021,4097,1983.0,Sleepaway Camp
4022,4098,2002.0,Angel: Season 4
4023,4099,2000.0,Chunhyang
4024,4100,2000.0,Dinosaur
4025,4101,1983.0,Hysterical
4026,4102,1983.0,Testament
4027,4103,1983.0,My Tutor
4028,4104,1945.0,Charlie Chan: The Jade Mask
4029,4106,2001.0,The Invisible Circus
4030,4107,1938.0,The Childhood of Maxim Gorky
4031,4108,1960.0,Steamroller and the Violin
4032,4109,2000.0,American Psycho
4033,4110,1945.0,Dakota
4034,4111,1998.0,Bram Stoker's Shadowbuilder
4035,4112,1996.0,Paris Was a Woman
4036,4113,1999.0,Trippin'
4037,4114,1983.0,Faerie Tale Theatre: Beauty and the Beast
4038,4115,1999.0,The Simpsons: Bart Wars
4039,4116,1946.0,Orson Welles: The Stranger/Orson Welles on Film
4040,4117,1988.0,Monkey Shines
4041,4118,2002.0,Tenchi Muyo GXP
4042,4119,1990.0,White Palace
4043,4120,1991.0,Max Ernst
4044,4121,2001.0,What Girls Learn
4045,4122,1986.0,Parting Glances
4046,4123,1998.0,Patch Adams
4047,4124,1975.0,Hard Times
4048,4126,1996.0,Vice Girls
4049,4127,1994.0,The Flintstones
4050,4128,1930.0,Under the Roofs of Paris
4051,4129,1970.0,Santa Claus Is Comin' to Town
4052,4130,2005.0,Happily Ever After
4053,4131,1990.0,Hidden Agenda
4054,4132,2003.0,Ek Aur Ek Gyarah
4055,4133,1955.0,The Kentuckian
4056,4134,2000.0,Golden Boy
4057,4135,1956.0,The King and I
4058,4136,1993.0,Teenage Mutant Ninja Turtles III
4059,4137,1967.0,Captain Scarlet: The Complete Series
4060,4138,2002.0,Harrison's Flowers
4061,4139,2002.0,2LDK
4062,4140,1977.0,Demon Seed
4063,4141,2000.0,Shanghai Noon
4064,4142,2003.0,WWE: Summerslam 2003
4065,4143,1999.0,Hum Aapke Dil Mein Rehte Hain
4066,4144,2001.0,The Brothers
4067,4145,1999.0,Law & Order: Special Victims Unit: The First Year
4068,4146,1951.0,The Red Badge of Courage
4069,4147,1988.0,She's Having A Baby
4070,4148,1955.0,Tomorrowland
4071,4149,2004.0,Scooby-Doo 2: Monsters Unleashed
4072,4150,2000.0,Trading Spaces
4073,4151,1974.0,Oliver Twist
4074,4152,1999.0,Terror Firmer: Special Edition
4075,4154,1995.0,301/302
4076,4155,2000.0,East/West
4077,4156,1973.0,Wattstax
4078,4157,1991.0,The Prince of Tides
4079,4158,1986.0,Burial Ground: The Nights of Terror
4080,4159,2002.0,Barbershop
4081,4160,1996.0,Dead Man's Walk
4082,4161,1997.0,I Think I Do
4083,4162,2000.0,Founding Fathers: The Men who Shaped Our Nation
4084,4163,1963.0,The Andy Griffith Show: Vol 4: The Mountain Wedding / Opie and the Spoiled Child
4085,4164,1986.0,Sunday in the Park with George
4086,4165,2003.0,The Bone Snatcher
4087,4166,1987.0,Hollywood Shuffle
4088,4167,2002.0,Mickey's House of Villains
4089,4169,2003.0,Darna Mana Hai
4090,4170,2001.0,Spiders II
4091,4171,1996.0,Mars Attacks!
4092,4172,2000.0,Code Name Jaguar
4093,4173,1998.0,From Dusk Till Dawn 2: Texas Blood Money
4094,4174,1994.0,Don't Drink the Water
4095,4175,1998.0,The 3 Tenors in Concert: 1998
4096,4176,2001.0,Inugami
4097,4177,1988.0,Salaam Bombay!
4098,4178,2003.0,Warren Miller's: The Power of Snow: Cold Fusion
4099,4179,1951.0,A Christmas Carol
4100,4180,2002.0,NBA Finals 2002: Official Championship
4101,4181,2003.0,Walking with Cavemen
4102,4182,2001.0,Frankie and Hazel
4103,4183,1997.0,The Designated Mourner
4104,4184,1985.0,The Stuff
4105,4185,1989.0,The Kids in the Hall: Season 1
4106,4186,2003.0,Dave Matthews: Plugging the Gap
4107,4187,1984.0,Hot Dog: The Movie
4108,4188,1917.0,Slapstick Masters
4109,4189,2004.0,Newlyweds: Nick & Jessica: Seasons 2 & 3
4110,4190,2003.0,Hugh Hefner: American Playboy
4111,4191,2004.0,Flame of Recca
4112,4192,1993.0,The Untold Story
4113,4193,2000.0,And I Hate You So
4114,4194,2004.0,Eric Clapton: Sessions for Robert Johnson
4115,4195,1986.0,The Mission: Special Edition: Bonus Material
4116,4196,2002.0,What to Do in Case of Fire
4117,4197,2003.0,City of Ghosts
4118,4198,1997.0,Happy Together
4119,4199,1995.0,Sweet Evil
4120,4200,1999.0,Standard Deviants School: American Government
4121,4201,1996.0,Walking and Talking
4122,4202,2004.0,Half-Caste
4123,4203,2004.0,WOW Gospel 2005
4124,4204,1999.0,Jimi Hendrix: Live at the Fillmore East
4125,4205,2004.0,Second Thoughts: Surfing
4126,4206,2001.0,Hidden Wars of Desert Storm
4127,4207,1980.0,The Blues Brothers: Extended Cut
4128,4208,1993.0,Unknown Marx Brothers
4129,4209,2003.0,The Lost Prince
4130,4210,2002.0,Below
4131,4211,2003.0,270 Miles From Graceland: Bonnaroo 2003
4132,4212,1999.0,Finding Graceland
4133,4213,2001.0,Hum Ho Gaye Aap Ke
4134,4214,1996.0,The Mirror Has Two Faces
4135,4215,1932.0,Alfred Hitchcock: Rich and Strange/The Sorcerer's Apprentice
4136,4216,2001.0,Jurassic Park III
4137,4217,1965.0,Bewitched: Season 2
4138,4218,1988.0,Sorority Babes in the Slimeball Bowl-O-Rama
4139,4219,1995.0,The Tuskegee Airmen
4140,4220,1998.0,Kipper: Playtime
4141,4221,1982.0,Timerider
4142,4222,1997.0,Battle Athletes Victory: Vol. 4: Spaceward Ho!
4143,4223,1983.0,Jefferson Starship: The Definitive Concert
4144,4224,1996.0,Wish Upon a Star
4145,4225,1999.0,Life
4146,4226,2000.0,Shakespeare Tragedies: Titus/ Romeo/ Hamlet: The Standard Deviants
4147,4227,1997.0,The Full Monty
4148,4228,1981.0,Umrao Jaan
4149,4229,2001.0,Victoria and Albert
4150,4230,1996.0,Of Love and Shadows
4151,4231,1985.0,Heroes Shed No Tears
4152,4232,2002.0,National Geographic: Lost Subs: Disaster at Sea
4153,4233,1982.0,Little House on the Prairie: Season 9
4154,4234,1989.0,As Tears Go By
4155,4235,1934.0,Cartoons That Time Forgot: UB Iwerks Collection: Vol. 1
4156,4236,1998.0,Gunfighter
4157,4237,2002.0,Morvern Callar
4158,4238,2000.0,Inu-Yasha
4159,4239,1973.0,Maitresse
4160,4240,1966.0,The Bible... In the Beginning
4161,4241,1994.0,Revenge of the Musketeers
4162,4242,1954.0,Animal Farm
4163,4243,1995.0,The Desperate Trail
4164,4244,1977.0,Cross of Iron
4165,4245,2002.0,Devils on the Doorstep
4166,4246,2000.0,Harlan County War
4167,4247,1998.0,Velvet Goldmine
4168,4248,1981.0,Conan the Barbarian
4169,4249,1925.0,Battleship Potemkin
4170,4250,2004.0,Hofmann's Potion
4171,4251,1990.0,Drug Wars: The Camarena Story
4172,4252,1997.0,Oliver's Travels
4173,4253,1949.0,Kind Hearts and Coronets
4174,4254,1993.0,Saved by the Bell: The College Years: Season 1
4175,4255,2002.0,Gerry
4176,4256,1984.0,Footloose: Special Collector's Edition
4177,4257,1996.0,French & Saunders: Living in a Material World
4178,4258,1962.0,Advise and Consent
4179,4259,1992.0,Ranma 1/2: Outta Control
4180,4260,2001.0,Rat Race
4181,4261,1983.0,Without a Trace
4182,4262,1999.0,Sleepy Hollow
4183,4263,2000.0,Green Plaid Shirt
4184,4264,1951.0,The River
4185,4265,2002.0,National Geographic: Vietnam's Unseen War: Pictures from the Other Side
4186,4266,2004.0,The Passion of the Christ
4187,4267,2001.0,The Sleeping Dictionary
4188,4269,2002.0,Swimfan
4189,4270,1990.0,Opportunity Knocks
4190,4271,1996.0,Bound
4191,4272,1997.0,Miracle in the Woods
4192,4273,2002.0,Jack Johnson: The September Sessions
4193,4274,1997.0,Hostage High
4194,4275,1992.0,Afterburn
4195,4276,1995.0,Jackson Browne: Going Home
4196,4277,2004.0,Good Morning Maisy
4197,4278,1995.0,Miami Rhapsody
4198,4279,1978.0,Semi-Tough
4199,4280,1970.0,Scrooge
4200,4281,1986.0,April Fool's Day
4201,4282,2001.0,On the Line
4202,4283,1979.0,The Main Event
4203,4284,1954.0,Dial M for Murder
4204,4285,1996.0,Flipper
4205,4286,1934.0,Tarzan and His Mate / Tarzan Finds a Son! (Double Feature)
4206,4287,2002.0,The Truth About Charlie / Charade
4207,4288,1989.0,The Master
4208,4289,1985.0,Police Academy 2: Their First Assignment
4209,4290,2003.0,Air Bud Spikes Back
4210,4291,1981.0,Gregory's Girl
4211,4292,1972.0,Horror Express
4212,4293,1983.0,Choose Me
4213,4294,2004.0,Ghost Hunters: Season 1
4214,4295,2000.0,Suzhou River
4215,4296,1971.0,They Might Be Giants
4216,4297,1998.0,Eden
4217,4298,1985.0,Code of Silence
4218,4299,1982.0,Knight Rider: Season 1
4219,4300,1989.0,Kumu Hula: Keepers of Culture
4220,4301,1925.0,Strike
4221,4302,1982.0,An Officer and a Gentleman
4222,4303,2004.0,Adam & Evil
4223,4304,1981.0,Count Basie at Carnegie Hall
4224,4305,1944.0,Charlie Chan: The Secret Service
4225,4306,1999.0,The Sixth Sense
4226,4307,2004.0,World Class Trains: The New Polar Express
4227,4308,1999.0,Beauty and the Beast
4228,4309,1963.0,I Could Go On Singing
4229,4310,1998.0,Bride of Chucky
4230,4311,2001.0,A Girl Thing
4231,4312,2003.0,Eden's Curve
4232,4313,2001.0,ECW: The Best of the Dudley Boyz
4233,4314,2002.0,Changing Hearts
4234,4315,2004.0,In Good Company
4235,4316,1980.0,Shakespeare Tragedies: Hamlet
4236,4317,1963.0,Shock Corridor
4237,4318,1999.0,Dragon Tales: Let's Start a Band
4238,4319,2000.0,Life Is to Whistle
4239,4320,1966.0,A Man and a Woman
4240,4321,1990.0,A Better Tomorrow III
4241,4322,1998.0,City of Glass
4242,4323,1997.0,On Guard
4243,4324,2003.0,Net Games
4244,4326,1995.0,Ed Sullivan: Rock 'n' Roll Revolution
4245,4327,1992.0,Emily Bronte's Wuthering Heights
4246,4328,1972.0,The Ruling Class
4247,4329,1977.0,Jungle Holocaust
4248,4330,1995.0,While You Were Sleeping
4249,4331,2003.0,Owning Mahowny
4250,4332,1996.0,Sugar: Howling of Angel
4251,4333,1979.0,The BRD Trilogy: The Marriage of Maria Braun
4252,4334,1998.0,Point Blank
4253,4336,2001.0,Manic
4254,4337,1998.0,I've Been Waiting for You
4255,4338,2003.0,Hazaaron Khwaishein Aisi
4256,4339,2000.0,Shadow of the Vampire
4257,4340,2000.0,Longitude
4258,4341,2002.0,The Scorpion King
4259,4342,1992.0,Batman: The Animated Series: Out of the Shadows
4260,4343,1952.0,The Abbott & Costello Show
4261,4344,2005.0,Dora the Explorer: Dance to the Rescue
4262,4345,2002.0,Bowling for Columbine
4263,4346,1982.0,The Last American Virgin
4264,4347,1998.0,Peculiarities of the National Fishing
4265,4348,2002.0,The Twelve Kingdoms
4266,4349,1945.0,Classic Cartoon Favorites: Extreme Adventure Fun
4267,4350,1972.0,The Best of the New Scooby-Doo Movies
4268,4351,1988.0,Cobra Verde
4269,4352,2000.0,Woman on Top
4270,4353,2002.0,Curb Your Enthusiasm: Season 3
4271,4354,1997.0,Fever Pitch
4272,4355,2003.0,Coffee and Cigarettes
4273,4356,2002.0,Road to Perdition
4274,4357,1995.0,The Guyver 2: Dark Hero
4275,4358,2003.0,The Firm: Maximum Cardio Burn Plus Abs
4276,4359,2000.0,Track Down
4277,4360,1996.0,Mr. Show: Season 2
4278,4361,1999.0,Excel Saga
4279,4362,1989.0,Bram Stoker's: To Die For
4280,4363,2001.0,Mule Skinner Blues
4281,4364,1976.0,Network
4282,4365,1973.0,Don Juan (Or If Don Juan Were a Woman)
4283,4366,2000.0,Soul Food: Season 1
4284,4367,1997.0,First Do No Harm
4285,4368,1994.0,Across the Moon
4286,4369,1981.0,Porky's
4287,4370,2000.0,Miracles
4288,4371,1989.0,Eat a Bowl of Tea
4289,4372,2001.0,To End All Wars
4290,4373,2005.0,Girls Bravo
4291,4374,1998.0,Disturbing Behavior
4292,4375,2003.0,Love Chronicles
4293,4376,2002.0,ABBA: The Definitive Collection
4294,4377,2001.0,Tart
4295,4378,1993.0,The Blue Kite
4296,4379,1999.0,Ringu 2
4297,4380,1993.0,Rookie of the Year
4298,4381,1996.0,Sharpe 9: Sharpe's Regiment
4299,4382,1979.0,Oblomov
4300,4383,2004.0,Farscape: The Peacekeeper Wars
4301,4384,2004.0,Dawn of the Dead
4302,4385,1994.0,Sharpe 5: Sharpe's Honour
4303,4386,1985.0,The Return of the Living Dead
4304,4387,2005.0,Nobody Knows
4305,4388,,Ancient Civilizations: Rome and Pompeii
4306,4389,2003.0,A Man Apart
4307,4390,2000.0,Get Your Stuff
4308,4391,1999.0,Natalie Merchant: Live in Concert
4309,4392,1993.0,Army of Darkness
4310,4393,1994.0,The Mask: Special Edition
4311,4394,2001.0,Druids
4312,4395,2004.0,Nine Dog Christmas: The Movie
4313,4396,1998.0,Party Monster: The Shockumentary
4314,4397,2002.0,Mirage of Blaze
4315,4398,2003.0,Home Room
4316,4399,1998.0,Boogie Boy
4317,4400,2005.0,Disney Princess Stories: Vol. 3: Beauty Shines from Within
4318,4401,1974.0,My Name Is Nobody
4319,4402,1984.0,A Nightmare on Elm Street
4320,4403,2000.0,Hey Ram
4321,4404,1999.0,Khoobsurat
4322,4405,1991.0,In Living Color: Season 3
4323,4406,1970.0,The Molly Maguires
4324,4407,1993.0,Boy Meets World: Season 1
4325,4408,2002.0,Bastoni: Stick Handlers
4326,4409,2002.0,SpongeBob SquarePants: Season 3
4327,4410,2004.0,Live from Bonnaroo 2004
4328,4411,2003.0,MTV: Punk'd: Season 2
4329,4412,1970.0,Start the Revolution Without Me
4330,4413,1984.0,Blame It on Rio
4331,4414,2002.0,Just a Kiss
4332,4415,2000.0,Escaflowne
4333,4416,1933.0,I'm No Angel
4334,4417,2005.0,Welcome to Mars: Nova
4335,4418,2000.0,Titan A.E.
4336,4419,1950.0,In a Lonely Place
4337,4420,2004.0,Against the Ropes
4338,4421,1999.0,The Fear: Halloween Night
4339,4422,1997.0,Human Cargo
4340,4423,2000.0,Cradle of Fear
4341,4424,1992.0,Elton John: Live in Barcelona
4342,4425,1985.0,Miranda (Tinto Brass)
4343,4426,2000.0,Bill Maher: Be More Cynical
4344,4427,2001.0,The West Wing: Season 3
4345,4428,1979.0,Star Trek: The Motion Picture: Bonus Material
4346,4429,2002.0,Undisputed
4347,4430,1996.0,Shanghai Grand
4348,4431,2005.0,Disney's Learning Adventures: Mickey's Around the World in 80 Days: Seeing the World
4349,4432,2003.0,The Italian Job
4350,4434,1981.0,Happy Birthday to Me
4351,4435,1988.0,Hatchet for the Honeymoon
4352,4437,1998.0,Mari-Cookie and the Killer Tarantula
4353,4438,1990.0,The Two Jakes
4354,4439,1999.0,Gimme Power
4355,4440,1994.0,Captives
4356,4441,1996.0,The Last Supper
4357,4442,2000.0,Up at the Villa
4358,4443,1989.0,City Hunter: .357 Magnum
4359,4445,2004.0,Thomas & Friends: The Early Years
4360,4446,2000.0,Nothin' 2 Lose
4361,4447,2003.0,Thomas & Friends: Best of Gordon
4362,4448,1952.0,Ivanhoe
4363,4449,2002.0,The Inspector Lynley Mysteries: For the Sake of Elena
4364,4450,1987.0,Pelle the Conqueror
4365,4451,2004.0,The Big Black Comedy Show: Vol. 1
4366,4452,2001.0,Shot in the Heart
4367,4453,1997.0,National Geographic: Volcano: Nature's Inferno
4368,4454,1944.0,To Have and Have Not
4369,4455,1999.0,Ethics for the New Millinneum: The Holiness the XIV Dalami Lama
4370,4456,1997.0,Cats Don't Dance
4371,4457,1995.0,Thomas & Friends: 10 Years of Thomas
4372,4458,2002.0,Terror / Little Shop of Horrors
4373,4459,1977.0,Stroszek
4374,4460,2000.0,Me Myself I
4375,4461,2002.0,Godzilla Against Mechagodzilla
4376,4462,1997.0,Raven
4377,4463,2000.0,Escaflowne: The Movie
4378,4464,2000.0,Korn: R U Ready?: Unauthorized
4379,4465,1998.0,The Big One
4380,4466,1987.0,Assault of the Killer Bimbos
4381,4467,2000.0,The Best of Tina Turner: Celebrate!
4382,4468,1998.0,Frasier: Season 6
4383,4469,2002.0,Demon Slayer
4384,4470,2004.0,Blue's Clues: Blue Talks
4385,4471,1997.0,If I Never See You Again
4386,4472,2003.0,Love Actually
4387,4473,2002.0,Kermit's Swamp Years
4388,4474,1998.0,Black Mask
4389,4475,1993.0,The Best of Beakman's World
4390,4476,1997.0,VeggieTales: The Star of Christmas
4391,4477,1934.0,A Story of Floating Weeds
4392,4478,1993.0,The War Room
4393,4479,1980.0,Ordinary People
4394,4480,2002.0,Bonnaroo Music Festival 2002
4395,4481,1996.0,Great Alaska Train Adventure
4396,4482,2000.0,Whipped
4397,4483,2000.0,Human Traffic
4398,4484,2000.0,Xena: Warrior Princess: Season 6
4399,4485,1953.0,House of Wax / The Mystery of the Wax Museum
4400,4486,1982.0,Barry Manilow: Copacabana
4401,4487,2002.0,Whacked!
4402,4488,2000.0,Wonder Boys
4403,4489,1961.0,Mysterious Island
4404,4490,2004.0,Ned Kelly
4405,4491,1997.0,Rose Hill
4406,4492,2004.0,Club Dread
4407,4493,2003.0,Ju-on: The Grudge
4408,4494,1997.0,Cartoon Crazys: Vol. 1
4409,4495,2002.0,Clifford: Happy Birthday Clifford / Puppy Love
4410,4496,1993.0,Farewell My Concubine
4411,4497,1990.0,Texasville
4412,4498,2000.0,Gonin
4413,4499,2002.0,In My Skin
4414,4500,1945.0,Les Dames du Bois de Boulogne
4415,4501,2002.0,Open Hearts
4416,4502,2001.0,Do You Wanna Know a Secret?
4417,4503,1996.0,Grace of My Heart
4418,4504,2001.0,The Peter Rabbit Collection: The Tale of Peter Rabbit and Benjamin Bunny / The Tale of Mr. Tod
4419,4505,2003.0,Young Gods
4420,4506,1961.0,Breakfast at Tiffany's
4421,4507,1991.0,Class Action
4422,4508,1966.0,Star Trek: The Original Series: Vols. 1-15
4423,4509,1977.0,Little House on the Prairie: Season 4
4424,4510,1959.0,Kaagaz Ke Phool
4425,4511,2000.0,The Brylcreem Boys
4426,4512,1989.0,Shocker
4427,4513,2004.0,Carly Simon: Live from Martha's Vineyard
4428,4514,1979.0,The Bushido Blade
4429,4515,1986.0,Extremities
4430,4516,1999.0,Saturday Night Live: Christmas
4431,4517,1997.0,Mimic
4432,4519,2003.0,Out for a Kill
4433,4520,1995.0,Grumpier Old Men
4434,4521,2002.0,Wire in the Blood: Justice Painted Blind
4435,4522,1998.0,Independent's Day
4436,4523,2003.0,Me & Mrs. Jones
4437,4524,1988.0,Bat 21
4438,4525,2004.0,Nick Jr. Celebrates Spring
4439,4526,2002.0,The Wiggles: Hoop-Dee-Doo!
4440,4527,1996.0,The Cherokee Kid
4441,4528,1996.0,Xena: Warrior Princess: Season 2
4442,4529,1999.0,How's Your News?
4443,4530,1985.0,Def Con 4
4444,4531,2004.0,The Best of Triumph the Insult Comic Dog
4445,4532,1994.0,Shaolin Avengers
4446,4533,2001.0,L.I.E.
4447,4534,1996.0,National Geographic: 30 Years of National Geographic Specials
4448,4535,1994.0,Blank Check
4449,4536,1947.0,Road to Rio
4450,4537,1997.0,Legend of the Wolf
4451,4538,1987.0,Ninja vs. Bruce Lee
4452,4539,2001.0,Torso
4453,4540,1990.0,Aashiqui
4454,4541,2001.0,When Strangers Appear
4455,4542,1977.0,Anna Karenina
4456,4543,1994.0,Mixed Nuts
4457,4544,1976.0,Italian Stallion
4458,4545,1990.0,Dances With Wolves: Special Edition
4459,4546,2004.0,Chasing Liberty
4460,4547,1947.0,The Three Stooges Double Feature
4461,4548,1963.0,The Cardinal
4462,4549,2003.0,ABBA: Gold: Greatest Hits
4463,4551,2000.0,Snatch: Bonus Material
4464,4552,1976.0,Laverne & Shirley: Season 1
4465,4553,1942.0,The Three Caballeros
4466,4554,1986.0,Van Halen: Live Without a Net
4467,4555,1986.0,Mapp and Lucia: Series 2
4468,4556,2001.0,Stealing Time
4469,4557,1985.0,The Falcon and the Snowman
4470,4558,2001.0,The Lost World
4471,4559,1974.0,Hearts and Minds
4472,4560,1981.0,Circle of Deceit
4473,4561,1999.0,Everybody Loves Raymond: Season 4
4474,4562,1968.0,Hour of the Wolf
4475,4563,2003.0,The Statement
4476,4564,1999.0,Seven Girlfriends
4477,4565,1973.0,The Paper Chase
4478,4566,2004.0,LeapFrog: Math Circus
4479,4567,1997.0,Illusions of Sin
4480,4568,1992.0,Jennifer 8
4481,4569,1992.0,3 Ninjas
4482,4570,1997.0,Midnight in the Garden of Good and Evil
4483,4571,1999.0,Mast
4484,4572,2000.0,Maria Callas: La Divina: A Portrait
4485,4573,2002.0,The Whip and the Body
4486,4574,1977.0,Pippi on the Run
4487,4575,1969.0,Scooby-Doo Where Are You?: Seasons 1 & 2
4488,4576,2000.0,Morrissey: Oye Esteban!
4489,4577,1989.0,Steel Magnolias
4490,4578,2004.0,Red Lights
4491,4579,1977.0,I Never Promised You a Rose Garden
4492,4580,1973.0,Scarecrow
4493,4581,2000.0,Into the Arms of Strangers: Stories of the Kindertransport
4494,4582,1990.0,China O'Brien
4495,4583,1992.0,Mr. Baseball
4496,4584,1999.0,Ace Ventura: The Case of the Serial Shaver: Multipath Adventure
4497,4585,1955.0,Revenge of the Creature / The Creature Walks Among Us
4498,4586,1999.0,But I'm a Cheerleader
4499,4587,1999.0,Baby Geniuses
4500,4588,1991.0,Proof
4501,4589,2000.0,The Jazz Channel: Jeffrey Osborne
4502,4590,2004.0,The Forgotten
4503,4591,1945.0,The Lost Weekend
4504,4592,2004.0,UFC 47: Ultimate Fighting Championship: It's On!
4505,4593,1998.0,White Wolves 3: Cry of The White Wolf
4506,4594,1973.0,The Last Detail
4507,4595,2003.0,Dragon Ball GT
4508,4596,1988.0,D.O.A.
4509,4597,1965.0,Buster Keaton Rides Again/The Railrodder
4510,4598,2002.0,How to Draw a Bunny
4511,4599,2002.0,The Rosa Parks Story
4512,4600,1987.0,American Ninja 2 / American Ninja 3: Double Feature
4513,4601,1994.0,The Scout
4514,4602,1995.0,Sailor Moon Super S: Black Dream Hole
4515,4603,1948.0,On Our Merry Way
4516,4604,1999.0,Secret KGB UFO Files
4517,4605,2004.0,Pride Fighting Championships: Final Conflict 2004
4518,4606,2003.0,Scrapped Princess
4519,4607,1948.0,Melody Time
4520,4609,1967.0,Bob Dylan: Don't Look Back
4521,4610,2004.0,Ralphie May: Just Correct
4522,4611,1999.0,The Biggest Lil' Star in Hollywood
4523,4612,1994.0,Timecop
4524,4613,1998.0,Ayn Rand: A Sense of Life
4525,4614,1964.0,Blood and Black Lace
4526,4615,1971.0,Blood From the Mummy's Tomb
4527,4616,2004.0,The French Revolution
4528,4617,2003.0,Sports Illustrated Swimsuit Edition: 2003
4529,4618,2005.0,Queer Eye for the Straight Guy: Queer Eye for the Red Sox
4530,4619,1974.0,Clockmaker
4531,4620,1969.0,Double Suicide
4532,4621,1996.0,Drawing Flies
4533,4622,2000.0,Jailbait!
4534,4623,2000.0,Neil Young: Red Rocks Live
4535,4624,1992.0,Mom and Dad Save the World
4536,4625,1999.0,West Hollywood Stories
4537,4626,1995.0,Dragon Ball: Piccolo Jr. Saga: Part 2
4538,4627,1932.0,Little Women
4539,4628,1996.0,Kolya
4540,4629,1992.0,George Carlin: Jammin' in New York / Doin' It Again
4541,4630,1996.0,House Arrest
4542,4631,1978.0,Doctor Who: The Stones of Blood
4543,4632,1944.0,Charlie Chan: Meeting at Midnight
4544,4633,1982.0,Gandhi
4545,4634,2005.0,Me and You and Everyone We Know
4546,4635,1965.0,What's New Pussycat?
4547,4636,1980.0,Dressed to Kill
4548,4637,1972.0,Night of the Lepus
4549,4638,2002.0,Snoop Dogg's Hustlaz: Diary of a Pimp
4550,4639,1993.0,Wide Sargasso Sea
4551,4640,1988.0,Rain Man
4552,4641,2002.0,Tully
4553,4642,2000.0,Alice Cooper: Brutally Live
4554,4643,2002.0,The President's Man 2
4555,4644,2003.0,The Mother
4556,4645,2001.0,The Day the World Ended
4557,4646,1988.0,Ernest Saves Christmas
4558,4647,1995.0,American Yakuza
4559,4648,1960.0,Rocky & Bullwinkle & Friends: Season 2
4560,4649,1980.0,The Jazz Singer
4561,4650,2004.0,Navy Seals: BUDs Class 234
4562,4652,1995.0,Kids
4563,4653,1984.0,The Burning Bed
4564,4654,1991.0,Carnal Crimes
4565,4655,1992.0,Ozzy Osbourne: Live & Loud
4566,4656,2000.0,Erin Brockovich
4567,4657,2004.0,Comfort and Joy
4568,4658,2003.0,Seabiscuit: American Experience
4569,4659,2002.0,The Jamie Kennedy Experiment: Season 2
4570,4660,2001.0,The Shipping News
4571,4661,1999.0,Deuce Bigalow: Male Gigolo
4572,4662,1956.0,The Mystery of Picasso
4573,4663,1993.0,The Wedding Banquet
4574,4664,1998.0,White Lies
4575,4665,1998.0,Goosebumps: The Ghost Next Door
4576,4666,1975.0,Rumpole of the Bailey: The Lost Episode
4577,4667,1996.0,Vampirella
4578,4668,1993.0,Diary of Jack the Ripper
4579,4669,1987.0,Suspect
4580,4670,1999.0,Wild Wild West
4581,4671,2003.0,Stevie
4582,4672,2001.0,Gabriela
4583,4673,1986.0,Sorority House Massacre
4584,4674,2000.0,3 Strikes
4585,4675,1993.0,Strawberry & Chocolate
4586,4676,1967.0,I Am Curious: Yellow
4587,4677,2000.0,Urban Legends: Final Cut
4588,4678,1990.0,Death Warrant
4589,4679,1965.0,Battle of the Bulge
4590,4680,1942.0,Road to Morocco
4591,4681,1998.0,Orphans
4592,4682,2002.0,SpongeBob SquarePants: Halloween
4593,4683,2000.0,Proof of Life
4594,4684,1998.0,Pretty as a Picture: The Art of David Lynch
4595,4685,1999.0,Lake Placid
4596,4686,1990.0,Hard to Kill
4597,4687,1990.0,Soultaker
4598,4688,1977.0,The Incredible Hulk: Original TV Series: Pilot / Married
4599,4689,1949.0,In the Good Old Summertime
4600,4690,1969.0,Mackenna's Gold
4601,4691,2002.0,Farscape: Season 4
4602,4692,1988.0,The Milagro Beanfield War
4603,4693,1994.0,Leprechaun 2
4604,4694,1960.0,Horrors of Spider Island
4605,4695,2002.0,So Close
4606,4696,2003.0,Red Shoe Diaries: Some Things Never Change
4607,4697,1995.0,Heat: Special Edition
4608,4698,1997.0,The Lost World: Jurassic Park
4609,4699,2001.0,X-Men: Evolution: Season 2
4610,4700,1951.0,The Man from Planet X
4611,4701,1983.0,Two of a Kind
4612,4702,1994.0,Martial Arts Master Wong Fei Hung
4613,4703,1998.0,Your Place or Mine
4614,4704,1996.0,Fire
4615,4705,1987.0,Overboard
4616,4706,1990.0,Elvis Presley: Great Performances: Vol. 2: The Man and the Music
4617,4707,2004.0,Yeah Yeah Yeahs: Tell Me What Rockers to Swallow
4618,4708,2002.0,Ichi the Killer: Episode Zero
4619,4709,2002.0,Tarzan and Jane
4620,4710,2004.0,Heir to an Execution
4621,4711,2001.0,Journey Into Amazing Caves: IMAX
4622,4712,1957.0,The Hunchback of Notre Dame
4623,4713,1966.0,Alice in Wonderland
4624,4714,1992.0,The Blackheath Poisonings
4625,4715,1965.0,How to Murder Your Wife
4626,4716,1970.0,Lovers and Other Strangers
4627,4717,1988.0,Hero and the Terror
4628,4718,2001.0,Weather Extreme: Tornado
4629,4719,1971.0,All in the Family: Season 2
4630,4720,2003.0,The Work of Director Chris Cunningham
4631,4721,1998.0,Central Station
4632,4722,1948.0,He Walked by Night
4633,4723,1980.0,Soap: Season 4
4634,4724,1996.0,The Siege at Ruby Ridge
4635,4725,1997.0,Pink Panther Cartoon Collection: Jet Pink
4636,4726,1999.0,Late Last Night
4637,4727,1979.0,Apocalypse Now Redux
4638,4728,2000.0,Mixing Nia
4639,4729,1967.0,Ulysses
4640,4730,2003.0,A Wrinkle in Time
4641,4731,2004.0,Sexmission
4642,4732,2001.0,The Strangler's Wife
4643,4733,2003.0,Faster
4644,4734,2001.0,The Go-Go's: Live in Central Park
4645,4735,1983.0,Eureka
4646,4736,1981.0,Chariots of Fire
4647,4737,1976.0,After School Specials: 1976-1977
4648,4738,1980.0,Encounter of the Spooky Kind
4649,4739,1988.0,Mystic Pizza
4650,4740,1986.0,The Golden Child
4651,4741,2004.0,Crimson Gold
4652,4742,2001.0,Todd McFarlane: The Devil You Know
4653,4743,2000.0,Benjamin Smoke
4654,4744,2000.0,James Brown Live: House of Blues
4655,4745,2003.0,Bringing Down the House
4656,4746,2002.0,Leo
4657,4747,1996.0,Schizopolis
4658,4748,2003.0,Mahoromatic 2: Something More Beautiful
4659,4749,1998.0,A Great Day in Harlem / The Spitball Story
4660,4750,2005.0,The Beauty of Ireland
4661,4751,2003.0,Sinbad: Legend of the Seven Seas
4662,4752,2000.0,Dancer in the Dark
4663,4753,2003.0,Cabin Fever
4664,4754,2002.0,Martin Lawrence Live: Runteldat
4665,4755,1917.0,The Cook and Other Treasures
4666,4756,1997.0,Island of Greed
4667,4757,2001.0,Musa the Warrior
4668,4758,2002.0,30 Years to Life
4669,4759,1999.0,Memento Mori
4670,4760,2000.0,Help!!!
4671,4761,1981.0,The Cannonball Run
4672,4762,1999.0,Aarzoo
4673,4763,1997.0,Top of the World
4674,4764,1989.0,Powwow Highway
4675,4765,1998.0,The Legend of Zelda: Ganon's Evil Tower
4676,4766,1960.0,Black Sunday
4677,4767,1993.0,Indian Summer
4678,4768,2003.0,WWE: Survivor Series 2003: A Fall from Grace
4679,4769,2005.0,Batman Begins: Bonus Material
4680,4770,1962.0,The Trial
4681,4771,1994.0,Girls in Prison
4682,4772,1994.0,Texas Chainsaw Massacre: The Next Generation
4683,4773,2004.0,In the Realms of the Unreal
4684,4774,1984.0,Moscow on the Hudson
4685,4775,1977.0,The Man Who Loved Women
4686,4776,2001.0,My Husband's Double Life
4687,4777,1983.0,Videodrome
4688,4778,1994.0,Reality Bites
4689,4779,2004.0,Hair Show
4690,4780,1985.0,Transformers: Season 3: Part 2/Season 4
4691,4781,1986.0,Cobra
4692,4782,1992.0,Man Trouble
4693,4783,1999.0,Felicity: Season 2
4694,4784,2004.0,Matchbox Twenty: Show
4695,4785,2000.0,Me You Them
4696,4786,2002.0,SpongeBob SquarePants: Nautical Nonsense / Sponge Buddies
4697,4787,2000.0,Styx / REO Speedwagon: Arch Allies: Live at Riverport
4698,4788,1999.0,Bloody Murder
4699,4789,2001.0,Stargate SG-1: Season 5
4700,4790,2001.0,Tortilla Soup
4701,4791,1940.0,Pinocchio
4702,4792,1973.0,It's Alive
4703,4793,1973.0,Breezy
4704,4794,,Ancient Civilizations: Land of the Pharaohs
4705,4795,1996.0,Sexy and Dangerous
4706,4796,2003.0,MTV Pilates
4707,4797,2005.0,Gallagher: The Smashing Watermelon Collection
4708,4798,2000.0,Gundam Wing: The Movie: Endless Waltz
4709,4799,1991.0,Billy Bathgate
4710,4800,1971.0,The Horsemen
4711,4801,2003.0,Darkness Falls
4712,4802,1927.0,College
4713,4803,1980.0,The Ninth Configuration
4714,4804,1936.0,The Great Ziegfeld
4715,4805,1993.0,True Romance
4716,4806,1984.0,Dune: Extended Edition
4717,4807,1999.0,The Many Faces of Zorro
4718,4808,1969.0,Dark Shadows: Vol. 15
4719,4809,1996.0,Question of Luck
4720,4810,1957.0,Night Passage
4721,4811,1978.0,Trishul
4722,4812,1980.0,The Eruption of Mount St. Helens: IMAX
4723,4813,2001.0,The Mole: Season 1
4724,4814,2000.0,Greeks: Crucible of Civilization
4725,4815,1976.0,Murder by Death
4726,4816,1990.0,The Freshman
4727,4817,1981.0,Cannibal Ferox
4728,4818,1973.0,Le Magnifique
4729,4819,1993.0,In Living Color: Season 4
4730,4820,2000.0,Italian for Beginners
4731,4821,2000.0,Women of the Night
4732,4822,1993.0,Saved by the Bell: The New Class: Season 1
4733,4823,1995.0,Sharpe 7: Sharpe's Battle
4734,4824,1995.0,Don Juan De Marco
4735,4825,1985.0,"Brazil: The ""Love Conquers All"" Version"
4736,4826,1992.0,Whispers in the Dark
4737,4827,2001.0,Rock My World
4738,4828,1997.0,Men
4739,4829,2004.0,Shaun of the Dead
4740,4830,1990.0,Poirot: Peril at End House
4741,4831,1990.0,Tremors
4742,4832,2002.0,Grand Champion
4743,4833,2003.0,Timeline
4744,4834,1929.0,The Broadway Melody of 1929
4745,4835,2004.0,Tanner on Tanner
4746,4836,1999.0,Pokemon: Charizard
4747,4837,1986.0,Howling II: Your Sister Is a Werewolf
4748,4838,1997.0,The Substance of Fire
4749,4839,1987.0,The Good Wife
4750,4840,2003.0,Kaena: The Prophecy
4751,4841,1995.0,Judge Dredd
4752,4842,1988.0,Tina Turner: Rio '88
4753,4843,1990.0,Child's Play 2: Chucky's Back
4754,4844,2002.0,The Career of Nikos Dyzma
4755,4845,1956.0,Carousel
4756,4846,1999.0,Wolves: IMAX
4757,4847,1989.0,Glory
4758,4848,2002.0,The Adventures of Jimmy Neutron: Sea of Trouble
4759,4849,1981.0,Taps
4760,4850,1991.0,The History Channel Presents: Winston Churchill
4761,4851,2002.0,Conduct Zero
4762,4852,1997.0,U Turn
4763,4853,1980.0,The Kinks: One for the Road
4764,4854,1975.0,In This House of Brede
4765,4855,1965.0,The Best of Thunderbirds
4766,4856,1990.0,Jekyll & Hyde
4767,4857,1997.0,Eddie Izzard: Glorious
4768,4858,1989.0,Relentless
4769,4859,1996.0,Birdy the Mighty
4770,4860,2000.0,Dil Pe Mat Le Yaar!!
4771,4861,1991.0,Full Bottom: Not Another Half-Arsed Release
4772,4862,1992.0,Sneakers
4773,4863,1993.0,Dario Argento's Trauma
4774,4864,2004.0,UFC 46: Ultimate Fighting Championship: Super Natural
4775,4865,1990.0,The Kids in the Hall: Season 2
4776,4866,1995.0,I Shot Andy Warhol
4777,4867,1986.0,The Karate Kid Part II
4778,4868,1998.0,Midsomer Murders: Death of a Hollow Man
4779,4869,2004.0,Kitchen Stories
4780,4870,1991.0,Doc Hollywood
4781,4871,2001.0,Mutant Aliens
4782,4872,2002.0,Stranded
4783,4873,1968.0,The Doris Day Show: Season 1
4784,4874,1987.0,Broadcast News
4785,4875,2000.0,Felicidades
4786,4876,1997.0,Vegas Vacation
4787,4877,2004.0,Simpsons Gone Wild
4788,4878,2000.0,Lady and the Tramp II: Scamp's Adventure
4789,4879,1972.0,Living Free
4790,4880,1999.0,Times of Terror
4791,4881,1994.0,Crumb
4792,4882,1985.0,Butthole Surfers: Blind Eye See All: Live 1985
4793,4883,1992.0,The Bodyguard
4794,4884,1942.0,Bambi: Platinum Edition
4795,4885,1963.0,Combat! Season 2: Mission 2
4796,4886,2000.0,Chuck & Buck
4797,4887,1977.0,The Hills Have Eyes
4798,4888,1995.0,Mad Love
4799,4889,1976.0,Sebastiane
4800,4890,1998.0,Next Stop Wonderland
4801,4891,2003.0,Loco Love
4802,4892,1943.0,Val Lewton: The Leopard Man / The Ghost Ship
4803,4893,2000.0,The Newcomers
4804,4894,1998.0,Celia Cruz: Fania Allstars in Africa
4805,4895,1984.0,Toy Soldiers
4806,4896,1996.0,The Thorn Birds: The Missing Years
4807,4897,1961.0,Nikki: Wild Dog of the North
4808,4898,1961.0,Pocketful of Miracles
4809,4899,2002.0,Pinata: Survival Island
4810,4900,2002.0,Let's Dance Salsa: Beginning Lessons 1
4811,4901,1999.0,Aa Ab Laut Chalen
4812,4902,1985.0,Young Sherlock Holmes
4813,4903,1985.0,Ram teri Ganga maili
4814,4904,1993.0,Manhattan Murder Mystery
4815,4905,1992.0,Love in Sampan
4816,4906,1999.0,Stuart Little
4817,4907,2000.0,Grass
4818,4908,2004.0,Cartoon Network Christmas: Yuletide Follies
4819,4909,2005.0,Parineeta
4820,4910,1996.0,Allyson is Watching
4821,4911,1992.0,Munchie
4822,4912,1955.0,Mister Roberts
4823,4913,1994.0,Clean Slate
4824,4914,2005.0,White Noise
4825,4915,1994.0,Magic Knight Rayearth
4826,4916,2002.0,Tycoon: A New Russian
4827,4917,2001.0,Amazons and Gladiators
4828,4918,1997.0,Slayers Try DVD Collection
4829,4919,1997.0,South Park: Passion of the Jew
4830,4920,1982.0,Tron: Bonus Material
4831,4921,1995.0,Megaman: Battle for the Future
4832,4922,2002.0,Sorcerers and Wizards: Real Magic
4833,4923,1996.0,A Very Brady Sequel
4834,4924,1961.0,The Twilight Zone: Vol. 13
4835,4925,1989.0,God of Gamblers
4836,4926,1997.0,Washington Square
4837,4927,1956.0,A Kiss Before Dying
4838,4928,2005.0,The Bridge of San Luis Rey
4839,4929,2004.0,Born to be Wild: The Leading Men of American Ballet Theatre
4840,4930,2000.0,Bedrooms and Hallways
4841,4931,2004.0,Catwoman
4842,4932,1997.0,The Saint
4843,4934,1995.0,Danielle Steel's Vanished
4844,4935,1998.0,VH1 Divas Live
4845,4936,1998.0,My Giant
4846,4937,1995.0,Chinese Odyssey 1: Pandora's Box
4847,4938,1994.0,Napoleon
4848,4939,2001.0,Discovering Greece
4849,4940,1989.0,Maine Pyar Kiya
4850,4941,2004.0,Aetbaar
4851,4942,1990.0,Time to Kill
4852,4943,1984.0,Against All Odds
4853,4944,1994.0,The Three Tenors in Concert: Dodger Stadium
4854,4945,1973.0,5 Films About Christo & Jeanne-Claude
4855,4946,2002.0,Inside Islam
4856,4947,1933.0,The Invisible Man: Special Edition
4857,4948,2002.0,Run Ronnie Run
4858,4949,1999.0,House on Haunted Hill
4859,4950,2001.0,Discovering England
4860,4951,2003.0,Runaway Jury
4861,4952,2000.0,Dr. Wayne Dyer: How to Get What You Really Want & Improve Your Life
4862,4953,1995.0,Three Wishes
4863,4954,1980.0,Sandbaggers: Collection 3
4864,4955,1976.0,Satan's Brew
4865,4956,1989.0,Back to the Future Part II
4866,4957,2001.0,Para Para Sakura
4867,4958,1977.0,Chinese Roulette
4868,4959,2000.0,Caillou: Caillou's Train Trip and Other Adventures
4869,4960,2002.0,New York Firefighters: The Brotherhood of 9/11
4870,4961,1991.0,Black Cat
4871,4962,2003.0,Twin Towers
4872,4963,1991.0,Grateful Dead: View from the Vault 2
4873,4964,2003.0,Tiptoes
4874,4965,1962.0,Mamma Roma
4875,4966,1990.0,The Hot Spot
4876,4967,1999.0,Jaanam Samjha Karo
4877,4968,1998.0,National Geographic: The Photographers
4878,4969,1981.0,The Flame Trees of Thika
4879,4970,1992.0,Damage
4880,4971,1991.0,La Belle Noiseuse
4881,4972,2003.0,Paycheck
4882,4973,1939.0,W.C. Fields: You Can't Cheat an Honest Man
4883,4974,1982.0,Alone in the Dark
4884,4975,1909.0,D.W. Griffith: Years of Discovery 1909-1913
4885,4976,1999.0,The Trench
4886,4977,1988.0,The Great Outdoors
4887,4978,2000.0,Freaks & Geeks: The Complete Series
4888,4979,2002.0,Star Trek: Enterprise: Season 2
4889,4980,2000.0,Dead or Alive 2
4890,4981,1979.0,Dracula
4891,4983,2004.0,Sarah McLachlan: Afterglow Live
4892,4984,1995.0,Hiroshima
4893,4985,1999.0,Lost & Found
4894,4986,2002.0,The Shipment
4895,4987,1999.0,Music of the Heart: Bonus Material
4896,4988,2005.0,Saturday Night Live: The Best of John Belushi
4897,4989,1999.0,Pantera: 3 Vulgar Videos From Hell
4898,4990,1979.0,Taxi: Season 2
4899,4991,2005.0,Barbie and the Magic of Pegasus
4900,4992,1999.0,Kathy Smith: Kickboxing Workout
4901,4994,2002.0,Snapshots
4902,4995,2002.0,Crossroads
4903,4996,2000.0,Gone in 60 Seconds
4904,4997,2004.0,Alabama Love Story
4905,4998,1948.0,Anna Karenina
4906,4999,2001.0,Lucky Break
4907,5000,1994.0,Getting Even with Dad
4908,5001,1998.0,Lulu on the Bridge
4909,5002,2003.0,MTV Power Yoga
4910,5003,2003.0,2003 World Series
4911,5004,2001.0,Nowhere in Africa
4912,5005,1995.0,Vampire in Brooklyn
4913,5006,2004.0,The White Stripes: Under Blackpool Lights
4914,5007,2002.0,Queer as F**k
4915,5008,1998.0,The Pentagon Wars
4916,5009,1984.0,Faerie Tale Theatre: Cinderella
4917,5010,1990.0,Postcards from the Edge
4918,5011,1992.0,Painted Skin
4919,5012,2004.0,Miles Davis: Cool Jazz Sound
4920,5013,1992.0,Under Suspicion
4921,5014,1986.0,Alf: Season 1
4922,5015,1981.0,Ragtime
4923,5016,1996.0,Set It Off
4924,5017,1963.0,A New Kind of Love
4925,5018,2001.0,Fruits Basket
4926,5019,1944.0,The Princess and the Pirate
4927,5020,2003.0,Johnny English
4928,5021,1990.0,Tales from Avonlea
4929,5022,2001.0,Little Otik
4930,5023,2002.0,Take Care of My Cat
4931,5024,1983.0,The Greatest American Hero: Season 3
4932,5025,1985.0,Mask: Director's Cut
4933,5026,2004.0,Kathy Griffin: Allegedly
4934,5027,1980.0,Bad Timing
4935,5028,1998.0,Whispering Corridors
4936,5029,1999.0,Children of the Century
4937,5030,1997.0,Black Scorpion 2: Ground Zero
4938,5031,2002.0,Satin Rouge
4939,5032,1983.0,Legend of the Eight Samurai
4940,5033,1993.0,Son in Law
4941,5034,1989.0,Dick Francis Mysteries
4942,5035,1998.0,54
4943,5036,1998.0,Ernest in the Army
4944,5037,1997.0,Hameshaa
4945,5038,1996.0,American Strays
4946,5039,2003.0,Detention
4947,5040,1994.0,The Endless Summer II
4948,5041,1998.0,Clay Pigeons
4949,5042,2003.0,Deliver Us From Eva
4950,5043,1963.0,The Dick Van Dyke Show: Season 3
4951,5044,2003.0,The Second Coming
4952,5045,1969.0,The Trouble With Girls
4953,5046,2003.0,Iron Maiden: Visions of the Beast
4954,5047,2001.0,Max Keeble's Big Move
4955,5048,2002.0,Gene Kelly: Anatomy of a Dancer
4956,5049,1982.0,Rehearsal for Murder
4957,5050,1953.0,Roman Holiday
4958,5051,1983.0,Queen: On Fire: Live at the Bowl
4959,5052,1991.0,Separate But Equal
4960,5053,1937.0,Laurel and Hardy: Way Out West / Block-Heads
4961,5054,1996.0,Mission: Impossible
4962,5055,1998.0,Hope Floats
4963,5056,1994.0,Angels in the Outfield
4964,5057,2004.0,WWE: Unforgiven 2004
4965,5058,2004.0,Swades
4966,5059,1981.0,Outland
4967,5060,1990.0,Campion: Flowers for the Judge
4968,5061,1994.0,The Bodyguard from Beijing
4969,5062,1980.0,The Monster Club
4970,5063,1997.0,Mouse Hunt
4971,5064,2005.0,Left Behind: World at War
4972,5065,1933.0,W.C. Fields: Six Short Films
4973,5066,1994.0,New Legend of Shaolin
4974,5067,2000.0,Molokai: The Story of Father Damien
4975,5068,1970.0,Alice in Acidland / Smoke and Flesh
4976,5069,1991.0,Sleeping With the Enemy
4977,5070,1998.0,Nazca: Betrayal of Humanity
4978,5071,2005.0,Fever Pitch
4979,5072,2001.0,Visitor Q
4980,5073,1998.0,Nightwatch
4981,5074,1965.0,Major Dundee
4982,5075,1973.0,High Plains Drifter
4983,5076,2003.0,Atlantis: Milo's Return
4984,5077,1996.0,Sworn To Justice
4985,5078,2003.0,Harvie Krumpet
4986,5079,1947.0,Copacabana
4987,5080,1975.0,Dario Argento Collection: Vol. 3: Deep Red
4988,5081,2003.0,WWE: From the Vault: Shawn Michaels
4989,5082,1975.0,The Lost Honor of Katharina Blum
4990,5083,1986.0,The Worst Witch
4991,5084,1981.0,Escape from New York
4992,5085,2003.0,Seabiscuit
4993,5086,2000.0,In the Weeds
4994,5088,1987.0,Dirty Dancing: Bonus Material
4995,5089,2002.0,Fushigi Yugi: The Mysterious Play: Eikoden
4996,5090,1983.0,The Survivors
4997,5091,1979.0,Star Blazers: Series 3: The Bolar Wars
4998,5092,1997.0,Buffy the Vampire Slayer: Season 2
4999,5093,1955.0,It Came From Beneath the Sea
5000,5094,1974.0,The Year Without a Santa Claus
5001,5095,2003.0,Running on Karma
5002,5096,2005.0,My Summer of Love
5003,5097,1963.0,Bye Bye Birdie
5004,5098,2001.0,Pyaar Ishq aur Mohabbat
5005,5099,2002.0,Devdas
5006,5100,2001.0,Queensryche: Live Evolution
5007,5101,2004.0,Taboo: The Beginning of Erotic Cinema
5008,5102,1971.0,Dr. Jekyll and Sister Hyde
5009,5103,1993.0,The Simpsons: Season 5
5010,5104,2002.0,The Four Feathers
5011,5105,1985.0,Just One of the Guys
5012,5106,1994.0,House Party 3
5013,5107,2001.0,Barbra Streisand: Timeless: Live in Concert
5014,5108,2003.0,Treasure Hunt
5015,5109,1968.0,The Devil Rides Out
5016,5110,1920.0,The Mark of Zorro / Don Q: Son of Zorro
5017,5111,2003.0,Seducing Doctor Lewis
5018,5112,2000.0,What Lies Beneath
5019,5113,1985.0,Subway
5020,5114,2003.0,Celia Cruz: Eternal Voice
5021,5115,2003.0,Betterman: Complete Collection
5022,5116,1955.0,Queen Bee
5023,5117,1959.0,Room at the Top
5024,5118,1995.0,Devil in a Blue Dress
5025,5119,2004.0,Charlie
5026,5120,2000.0,The Adventures of Felix
5027,5121,2003.0,The Medallion
5028,5122,1985.0,Original Dirty Pair
5029,5123,1994.0,Darkside Blues
5030,5124,1956.0,Rodan
5031,5125,1979.0,The Story of Jesus for Children
5032,5126,2001.0,The Learning Curve
5033,5127,2002.0,The Sea
5034,5128,2002.0,Bob the Builder: Can We Fix It?
5035,5129,1988.0,Permanent Record
5036,5130,1999.0,Dudley Do-Right
5037,5131,1998.0,Sometimes They Come Back For More
5038,5132,2002.0,Kylie Minogue: Live in Sydney
5039,5133,1926.0,Sparrows
5040,5134,1961.0,Salvatore Giuliano
5041,5135,1994.0,Blink
5042,5136,1976.0,F for Fake
5043,5137,1985.0,Out of Africa
5044,5138,2004.0,WWE: Hard Knocks: The Chris Benoit Story
5045,5139,1994.0,A Simple Twist of Fate
5046,5140,1993.0,Fearless
5047,5141,1984.0,The Philadelphia Experiment
5048,5142,2004.0,Beatles: From the Beginning to the End
5049,5143,1959.0,Shadows
5050,5144,2001.0,Colin's Sleazy Friends
5051,5145,2000.0,Elizabeth
5052,5146,2005.0,Dominion: Prequel to the Exorcist
5053,5147,2002.0,W.A.S.P.: The Sting
5054,5148,1998.0,All the Little Animals
5055,5149,1986.0,The Great Mouse Detective
5056,5150,2005.0,The Great Escape: Nova
5057,5151,1971.0,Bedknobs and Broomsticks
5058,5152,2002.0,Clifford: King Clifford / Be My Big Red Valentine
5059,5153,2004.0,Megalodon
5060,5154,2005.0,Constantine
5061,5155,1982.0,Sword of the Valiant
5062,5156,2004.0,Blue Collar Comedy Tour Rides Again
5063,5157,1999.0,Shark Attack
5064,5158,1966.0,Hogan's Heroes: Season 2
5065,5159,2002.0,The Real World Movie: The Lost Season
5066,5160,1992.0,Cows
5067,5161,2005.0,Pride FC: Body Blow
5068,5162,2002.0,Heaven
5069,5163,2001.0,Dangerous Child
5070,5164,1998.0,The Hanging Garden
5071,5165,2004.0,Yakuza Demon
5072,5166,1963.0,The Twilight Zone: Vol. 30
5073,5167,1995.0,Ruth Rendell: Simisola
5074,5168,2003.0,Lawrence of Arabia: The Battle for the Arab World
5075,5169,1992.0,My Cousin Vinny
5076,5170,1996.0,The Pallbearer
5077,5171,2003.0,Guilty by Association
5078,5172,1999.0,Framed
5079,5173,1997.0,Roots of Rhythm
5080,5174,1978.0,The Rutles
5081,5175,2002.0,Under One Roof
5082,5176,1972.0,Blacula
5083,5177,2001.0,Abandoned
5084,5178,1939.0,Son of Frankenstein / Ghost of Frankenstein
5085,5179,1989.0,Her Alibi
5086,5180,1999.0,The Confession
5087,5181,2003.0,Under the Tuscan Sun
5088,5182,2004.0,Harry and Max
5089,5183,1997.0,100 Years of Comedy
5090,5184,2000.0,'N Sync: Making of the Tour
5091,5185,2004.0,Shadow of Fear
5092,5186,1966.0,Georgy Girl
5093,5187,1968.0,Funny Girl
5094,5188,2005.0,Fafner
5095,5189,2002.0,ECW: Anarchy Rulz '99
5096,5190,1981.0,Mommie Dearest
5097,5191,2000.0,Vertical Limit
5098,5192,2000.0,Sting: The Brand New Day Tour
5099,5193,2001.0,Sex and a Girl
5100,5194,2001.0,Lawless Heart
5101,5195,2004.0,Undercover Kids
5102,5196,1998.0,All the Rage
5103,5197,1999.0,Wishmaster / Wishmaster 2: Evil Never Dies
5104,5198,2003.0,The Inspector Lynley Mysteries: Playing for Ashes
5105,5199,2000.0,Baise Moi
5106,5200,2004.0,Alila
5107,5201,1999.0,Lover's Prayer
5108,5202,1985.0,Care Bears: Adventures in Care-a-lot
5109,5203,2004.0,Frankenstein
5110,5204,2004.0,The O.C.: Season 2
5111,5205,2000.0,Kandukonden Kandukonden
5112,5206,2002.0,Daria: Is it College Yet?
5113,5207,1953.0,Project Moonbase
5114,5208,2000.0,Hard Core Logo
5115,5209,1997.0,Dein Perry's: Tap Dogs
5116,5210,1925.0,Grass: A Nation's Battle for Life
5117,5211,1947.0,New Orleans
5118,5212,1994.0,Cadfael: The Sanctuary Sparrow
5119,5213,2002.0,Legion of the Dead
5120,5214,1970.0,The Bird with the Crystal Plumage
5121,5215,1958.0,King Creole
5122,5216,1943.0,Val Lewton: The Seventh Victim / Shadows in the Dark: The Val Lewton Legacy
5123,5217,1991.0,Rhapsody in August
5124,5218,2003.0,Superman & Friends
5125,5219,2001.0,Miracle of the Cards
5126,5220,2000.0,Drowning Mona
5127,5221,1978.0,The Big Sleep
5128,5222,2004.0,Highlander: Unholy Alliance
5129,5224,2003.0,Bus 174
5130,5225,1997.0,The Nazis: A Warning from History
5131,5226,1998.0,Rushmore
5132,5227,2001.0,Angel Eyes
5133,5228,2002.0,The Last Game
5134,5229,1984.0,Transformers: Season 1
5135,5230,2003.0,Girls Will Be Girls
5136,5231,1927.0,The General (Silent)
5137,5232,2001.0,Midsomer Murders: A Worm in the Bud
5138,5233,2004.0,Alien 3000
5139,5234,2005.0,The Land Before Time XI: The Invasion of the Tinysauruses
5140,5235,1989.0,She Devil
5141,5236,1985.0,Lifeforce
5142,5237,1995.0,To Die For
5143,5238,2003.0,Miss Spider's Sunny Patch Kids
5144,5239,2005.0,The Longest Yard
5145,5240,1992.0,The Last of His Tribe
5146,5241,2004.0,The Wiggles: Wiggly Playtime
5147,5242,2001.0,Get Well Soon
5148,5243,2000.0,Romeo Must Die
5149,5244,1969.0,Women in Love
5150,5245,2000.0,Malena
5151,5246,2003.0,Art of Revenge
5152,5247,2002.0,Chris Botti & Friends: Night Sessions: Live in Concert
5153,5248,2001.0,The Diamond of Jeru
5154,5249,2002.0,Raaz
5155,5250,1986.0,The Money Pit
5156,5251,2000.0,Caribbean Dreaming: U.S. Virgin Islands
5157,5252,1999.0,World Almanac Video: The Expanding Universe
5158,5253,1970.0,Beneath the Planet of the Apes
5159,5254,2000.0,The Ladies Man
5160,5255,1994.0,City Slickers II: The Legend of Curly's Gold
5161,5256,1984.0,Unfaithfully Yours
5162,5257,2003.0,The Secret Lives of Dentists
5163,5258,1990.0,Ken Burns' Civil War
5164,5259,2000.0,Deep Water
5165,5260,1965.0,Samurai Spy
5166,5261,2003.0,Looney Tunes: Reality Check!
5167,5262,1968.0,Les Biches (Bad Girls)
5168,5263,1969.0,Medium Cool
5169,5264,2004.0,Denise Austin: Personal Training System
5170,5265,1968.0,Girl on a Motorcycle
5171,5266,1998.0,Scarred City
5172,5267,2003.0,Untold Scandal
5173,5268,2004.0,Denis Leary: The Complete Denis Leary
5174,5269,2005.0,Ring of Fire: The Emile Griffith Story
5175,5270,2002.0,La Vie Promise
5176,5271,1993.0,Cyborg 2
5177,5272,1953.0,Invaders from Mars
5178,5273,2004.0,Ani DiFranco: Trust
5179,5274,1995.0,Zero Woman
5180,5275,1997.0,Ernest Goes to Africa
5181,5276,1999.0,The Witness
5182,5277,2001.0,The Anniversary Party
5183,5278,1993.0,My Favorite Season
5184,5279,1998.0,Fatal Pursuit
5185,5280,1956.0,The Court Jester
5186,5281,2004.0,Paranoia 1.0
5187,5282,1985.0,Beach Boys: An American Band / Brian Wilson: I Just Wasn't Made for These Times
5188,5283,2002.0,Hellsing
5189,5284,2004.0,Linkin Park/Jay-Z: Collision Course
5190,5285,1959.0,The Tingler
5191,5286,2004.0,Love Object
5192,5287,1967.0,Bonnie and Clyde
5193,5288,1965.0,Gigantor
5194,5289,1984.0,The Victim
5195,5290,1997.0,Beast Wars Transformers: Season 2
5196,5291,1990.0,Grateful Dead: View from the Vault 3
5197,5292,2002.0,Alias: Season 2
5198,5293,1992.0,Patriot Games
5199,5294,1952.0,Tom and Jerry: Whiskers Away!
5200,5295,1955.0,The Swindle
5201,5296,2003.0,Camp
5202,5297,2000.0,Aqua Teen Hunger Force: Vol. 2
5203,5298,1999.0,Storm of the Century
5204,5299,1993.0,Dragon Ball Z: Broly: The Legendary Super Saiyan
5205,5300,1996.0,Kids Return
5206,5301,2000.0,Tequila Body Shots
5207,5302,2003.0,Chased by Dinosaurs: Three Walking with Dinosaurs Adventures
5208,5303,1938.0,The Big Broadcast of 1938 / College Swing
5209,5304,1998.0,Vanity Fair
5210,5305,1993.0,Judgment Night
5211,5306,2003.0,Thomas & Friends: Steamies vs. Diesels
5212,5307,2002.0,Bear in the Big Blue House: Everybody's Special
5213,5308,2000.0,Vatel
5214,5309,1997.0,Friends: Season 4
5215,5310,2004.0,The Last Days of World War II
5216,5311,1997.0,Cadillac Ranch
5217,5312,2003.0,Recess: Taking the Fifth Grade
5218,5313,1988.0,Kansas
5219,5314,1999.0,Return with Honor: American Experience
5220,5315,1987.0,The Lost Boys: Special Edition: Bonus Material
5221,5316,1935.0,The Lives of a Bengal Lancer
5222,5317,2000.0,Miss Congeniality
5223,5318,1995.0,Tommy Boy
5224,5319,2002.0,Dragon Ball: Red Ribbon Army Saga
5225,5320,2005.0,The Upside of Anger
5226,5321,2004.0,Border Blues
5227,5322,2001.0,Classic Albums: Judas Priest: British Steel
5228,5323,2001.0,National Geographic: Beyond the Movie: Pearl Harbor
5229,5324,1992.0,Undesirable
5230,5325,1996.0,Lilies
5231,5326,1990.0,Star Trek: The Next Generation: Season 4
5232,5327,2005.0,Guess Who
5233,5328,2002.0,Sniper 2
5234,5329,2005.0,The Dream of Sparrows: Iraq Eye Group: Vol. 1
5235,5330,1984.0,A Christmas Carol
5236,5331,2001.0,Project Arms
5237,5332,1999.0,Aladdin and the Adventure of All Time
5238,5333,2002.0,Big Fat Liar
5239,5335,1938.0,Caught in the Draft / Give Me a Sailor: Double Feature
5240,5336,1994.0,The Inkwell
5241,5337,1978.0,Tales of the Unexpected: Set 1
5242,5338,1986.0,A Better Tomorrow
5243,5339,1982.0,Venom
5244,5340,2005.0,Single White Female 2: The Psycho
5245,5341,1958.0,The Inn of the Sixth Happiness
5246,5342,1991.0,The Butcher's Wife
5247,5343,2000.0,Jazz
5248,5344,1999.0,Guinevere
5249,5345,2004.0,Shark Tale
5250,5346,1999.0,The Collectors
5251,5347,2002.0,Walking on Water
5252,5348,1995.0,The Chinese Feast
5253,5349,2004.0,Gankutsuou: The Count of Monte Cristo
5254,5350,1985.0,Vagabond
5255,5351,1990.0,Mo' Better Blues
5256,5352,1999.0,Tuvalu
5257,5353,1970.0,Zatoichi Meets Yojimbo
5258,5354,1961.0,The Intruder
5259,5355,1937.0,A Star Is Born
5260,5356,1988.0,All Creatures Great and Small: Series 4
5261,5357,1991.0,Robert Townsend: Partners in Crime: Vol. 1
5262,5358,1974.0,Land of the Lost
5263,5359,1995.0,Hercules: Amazon Women/Lost Kingdom
5264,5360,1983.0,The Right Stuff
5265,5361,1988.0,Masquerade
5266,5362,2002.0,The Inspector Lynley Mysteries: Missing Joseph
5267,5363,2001.0,Jay and Silent Bob Strike Back
5268,5364,1998.0,Body Story
5269,5365,1975.0,Island of Death
5270,5366,1999.0,The Mod Squad
5271,5367,1996.0,The Glimmer Man
5272,5368,1998.0,Dawson's Creek: Season 2
5273,5369,1972.0,Sanford and Son: Season 3
5274,5370,1999.0,An Intimate Evening with Anne Murray
5275,5371,1976.0,The Killing of a Chinese Bookie
5276,5372,2003.0,Hell's Highway: The True Story of Highway Safety Films
5277,5373,1970.0,The Shiver of the Vampires
5278,5374,1989.0,The Chronicles of Narnia: Prince Caspian and the Voyage of the Dawn Treader
5279,5375,1957.0,Battle Hymn
5280,5376,2003.0,Cowards Bend the Knee
5281,5377,1998.0,Lateline: The Complete Series
5282,5378,1927.0,My Best Girl
5283,5379,2001.0,Degrassi: The Next Generation: Season 1
5284,5380,1960.0,Two-Way Stretch
5285,5381,2002.0,ECW: Guilty as Charged 2001
5286,5382,1985.0,One Night With Blue Note
5287,5383,1971.0,Zatoichi Meets the One-Armed Swordsman
5288,5384,1989.0,The Killer
5289,5385,2001.0,Jamie Foxx: I Might Need Security
5290,5386,2001.0,After Image
5291,5387,1991.0,Dutch
5292,5388,1996.0,Chef!: Series 3
5293,5389,1997.0,Who the Hell Is Juliette?
5294,5390,2004.0,Anacondas: The Hunt for the Blood Orchid
5295,5391,1999.0,Anna and the King
5296,5392,1996.0,The Ultimate Beginner Series: Guitar Theory Basics
5297,5393,1993.0,Sondheim: A Celebration at Carnegie Hall
5298,5394,1996.0,Andersonville
5299,5395,2004.0,Agatha Christie's Poirot: Death on the Nile
5300,5396,2004.0,Beef 2
5301,5397,1996.0,P.D. James: Original Sin
5302,5398,2004.0,Hyderabad Blues 2
5303,5399,1919.0,Daddy Long Legs
5304,5400,1975.0,Good Times: Season 3
5305,5401,2004.0,Dodgeball: A True Underdog Story
5306,5402,1978.0,Days of Heaven
5307,5403,1999.0,Light It Up
5308,5405,2002.0,The Business of Fancydancing
5309,5406,1987.0,Married... with Children: Season 1
5310,5407,1998.0,Still Breathing
5311,5408,1991.0,Star Trek VI: The Undiscovered Country: Bonus Material
5312,5409,1998.0,George Clinton: The Mothership Connection
5313,5410,2000.0,Shooting War: World War II Combat Cameramen
5314,5411,1977.0,Alaap
5315,5412,2004.0,Possessed
5316,5413,1996.0,Fudoh: The New Generation
5317,5414,1996.0,Friends: Season 3
5318,5415,1999.0,Mickey Blue Eyes
5319,5416,1945.0,Back to Bataan
5320,5417,1995.0,Tales From the Hood
5321,5418,2004.0,Queensryche: The Art of Live
5322,5419,1991.0,Cirque du Soleil: Nouvelle Experience
5323,5420,2003.0,Dog Gone
5324,5421,1995.0,Empire Records: Remix! Special Fan Edition
5325,5422,1929.0,Piccadilly
5326,5423,2002.0,Invincible
5327,5424,2000.0,Pukar
5328,5425,1999.0,Best Laid Plans
5329,5426,2001.0,RoboCop: Resurrection
5330,5427,1992.0,Crisscross
5331,5428,2002.0,Teddy Bears' Picnic
5332,5429,1967.0,Elvira Madigan
5333,5430,1996.0,Sleepers
5334,5431,1996.0,Emperor's Shadow
5335,5432,1976.0,The Muppet Show: Season 1
5336,5433,1985.0,Turk 182!
5337,5434,2000.0,Mission to Mars
5338,5435,1988.0,Biloxi Blues
5339,5436,1986.0,Seize the Day
5340,5437,2004.0,Clara's Summer
5341,5438,2001.0,Princesa
5342,5439,2001.0,Yaadein
5343,5440,1999.0,The Extreme Adventures of Super Dave
5344,5441,1976.0,The Marquise of O
5345,5442,2004.0,Libertarias
5346,5443,1970.0,Where's Poppa?
5347,5444,1998.0,Cousin Bette
5348,5445,1999.0,Farscape: Season 1
5349,5446,2003.0,Jandek on Corwood
5350,5447,1998.0,No Looking Back
5351,5448,2002.0,Jackass: The Movie
5352,5449,2004.0,Ab Tak Chhappan
5353,5450,1997.0,Wacky Babies & Tender Times: Marty Stouffer's Wild America
5354,5451,1987.0,The Celts: Rich Traditions and Ancient Myths
5355,5452,1969.0,Michael Palin's Personal Best
5356,5453,2001.0,Angel Links
5357,5454,2000.0,Time and Tide
5358,5455,1999.0,Outside Providence
5359,5456,2004.0,Sid Caesar Collection: The Fan Favorites
5360,5457,2000.0,Project: Human Weapon
5361,5458,1997.0,Directors: Rob Reiner
5362,5459,2000.0,Code Unknown
5363,5460,1998.0,Tess of the D'Urbervilles
5364,5461,1998.0,The Apostate
5365,5462,1999.0,The Messenger: The Story of Joan of Arc
5366,5463,2002.0,Jeremiah: Season 1
5367,5464,1999.0,RKO 281
5368,5465,1968.0,The Scalphunters
5369,5466,1993.0,Harry Connick Jr.: The New York Big Band Concert
5370,5467,2004.0,Intimate Strangers
5371,5468,1974.0,Thunderbolt and Lightfoot
5372,5469,1959.0,The Best of Everything
5373,5470,1979.0,The Jesus Film
5374,5471,1992.0,Mystery Science Theater 3000: The Killer Shrews
5375,5472,1987.0,Spaceballs
5376,5473,1969.0,The Undefeated
5377,5474,1999.0,Gloria
5378,5475,1999.0,Midsomer Murders: Death of a Stranger
5379,5476,1959.0,Hiroshima Mon Amour
5380,5477,1988.0,Twins
5381,5478,1966.0,The Game Is Over
5382,5479,2003.0,Shane McGowan: If I Should Fall From Grace
5383,5480,1982.0,Scarlet Pimpernel
5384,5481,1993.0,Fortress
5385,5482,1989.0,Gundam 0080: War in the Pocket
5386,5483,2002.0,Naked Weapon
5387,5484,2000.0,Har dil jo Pyar karega...
5388,5486,1977.0,Raid on Entebbe
5389,5487,1993.0,Twenty Bucks
5390,5488,1977.0,Kentucky Fried Movie
5391,5489,1966.0,After the Fox
5392,5490,1989.0,The Grateful Dead: Truckin' Up to Buffalo
5393,5491,1999.0,Victim
5394,5492,1965.0,10th Victim
5395,5493,1993.0,Sommersby
5396,5494,1979.0,Connections 2
5397,5495,2001.0,Just Can't Get Enough
5398,5497,1944.0,Memphis Belle
5399,5498,1968.0,Never a Dull Moment
5400,5499,1986.0,Soul Man
5401,5500,1996.0,The Bible Collection: Samson and Delilah
5402,5501,1930.0,Check and Double Check with Amos 'n' Andy
5403,5502,1999.0,Dave Matthews Band: Listener Supported
5404,5503,1979.0,Salem's Lot
5405,5504,1976.0,Charlie's Angels: Angels Under Covers
5406,5505,1995.0,Feast of July
5407,5506,1942.0,The Talk of the Town
5408,5507,2002.0,Dragon Ball: Fortune Teller Baba Saga
5409,5508,1996.0,George Carlin: Back in Town
5410,5509,1978.0,The End
5411,5510,1982.0,Cheers: Season 1
5412,5511,1975.0,Dolemite
5413,5512,1987.0,Taffin
5414,5513,1990.0,Mr. Bean: The Whole Bean
5415,5514,1999.0,Boy's Choir
5416,5515,1964.0,Dr. Strangelove
5417,5516,1999.0,American Movie
5418,5517,1995.0,A Tribute to Stevie Ray Vaughan
5419,5518,1976.0,The Pink Panther Strikes Again
5420,5519,1999.0,The West Wing: Season 1
5421,5520,2001.0,Reboot: Daemon Rising
5422,5521,1988.0,Stealing Home
5423,5522,2004.0,The Machinist
5424,5523,2004.0,Conspiracy of Silence
5425,5524,1995.0,Tales from the Crypt: Deadly Duo
5426,5525,2001.0,Mad Love
5427,5526,2005.0,Malice Aforethought
5428,5527,1953.0,Humphrey Bogart: Beat the Devil / Call It Murder
5429,5528,2003.0,The Triplets of Belleville
5430,5529,2001.0,Britney Spears: Live from Las Vegas
5431,5530,2000.0,Stargate SG-1: Season 4
5432,5531,1997.0,The Assignment
5433,5532,1999.0,Purgatory
5434,5533,2003.0,MXP: Most Extreme Primate
5435,5534,1968.0,The Best of Rowan & Martin's Laugh-In 2
5436,5535,1983.0,A Night with Lou Reed
5437,5536,1998.0,Corrs: Live at The Royal Albert Hall
5438,5537,2001.0,Avalon
5439,5538,1979.0,Monty Python's Life of Brian
5440,5539,2004.0,The 4400: Season 1
5441,5540,2001.0,Queensryche: Operation Live Crime
5442,5541,1995.0,Die Hard: With a Vengeance: Bonus Material
5443,5542,1987.0,Making Mr. Right
5444,5543,1957.0,20 Million Miles to Earth
5445,5545,2002.0,Bad Company
5446,5546,1953.0,The Blue Gardenia
5447,5547,1965.0,Village of the Giants
5448,5548,1986.0,Legacy of Rage
5449,5549,2001.0,Curb Your Enthusiasm: Season 2
5450,5550,1998.0,Fogi Is a Bastard
5451,5551,2002.0,The Year That Trembled
5452,5552,2005.0,Mobile Suit Gundam SEED the Movie 2: The Far-Away Dawn
5453,5554,1945.0,They Were Expendable
5454,5556,1991.0,Silk Stalkings: Season 1
5455,5557,1990.0,Q & A
5456,5558,1993.0,Sesame Street's 25th Birthday: A Musical Celebration
5457,5559,1985.0,Richard Pryor: Live & Smokin'
5458,5560,2002.0,Sorority Boys
5459,5561,1967.0,Cool Hand Luke
5460,5562,1985.0,Ladyhawke
5461,5563,1970.0,Woodstock: 3 Days of Peace & Music
5462,5564,2000.0,Burnt Money
5463,5565,2005.0,Dora the Explorer: It's a Party!
5464,5566,1979.0,Penitentiary
5465,5567,2003.0,Extreme Rollercoasters
5466,5568,1988.0,Not of This Earth
5467,5569,1939.0,The Adventures of Sherlock Holmes
5468,5570,1999.0,Sing Faster: The Stagehands' Ring Cycle
5469,5571,1976.0,Rocky
5470,5572,1998.0,Millennium: Season 3
5471,5573,2004.0,David Byrne: Live at Union Chapel
5472,5574,1945.0,A Walk in the Sun
5473,5575,2000.0,Bob Marley: Sun Is Shining: The Remixes
5474,5576,1980.0,Melvin and Howard
5475,5577,1957.0,Throne of Blood
5476,5578,1967.0,The Firemen's Ball
5477,5579,1984.0,Miami Vice: Season 1
5478,5580,1982.0,Countryman
5479,5581,2004.0,Perfect Husband: The Laci Peterson Story
5480,5582,1980.0,Star Wars: Episode V: The Empire Strikes Back
5481,5583,2005.0,The Marksman
5482,5584,1987.0,Street Trash
5483,5585,1937.0,Drole de Drame
5484,5586,1969.0,Katzelmacher
5485,5587,1984.0,Johnny Dangerously
5486,5588,2001.0,Jackie Chan Adventures: The Dark Hand Returns
5487,5589,2002.0,The Time Machine
5488,5590,2005.0,VeggieTales: Duke and the Great Pie War
5489,5591,1986.0,Sid & Nancy
5490,5592,1975.0,Midnight Blue: The Deep Throat Special Edition: Vol. 1: 1975 to 1987
5491,5593,1999.0,Durango Kids
5492,5594,1978.0,Toolbox Murders
5493,5595,2001.0,Steve Vai: Live at the Astoria
5494,5596,1992.0,Alien 3: Collector's Edition: Bonus Material
5495,5597,2005.0,Lupin the 3rd: Farewell to Nostradamus
5496,5598,1998.0,Lain #2: Knights
5497,5599,2004.0,George Harrison: The Dark Horse Years 1976-1992
5498,5600,2005.0,Bunty Aur Babli
5499,5601,1962.0,The Manchurian Candidate
5500,5602,1996.0,Last Dance
5501,5603,1991.0,JFK: Special Edition: Bonus Material
5502,5604,2003.0,Dorm Daze
5503,5605,1946.0,Children of Paradise
5504,5606,1988.0,Picture of a Nymph
5505,5607,1996.0,The Hunchback of Notre Dame
5506,5608,1962.0,The Lucy Show
5507,5609,2003.0,Blue's Clues: Blue Takes You to School
5508,5610,1961.0,The Bruce Brown Surf Collection: Surfing Hollow Days
5509,5611,2000.0,Rangers
5510,5612,1996.0,Kids in the Hall: Brain Candy
5511,5613,1994.0,Loaded
5512,5614,2000.0,Best in Show
5513,5615,1994.0,Danielle Steel's A Perfect Stranger
5514,5616,1966.0,The Blue Max
5515,5617,2000.0,Hanging Up
5516,5618,2003.0,Russkies
5517,5619,1946.0,Fright Fest: Vincent Price
5518,5620,1987.0,Tough Guys Don't Dance
5519,5621,1994.0,Naked Gun 33 1/3: The Final Insult
5520,5622,1958.0,Plan 9 from Outer Space
5521,5623,2003.0,Daredevil: Bonus Material
5522,5625,1999.0,At First Sight
5523,5626,2000.0,Cyndi Lauper: Twelve Deadly Cyns ...  and Then Some
5524,5627,1955.0,All That Heaven Allows
5525,5628,1996.0,The Nutty Professor
5526,5629,1975.0,Shampoo
5527,5630,2000.0,Blue's Big Musical Movie: Blue's Clues
5528,5631,1986.0,Gone to Texas
5529,5632,2000.0,Midsomer Murders: Judgment Day
5530,5633,1999.0,Tuesdays with Morrie
5531,5634,2004.0,The Touch
5532,5635,1998.0,The Mafia: An Expose - Gotti and a Mafia Resume
5533,5636,1988.0,Married... with Children: Season 3
5534,5637,1997.0,Vanishing Point
5535,5638,2001.0,Baran
5536,5639,1943.0,For Whom the Bell Tolls
5537,5640,1990.0,Once a Thief
5538,5641,1995.0,Voodoo
5539,5642,1990.0,Henry: Portrait of a Serial Killer
5540,5643,1994.0,Naked in New York
5541,5644,2004.0,Melinda and Melinda
5542,5645,1990.0,Repossessed
5543,5646,2001.0,61*
5544,5647,1996.0,Feeling Minnesota
5545,5648,2004.0,Creature Comforts: Season 1
5546,5649,2002.0,Cybermutt
5547,5650,1999.0,Buena Vista Social Club
5548,5651,1992.0,Boomerang
5549,5652,1949.0,Twelve O'Clock High
5550,5653,1973.0,The Night Stalker / The Night Strangler
5551,5654,1973.0,Chino
5552,5655,1997.0,The Harmonists
5553,5656,1986.0,Star Trek IV: The Voyage Home
5554,5657,2003.0,Billabong Odyssey
5555,5658,2001.0,The Experiment
5556,5659,1988.0,Two Moon Junction
5557,5660,2004.0,Bite Me!
5558,5661,1989.0,The Best of Dr. Seuss
5559,5662,1996.0,La Ceremonie
5560,5663,2002.0,The Cat's Meow
5561,5664,1983.0,Fire and Ice
5562,5665,1987.0,The Secret of My Success
5563,5666,2002.0,Zone of the Enders: Idolo
5564,5667,2005.0,Son of the Mask
5565,5668,1987.0,Square Dance
5566,5669,2003.0,World Poker Tour: Season 2
5567,5670,2002.0,Naqoyqatsi
5568,5671,1996.0,Secrets & Lies
5569,5672,1997.0,The Borrowers
5570,5673,2004.0,Batman: Holy Batmania
5571,5674,2000.0,Olive Juice
5572,5675,1998.0,Hellcab
5573,5676,2000.0,Maggie and the Ferocious Beast: Adventures in Nowhere Land
5574,5677,1994.0,Greater Tuna
5575,5678,1994.0,Saved by the Bell: The New Class: Season 2
5576,5679,2002.0,Mr. Smith Gets a Hustler
5577,5680,2003.0,Dragon Ball GT: The Lost Episodes
5578,5681,1983.0,High School USA
5579,5682,1922.0,Oliver Twist
5580,5683,1943.0,Sahara
5581,5684,1969.0,Dark Shadows: Vol. 17
5582,5685,2001.0,Pride FC: Grand Prix Finals
5583,5686,1993.0,Nowhere to Run
5584,5687,2002.0,Prisoner of Paradise
5585,5688,2004.0,Extreme Engineering: Boston's Big Dig
5586,5689,1982.0,Forced Vengeance
5587,5690,2002.0,National Geographic: Through the Lens
5588,5691,1941.0,Deanna Durbin: It Started with Eve / Can't Help Singing
5589,5693,1977.0,Doctor Who: The Talons of Weng-Chiang
5590,5694,1992.0,In the Soup
5591,5695,2003.0,Bad Santa
5592,5696,1999.0,The X-Files: Season 7
5593,5697,2005.0,The Big Black Comedy Show: Vol. 2
5594,5698,1985.0,Fool for Love
5595,5699,2002.0,Joshua
5596,5700,2003.0,Law & Order: Season 14
5597,5701,1994.0,No Contest
5598,5702,1962.0,Requiem for a Heavyweight
5599,5703,1981.0,Lucio Fulci: The House by the Cemetery
5600,5704,1997.0,Seven Years in Tibet
5601,5705,2002.0,Star Wars: Episode II: Attack of the Clones: Bonus Material
5602,5706,1966.0,The Silencers
5603,5707,1998.0,Down in the Delta
5604,5708,2000.0,The Art of War
5605,5709,1997.0,Hollywood Confidential
5606,5710,2002.0,Possession
5607,5711,1995.0,New Jersey Drive
5608,5712,1999.0,The Hunchback of Notre Dame
5609,5713,2000.0,Backlash
5610,5715,2004.0,Phil of the Future: Gadgets and Gizmos
5611,5716,2003.0,Devil's Pond
5612,5717,2001.0,Recording the Producers: A Musical Romp with Mel Brooks
5613,5718,1960.0,From the Terrace
5614,5719,2000.0,Dhadkan
5615,5720,2004.0,The Cutting Edge: The Magic of Movie Editing
5616,5721,1992.0,Johnny Suede
5617,5722,2000.0,Born to Be King: Young and Dangerous 6
5618,5723,1995.0,Miyuki-chan in Wonderland
5619,5724,2004.0,Playmakers
5620,5725,1999.0,Pleasurecraft
5621,5726,1980.0,Ram Balram
5622,5727,1984.0,The Last Starfighter
5623,5728,1998.0,Heaven
5624,5729,1992.0,The Winter Stallion
5625,5730,2005.0,XXX: State of the Union
5626,5731,1938.0,You Can't Take It With You
5627,5732,1990.0,GoodFellas: Special Edition
5628,5733,1982.0,Gil Scott-Heron: Black Wax/Is That Jazz?
5629,5734,2002.0,The Hard Word
5630,5735,1962.0,Carnival of Souls
5631,5736,2005.0,UFC 51: Ultimate Fighting Championship: Super Saturday
5632,5737,1999.0,Two Ninas
5633,5738,2003.0,Alias: Season 3
5634,5739,2001.0,Linkin Park: Frat Party at the Pankake Festival
5635,5740,1990.0,A.D. Police Files 1-3
5636,5741,1970.0,Trash
5637,5742,1942.0,The Palm Beach Story
5638,5743,1997.0,Black Thunder
5639,5744,2001.0,Mimic 2: Hardshell
5640,5745,1977.0,The Jacques Cousteau Odyssey: The Complete Series
5641,5746,2003.0,The Wiggles: Space Dancing
5642,5747,1992.0,When It Was a Game
5643,5748,2003.0,Variable Geo
5644,5749,1997.0,The Woodlanders
5645,5750,1988.0,Messenger of Death
5646,5751,2002.0,Eight Crazy Nights
5647,5752,1997.0,China Gate
5648,5753,1989.0,Francesco
5649,5754,2004.0,The Great Aviator: Howard Hughes
5650,5755,1992.0,Edward II
5651,5756,2003.0,Men Suddenly in Black
5652,5757,1957.0,Do Ankhen Barah Haath
5653,5758,1981.0,The Aviator's Wife
5654,5759,2003.0,Empires: Kingdom of David: The Saga of the Israelites
5655,5760,2001.0,The Sopranos: Season 3
5656,5761,2001.0,Dawson's Creek: Season 5
5657,5762,2000.0,Almost Famous
5658,5763,2004.0,Earthquake: Nature Unleashed
5659,5764,2003.0,.hack//Legend of the Twilight
5660,5765,2000.0,Shiloh
5661,5766,1998.0,Final Cut
5662,5767,2003.0,Bonhoeffer
5663,5768,2002.0,Ultimate X
5664,5769,1999.0,Kripalu Yoga: Gentle/ Dynamic/ Partner
5665,5770,2000.0,Christina Aguilera: Genie Gets Her Wish
5666,5771,1993.0,Doppelganger
5667,5772,2004.0,WWE: No Way Out
5668,5773,1946.0,Angel on My Shoulder
5669,5774,1997.0,Mumia Abu-Jamal: A Case For Reasonable Doubt?
5670,5775,1992.0,Scent of a Woman
5671,5776,2002.0,Eternal Blood
5672,5777,1980.0,Foxes
5673,5779,1999.0,The Terrorist
5674,5780,1978.0,Muqaddar Ka Sikandar
5675,5781,2003.0,Anatomy 2
5676,5782,2003.0,Dora the Explorer: City of Lost Toys
5677,5783,1990.0,A Bullet in the Head
5678,5784,2002.0,Humraaz
5679,5785,2000.0,The Cars: Live
5680,5786,1996.0,Village of Dreams
5681,5787,1983.0,Trading Places
5682,5788,1996.0,Sling Blade
5683,5789,2002.0,Just a Dream
5684,5790,1988.0,The Drifter
5685,5791,1974.0,Let Sleeping Corpses Lie
5686,5792,2005.0,The Fallen Ones
5687,5793,2003.0,Underworld
5688,5794,1942.0,Roxie Hart
5689,5795,1978.0,Kasme Vaade
5690,5796,1965.0,F Troop: TV Favorites
5691,5797,1997.0,The Well
5692,5798,1978.0,Dallas: Seasons 1 & 2
5693,5799,1983.0,Jackie Chan's Project A
5694,5800,2001.0,Stranger Inside
5695,5801,2004.0,Fairly Oddparents: Channel Chasers
5696,5802,2005.0,Who's Your Daddy
5697,5803,1980.0,Zombie Lake
5698,5804,2001.0,Martial Angels
5699,5805,1998.0,Mr. Show: Season 4
5700,5806,2004.0,Riding the Bullet
5701,5807,2004.0,Raising Helen
5702,5808,1999.0,Charmed: Season 2
5703,5809,1988.0,Eight Men Out
5704,5810,2004.0,MLB: 2004 World Series
5705,5811,1996.0,Carried Away
5706,5812,1992.0,Pure Country
5707,5813,2001.0,Diana Krall: Live in Paris
5708,5814,2002.0,One Hour Photo
5709,5815,2001.0,Kill Me Later
5710,5816,1971.0,Mary Tyler Moore: Season 2
5711,5817,2004.0,Dogs and More Dogs
5712,5818,2004.0,A Prairie Home Companion with Garrison Keillor
5713,5819,2001.0,Bruce Springsteen and the E Street Band: Live in New York City
5714,5820,1997.0,True Women
5715,5821,1999.0,Xena: Warrior Princess: Season 5
5716,5822,2005.0,Bionicle 3: Web of Shadows
5717,5823,2003.0,Mary-Kate & Ashley: The Challenge
5718,5824,1971.0,The Euroshock Collection: Psychomania
5719,5825,1993.0,Best of the Best 3 & 4
5720,5826,1995.0,Indictment: The McMartin Trial
5721,5827,1995.0,Jupiter's Wife
5722,5828,2003.0,Shania Twain: Up! Live in Chicago
5723,5829,1990.0,Waiting for the Light
5724,5830,1996.0,Triumph of the Nerds
5725,5831,2001.0,Bluehill Avenue
5726,5832,2002.0,Con Express
5727,5833,1968.0,Bandolero!
5728,5834,2003.0,WWE: Royal Rumble 2003
5729,5835,2004.0,Dario Argento's The Card Player
5730,5836,2004.0,Win a Date with Tad Hamilton!
5731,5837,1999.0,Friends: Season 7
5732,5838,2003.0,Black Cadillac
5733,5839,1993.0,Confessions of Sorority Girls
5734,5840,1986.0,Black Adder II
5735,5841,2002.0,Julius Caesar
5736,5842,2004.0,Mickey
5737,5843,2000.0,Curb Your Enthusiasm: Season 1
5738,5844,2000.0,Cupid & Cate
5739,5845,1978.0,Midnight Express
5740,5846,1971.0,Bay of Blood
5741,5847,1984.0,A Passage to India
5742,5848,1995.0,Gunsmith Cats: Bulletproof
5743,5849,2004.0,Superstars of '70s Soul Live
5744,5850,1997.0,Laser Mission
5745,5851,2003.0,The Last Days of the Civil War
5746,5852,2001.0,Final Stab
5747,5853,2005.0,Embedded/Live
5748,5854,1967.0,In the Heat of the Night
5749,5855,1968.0,Young Torless
5750,5856,2000.0,The Princess and the Warrior
5751,5857,1992.0,Citizen Cohn
5752,5858,1993.0,My Boyfriend's Back
5753,5859,2003.0,Alibi
5754,5860,2002.0,September 11
5755,5861,1994.0,Drop Zone
5756,5862,2000.0,Memento
5757,5863,1945.0,The Three Stooges: Curly Classics
5758,5864,2002.0,Phish: Live in Vegas
5759,5865,2004.0,ZZ Top: Greatest Hits: The Video Collection
5760,5866,2002.0,July Rhapsody
5761,5867,1947.0,Till the Clouds Roll By
5762,5868,2000.0,Stephen Sondheim's Putting It Together
5763,5869,2002.0,The Emperor's New Clothes
5764,5870,2000.0,Jack Frost 2: Revenge of the Mutant Killer Snowman
5765,5871,2004.0,Barbra Streisand: The Concert: Live at the MGM Grand
5766,5872,2000.0,Short: International Release
5767,5873,2001.0,L.A.P.D.: To Protect and Serve
5768,5874,1996.0,Element of Doubt
5769,5875,1999.0,The Other Sister
5770,5876,1961.0,Two Women
5771,5877,2000.0,George Washington
5772,5878,1999.0,Web of Seduction
5773,5879,1989.0,Document of the Dead
5774,5880,2004.0,The DC Video (Deluxe Edition)
5775,5881,2001.0,Lagaan
5776,5882,1992.0,Medicine Man
5777,5883,1999.0,My Voyage to Italy
5778,5884,1999.0,Saturday Night Live: The Best of Mike Myers
5779,5885,2004.0,Hello Kitty & Friends
5780,5886,2000.0,The X-Files: Season 3
5781,5887,2000.0,Banner of the Stars II
5782,5888,1986.0,Cheers: Season 5
5783,5889,2000.0,Love Come Down
5784,5890,1985.0,Transylvania 6-5000
5785,5891,1999.0,Grey Owl
5786,5892,2005.0,WWE: Wrestlemania 21
5787,5893,2001.0,Lost Voyage
5788,5894,1993.0,Hard Target
5789,5895,2001.0,The Majestic
5790,5896,2001.0,Winning London
5791,5897,2003.0,Jeepers Creepers 2
5792,5898,1992.0,Mystery Science Theater 3000: Hercules Against the Moon Men
5793,5899,1991.0,Rush
5794,5900,1999.0,Cleopatra
5795,5901,2004.0,The Forgetting: A Portrait of Alzheimer's
5796,5902,2002.0,R.S.V.P.
5797,5903,1991.0,The Hard Way
5798,5904,1962.0,The Counterfeit Traitor
5799,5905,1998.0,The Worst Witch: Miss Cackle's Birthday Surprise
5800,5906,1992.0,Honeymoon in Vegas
5801,5907,1956.0,Godzilla: King of the Monsters
5802,5908,1931.0,Frankenstein / Bride of Frankenstein: The Legacy Collection
5803,5909,2004.0,Code 46
5804,5910,2001.0,Good Rockin' Tonight: The Legacy of Sun Records
5805,5911,2001.0,Rudyland
5806,5913,1994.0,"Snowy River: The McGregor Saga ""The Race"""
5807,5914,1971.0,Brother John
5808,5915,1987.0,Slaughterhouse
5809,5916,2002.0,Geobreeders: Breakthrough
5810,5918,2003.0,Samay
5811,5919,1984.0,V: The Final Battle
5812,5920,1981.0,Eyewitness
5813,5921,2004.0,Genesis: Live at Wembley Stadium
5814,5922,1987.0,Stand and Deliver
5815,5923,1997.0,Gabbeh
5816,5924,2000.0,Snatch
5817,5925,1984.0,C.H.U.D.
5818,5926,1999.0,Fight Club
5819,5927,2001.0,Billy Joel: The Essential Video Collection
5820,5928,1978.0,Foul Play
5821,5929,2004.0,Willie Nelson: Live at Billy Bob's Texas
5822,5930,2002.0,Sweet Sixteen
5823,5931,1979.0,Last Hurrah for Chivalry
5824,5932,1966.0,Lost in Space: Season 2: Vol. 2
5825,5933,1975.0,Tommy
5826,5934,1992.0,Witchcraft IV: The Virgin Heart
5827,5935,1992.0,Romper Stomper: Bonus Material
5828,5936,2000.0,Mars: The Red Planet Collection
5829,5937,1993.0,The Visitors
5830,5938,1919.0,Male and Female
5831,5939,2001.0,The Mummy Returns
5832,5940,2001.0,Wisconsin Death Trip
5833,5941,2001.0,The Way We Live Now
5834,5942,1977.0,The Grateful Dead Movie
5835,5943,1972.0,The Life and Times of Judge Roy Bean
5836,5944,2000.0,Keiko Matsui: The Jazz Channel Presents: BET on Jazz
5837,5945,1999.0,Home Movies: Season 1
5838,5946,1977.0,Saturday Night Fever
5839,5947,1979.0,All That Jazz
5840,5948,1962.0,Long Day's Journey into Night
5841,5949,1966.0,The Shakiest Gun in the West / The Love God?: Double Feature
5842,5950,2004.0,Evel Knievel
5843,5951,2002.0,Twin Sisters
5844,5952,1960.0,Ocean's Eleven
5845,5953,2001.0,The Middle Passage
5846,5954,1996.0,Poirot: Dumb Witness
5847,5955,1956.0,The Man Who Knew Too Much
5848,5956,1963.0,Coffin Joe: At Midnight I'll Take Your Soul
5849,5957,1997.0,Fire Down Below
5850,5958,1992.0,Noises Off!
5851,5959,2003.0,Dreamkeeper
5852,5960,2003.0,Magical Shopping Arcade Abenobashi
5853,5961,1975.0,Trilogy of Terror
5854,5962,1990.0,Get a Life: TV Series
5855,5963,1925.0,The Gold Rush
5856,5964,1990.0,Ghayal
5857,5965,2004.0,They Are Among Us
5858,5967,2003.0,The Lizzie McGuire Movie
5859,5968,2004.0,Dora the Explorer: Dora's Halloween
5860,5969,1984.0,Huey Lewis and the News: Rockpalast Live
5861,5970,1991.0,Dead Again
5862,5971,1993.0,Boiling Point
5863,5972,2004.0,Walk on Water
5864,5973,2000.0,Teletubbies: The Magic Pumpkin and Other Stories
5865,5974,1957.0,The Bridge on the River Kwai: Bonus Material
5866,5975,1979.0,Ripping Yarns
5867,5977,1998.0,Why Do Fools Fall in Love
5868,5978,2001.0,Cancer Warrior: Nova
5869,5979,1999.0,Speed of Life
5870,5980,1929.0,Un Chien Andalou
5871,5981,1998.0,Navy Seals: America's Secret Warriors
5872,5982,1986.0,House
5873,5983,1995.0,Restoration
5874,5984,2003.0,Leprechaun: Back 2 tha Hood
5875,5985,1972.0,Children Shouldn't Play with Dead Things
5876,5986,1955.0,The Rose Tattoo
5877,5987,1978.0,Gates of Heaven
5878,5988,2001.0,The First Year
5879,5989,1943.0,Le Corbeau
5880,5990,2003.0,Sammy Hagar: The Long Road to Cabo
5881,5991,2005.0,Sin City
5882,5992,1954.0,La Strada: Special Edition
5883,5993,1986.0,Thrashin'
5884,5994,2005.0,LeapFrog: Learn to Read at the Storybook Factory
5885,5995,1997.0,The Long Way Home
5886,5996,1961.0,The Ladies Man
5887,5997,1988.0,Young Guns
5888,5998,1932.0,Vampyr
5889,5999,1995.0,The Bible Collection: Joseph
5890,6000,1952.0,The Star
5891,6001,1992.0,Tom and Jerry: The Movie
5892,6002,1996.0,Norma Jean & Marilyn
5893,6003,1990.0,Wild at Heart
5894,6004,1991.0,V.I. Warshawski
5895,6005,2001.0,Baby Boy
5896,6006,1987.0,The Sicilian
5897,6007,2003.0,Arrested Development: Season 1
5898,6008,1955.0,My Sister Eileen
5899,6009,1995.0,Carnosaur 3
5900,6010,1999.0,New World Disorder
5901,6011,1985.0,Cheers: Season 4
5902,6012,1994.0,Party of Five: Season 1
5903,6013,1997.0,An American Werewolf in Paris
5904,6014,2005.0,House of Wax
5905,6015,2003.0,DNAngel
5906,6016,1996.0,Mrs. Winterbourne
5907,6017,2004.0,Z Channel: A Magnificent Obsession
5908,6018,2001.0,The Business of Strangers
5909,6019,1994.0,Speed: Bonus Material
5910,6020,1985.0,A Zed & Two Noughts
5911,6021,1977.0,Oh God!
5912,6022,2001.0,Frost: Portrait of a Vampire
5913,6023,2000.0,Strangers with Candy: Season 3
5914,6024,2005.0,Brothers
5915,6025,2002.0,Benjamin Franklin
5916,6026,2004.0,In Search of the Trojan War
5917,6027,2002.0,The Wild Thornberrys Movie
5918,6028,1962.0,Chushingura
5919,6029,2001.0,Amelie
5920,6030,2001.0,I Am Sam
5921,6031,2001.0,Cool & Crazy
5922,6032,1985.0,A Chorus Line
5923,6033,2001.0,Classic Albums: Metallica: The Black Album
5924,6034,2004.0,Open Water
5925,6035,1999.0,Desert Heat
5926,6036,2003.0,Alison Krauss & Union Station: Live
5927,6037,2002.0,The Bourne Identity
5928,6038,2002.0,Sightings: Heartland Ghost
5929,6039,1990.0,All for the Winner
5930,6040,2004.0,The L Word: Season 1
5931,6041,1997.0,Black Circle Boys
5932,6042,2004.0,Starsky & Hutch
5933,6043,2000.0,Boys Briefs
5934,6044,1991.0,The Pianist
5935,6045,2001.0,Matthew Blackheart: Monster Smasher
5936,6046,1999.0,Family of Cops 3
5937,6047,1996.0,Dark Planet
5938,6048,2002.0,Pregnancy for Dummies
5939,6049,2002.0,Azumanga Daioh
5940,6050,1985.0,St. Elmo's Fire
5941,6051,2001.0,X
5942,6052,1968.0,The Killing of Sister George
5943,6053,2003.0,Samurai Deeper Kyo
5944,6054,1954.0,Conquest of Space
5945,6055,2001.0,Devil's Prey
5946,6056,1963.0,Matango: Attack of the Mushroom People
5947,6057,1999.0,The Very Thought of You
5948,6058,1995.0,Akele Hum Akele Tum
5949,6059,1996.0,Ghatak
5950,6060,2003.0,Cold Creek Manor
5951,6061,2000.0,Kundalini Yoga
5952,6062,1998.0,Significant Others: The Series
5953,6063,1962.0,The Lucy Show
5954,6064,2004.0,Back in the Day
5955,6065,2000.0,The Crazysitter
5956,6066,2004.0,The Story of the Weeping Camel
5957,6067,1992.0,Ranma 1/2: The Movie 2: Nihao My Concubine
5958,6068,1993.0,Addams Family Values
5959,6069,1970.0,Love Film
5960,6070,1989.0,Black Adder IV
5961,6071,2001.0,Fausto 5.0
5962,6072,1997.0,Eve's Bayou
5963,6073,1996.0,Bulletproof
5964,6074,1984.0,Heimat
5965,6075,2000.0,Running on the Sun
5966,6076,1985.0,Jem & The Holograms: Seasons 1 & 2
5967,6077,2000.0,John Lee Hooker: That's My Story
5968,6078,2000.0,Time Regained
5969,6079,1950.0,Kim
5970,6080,2002.0,The Rules of Attraction
5971,6081,1996.0,Battle Arena Toshinden
5972,6082,1989.0,Old Gringo
5973,6083,1990.0,Keeping Up Appearances
5974,6084,1980.0,Caligula
5975,6085,1931.0,M
5976,6086,1926.0,Battling Butler
5977,6087,2001.0,Jackie Chan Adventures: The Shadow of Shendu
5978,6088,1981.0,Silsila
5979,6089,1999.0,Bullets Over Summer
5980,6090,1978.0,Lupin the 3rd: The Movie: The Secret of Mamo
5981,6091,1995.0,The Horseman on the Roof
5982,6092,1989.0,In the Line of Duty 4
5983,6093,1995.0,House of Cards Trilogy III: The Final Cut
5984,6094,1999.0,Jin-Roh: The Wolf Brigade
5985,6095,2003.0,Game Over: Kasparov and the Machine
5986,6096,1981.0,Caveman
5987,6097,2002.0,Blushing Bloopers
5988,6098,1956.0,The Bad Seed
5989,6099,1979.0,Apocalypse Now
5990,6100,2005.0,Sesame Street: Happy Healthy Monsters
5991,6101,2004.0,The Brooke Ellison Story
5992,6102,1978.0,The Cat from Outer Space
5993,6103,2003.0,Hotel
5994,6104,2001.0,Jamie Foxx: Journeys in Black
5995,6105,2000.0,Paranoid
5996,6106,2000.0,The Jazz Channel: Chaka Khan
5997,6107,1982.0,Dragon Lord
5998,6108,2004.0,Neil Gaiman's A Short Film About John Bolton
5999,6109,2000.0,The Long Run
6000,6112,1958.0,Slippery When Wet
6001,6113,1998.0,Living Out Loud
6002,6114,2000.0,Antitrust
6003,6115,2000.0,Storyville: The Naked Dance
6004,6116,2003.0,Foreigner: Live at Deer Creek
6005,6117,1970.0,Patton
6006,6118,1976.0,Man of Marble
6007,6119,2003.0,Stuck on You
6008,6120,1994.0,Mary Shelley's Frankenstein
6009,6121,2002.0,Kirby: Kirby Comes to Cappytown
6010,6122,2003.0,Laurel Canyon
6011,6123,1978.0,Hooper
6012,6124,1994.0,The History Channel Presents: The American Revolution
6013,6125,2004.0,Ai Yori Aoshi: Enishi
6014,6126,2002.0,Winter Break
6015,6127,1996.0,Two If by Sea
6016,6128,1966.0,Mademoiselle
6017,6129,1999.0,Like a Fish Out of Water
6018,6130,1998.0,Curse of the Puppet Master
6019,6131,1977.0,Wizards
6020,6132,1968.0,Hell in the Pacific
6021,6133,1984.0,Red Dawn
6022,6134,2004.0,Collateral
6023,6135,2002.0,The Firm Body Sculpting: Cardio Sculpt
6024,6136,2003.0,The Kiss
6025,6137,2002.0,The Red Sneakers
6026,6138,1990.0,Poirot
6027,6139,2004.0,Sports Illustrated Swimsuit Edition: 2004
6028,6140,2001.0,Southlander: Diary of a Desperate Musician
6029,6141,1984.0,Flashpoint
6030,6142,2003.0,Law & Order: Special Victims Unit: The Fifth Year
6031,6143,1948.0,Louisiana Story
6032,6144,1991.0,Ranma 1/2: Big Trouble in Nekonron China
6033,6145,1999.0,The King of Masks
6034,6146,2002.0,Brother's Keeper
6035,6147,1992.0,Beyond the Law
6036,6148,2003.0,World Cup Soccer Highlights
6037,6149,2003.0,Dragon Ball Z: Frieza
6038,6150,1995.0,Wigstock: The Movie
6039,6151,1989.0,Teen Witch
6040,6152,1984.0,Heritage: Civilization and the Jews
6041,6153,2004.0,Bill Engvall: A Decade of Laughs
6042,6154,2004.0,Sesame Street: What's the Name of That Song
6043,6155,2000.0,Disappearing Acts
6044,6156,2003.0,Toto: 25th Anniversary: Live in Amsterdam
6045,6157,1997.0,Hoodlum
6046,6158,1995.0,Circle of Friends
6047,6159,1993.0,Freaked
6048,6160,1998.0,Generator Gawl
6049,6161,2004.0,Criminal
6050,6162,1963.0,Donovan's Reef
6051,6163,1990.0,Betsy's Wedding
6052,6164,1956.0,The Amazing Transparent Man / Indestructible Man
6053,6165,1969.0,Marooned
6054,6166,1976.0,All the President's Men
6055,6167,1958.0,I Married a Monster from Outer Space
6056,6168,1999.0,Crusade: The Complete Series
6057,6169,1977.0,Operation Thunderbolt
6058,6170,2000.0,Drawing Blood
6059,6171,2003.0,You'll Get Over It
6060,6172,2001.0,The Best of Insomniac: Uncensored: Vol. 2
6061,6173,1976.0,The Seven Percent Solution
6062,6174,1996.0,Crash
6063,6175,1981.0,A Fine Romance: Set 1
6064,6176,1983.0,Fraggle Rock: Season 1
6065,6177,1986.0,The Boy Who Could Fly
6066,6178,2001.0,Underwaterworld Trilogy: Deep Encouters / Ocean Allies / Blue Voices
6067,6179,2005.0,Cookers
6068,6180,1990.0,Green Card
6069,6181,1992.0,Just Another Girl on the I.R.T.
6070,6182,1933.0,90 Degrees South
6071,6183,1998.0,King Lear (Masterpiece Theatre)
6072,6184,2000.0,Spreading Ground
6073,6185,1998.0,Occult History of the 3rd Reich #3: Adolf Hitler
6074,6186,1999.0,Le Corsaire (American Ballet Theatre)
6075,6187,2004.0,Saturday Night Live: The Best of Tracy Morgan
6076,6188,2000.0,Snow Day
6077,6189,1943.0,Ghosts on the Loose
6078,6190,1987.0,Some Kind of Wonderful
6079,6191,1990.0,El Diablo
6080,6192,1993.0,The Meteor Man
6081,6193,1991.0,Freejack
6082,6194,1997.0,Defying Gravity
6083,6195,2004.0,The Woodsman
6084,6196,1984.0,The Terminator
6085,6197,1934.0,Pre-Code Hollywood: Of Human Bondage
6086,6198,1963.0,Eric Rohmer Collection: The Moral Tales
6087,6199,1958.0,The Last Hurrah
6088,6200,1965.0,Those Calloways
6089,6201,1998.0,Felicity: Season 1
6090,6202,2004.0,Masters of Poker: Vol. 2: Phil Hellmuth's Million Dollar Secrets to Bluffing and Tells
6091,6203,1998.0,You're Invited to Mary-Kate and Ashley's Favorite Parties
6092,6204,1982.0,The Last Unicorn
6093,6205,1983.0,Scarface: 20th Anniversary Edition
6094,6206,2002.0,My Big Fat Greek Wedding
6095,6207,1998.0,Batman & Mr. Freeze: Subzero
6096,6208,1999.0,Desecration
6097,6209,1999.0,Gulda: Mozart Concertos
6098,6210,1988.0,Veronico Cruz
6099,6211,1991.0,Paradise
6100,6212,1979.0,Dragon Fist
6101,6213,1950.0,You Bet Your Life
6102,6214,1980.0,Sea Wolves
6103,6215,2004.0,Dragons: Fire and Ice
6104,6216,1962.0,The Euroshock Collection: The Awful Dr. Orlof
6105,6217,1999.0,Q: The Movie
6106,6218,2001.0,The Job: The Complete Series
6107,6219,1995.0,The Basketball Diaries
6108,6220,1999.0,The Color of Paradise
6109,6221,1997.0,Donnie Brasco
6110,6222,1992.0,Once Upon a Time in China 2
6111,6223,1991.0,Point Break
6112,6224,1993.0,The Secret of Life on Earth: IMAX
6113,6225,1975.0,The Magic Flute
6114,6226,1965.0,Juliet of the Spirits
6115,6227,2005.0,Tilt: Season 1
6116,6228,2000.0,Best of the Chris Rock Show: Vol. 2
6117,6229,1953.0,The Robe
6118,6230,2003.0,Riverworld
6119,6231,2002.0,Frailty
6120,6232,2005.0,The Slaughterhouse Massacre
6121,6233,1962.0,Combat! Season 1: Campaign 1
6122,6234,2004.0,Catch That Kid
6123,6235,2002.0,A Walk to Remember
6124,6236,1986.0,The Singing Detective
6125,6237,1985.0,A Nightmare on Elm Street 2: Freddy's Revenge
6126,6238,2001.0,Lip Service
6127,6239,1993.0,Body Snatchers
6128,6240,1990.0,Awakenings
6129,6241,1965.0,"Operation ""Y"" and Other Shurik's Adventures"
6130,6242,1981.0,Laawaris
6131,6243,1994.0,It Could Happen to You
6132,6244,2001.0,America's Funniest Home Videos: Vol. 1
6133,6245,1989.0,An Innocent Man
6134,6246,1994.0,Class Act
6135,6247,1984.0,Broadway Danny Rose
6136,6248,2003.0,Augustus
6137,6249,1996.0,Sharpe 11: Sharpe's Mission
6138,6250,1997.0,Female Perversions
6139,6251,2002.0,Cowboy Bebop: The Movie
6140,6252,1998.0,Ghost Stories #2
6141,6253,1990.0,The Piglet Files
6142,6254,1965.0,The Flight of the Phoenix
6143,6255,2005.0,Bewitched
6144,6256,1999.0,Larryboy and the Rumor Weed
6145,6257,1988.0,Aftershock
6146,6258,1996.0,Wilderness
6147,6259,1988.0,Night of the Demons
6148,6260,2000.0,Bootmen
6149,6261,1979.0,Legend of the 7 Golden Vampires
6150,6262,1978.0,Invasion of the Body Snatchers
6151,6263,1993.0,Heart and Souls
6152,6264,1999.0,Body Shots
6153,6265,1976.0,Jackson County Jail
6154,6266,1996.0,Michael
6155,6267,1984.0,Purple Rain: Special Edition
6156,6268,1998.0,Lost in Space
6157,6269,1997.0,Secrets of the Warrior's Power: Kung Fu
6158,6270,1997.0,Warriors of Virtue
6159,6271,1990.0,The Handmaid's Tale
6160,6272,2003.0,Nothing
6161,6273,1979.0,Rock 'n' Roll High School
6162,6274,1990.0,The Hunt for Red October
6163,6275,1937.0,Heidi
6164,6276,2003.0,Unknown Pleasures
6165,6277,1998.0,The Mafia: An Expose - Vegas and Hoffa
6166,6278,1980.0,The Watcher in the Woods
6167,6279,2001.0,Crunch: The Perfect Yoga Workout
6168,6280,2003.0,"Sting: Inside the Songs of ""Sacred Love"""
6169,6282,1981.0,Madman
6170,6283,1960.0,The Twilight Zone: Vol. 18
6171,6284,1992.0,The Babe
6172,6285,1999.0,Goodbye Lover
6173,6286,1946.0,I See a Dark Stranger
6174,6287,1990.0,Pretty Woman
6175,6288,2002.0,Essence of Echoes
6176,6289,2005.0,The Perfect Neighbor
6177,6290,2001.0,Very Annie Mary
6178,6291,1976.0,King Kong
6179,6292,1935.0,Top Hat
6180,6293,1998.0,The Colony
6181,6294,1991.0,Wildflower
6182,6295,1965.0,The Family Jewels
6183,6296,2004.0,Drawn Together: Season 1
6184,6297,2004.0,What Boys Like
6185,6298,1974.0,Pippi in the South Seas
6186,6299,1985.0,The Man with One Red Shoe
6187,6300,1950.0,King Solomon's Mines
6188,6301,1975.0,The Fatal Flying Guillotine
6189,6302,1999.0,The Bachelor
6190,6303,2002.0,.hack//SIGN
6191,6304,1999.0,Fatal Error
6192,6305,1998.0,U.S. Seals
6193,6306,2001.0,Dagon
6194,6307,1936.0,Pepe le Moko
6195,6308,2001.0,Going Greek
6196,6309,1999.0,Midsomer Murders: Dead Man's Eleven
6197,6310,1969.0,The Unfaithful Wife
6198,6311,1972.0,Fritz the Cat
6199,6312,1997.0,Breaking the Surface
6200,6313,2002.0,Plan Colombia: Cashing in on the Drug War Failure
6201,6314,1998.0,Boys Life 2
6202,6315,1989.0,Friday the 13th: Part 8: Jason Takes Manhattan
6203,6316,2004.0,New England Metal Hardcore Festival 2003
6204,6317,1970.0,Patton: Bonus Material
6205,6318,1974.0,Mr. Majestyk
6206,6319,2002.0,Raising Tennis Aces: The Williams Story
6207,6320,2002.0,411VM Skateboarding: Issue 50
6208,6321,1972.0,Emma
6209,6322,2002.0,Blood Crime
6210,6323,2002.0,Yesterday
6211,6324,1983.0,The Thorn Birds
6212,6325,1974.0,Deathdream
6213,6326,1996.0,Millennium: Season 1
6214,6327,1987.0,Summer School
6215,6328,2002.0,The Crocodile Hunter: Collision Course
6216,6329,1990.0,Edward Scissorhands
6217,6330,1981.0,Southern Comfort
6218,6331,1979.0,Pirates of the XXth Century
6219,6332,1969.0,The Notorious Concubines
6220,6333,1987.0,Hiding Out
6221,6334,2000.0,Things You Can Tell Just By Looking at Her
6222,6335,1980.0,Terror Train
6223,6336,1992.0,The Crying Game: Collector's Edition
6224,6337,2001.0,Joe Dirt
6225,6338,2004.0,The Truth About Love
6226,6339,1995.0,Desperado / El Mariachi
6227,6340,1986.0,Echo Park
6228,6341,2001.0,R-Xmas
6229,6342,2004.0,The Haunted Sea
6230,6343,2001.0,Joe Somebody
6231,6344,2001.0,Barbie: The Nutcracker
6232,6345,2000.0,Eye of the Beholder
6233,6346,2003.0,Jericho Mansions
6234,6347,2000.0,Big Momma's House
6235,6348,1996.0,Mojave Moon
6236,6349,2003.0,Sinatra: The Classic Duets
6237,6350,1998.0,Rush Hour
6238,6351,1945.0,The Southerner
6239,6352,1984.0,Conan the Destroyer
6240,6353,2001.0,Just Ask My Children
6241,6354,2004.0,The Deviants
6242,6355,2002.0,Smallville: Season 2
6243,6356,1966.0,Lost Command
6244,6357,1990.0,Men at Work
6245,6358,2001.0,Alien Tracker
6246,6359,2002.0,My Little Eye
6247,6360,1996.0,Tere Mere Sapne
6248,6361,2001.0,Traveling to Olympia
6249,6362,2002.0,Spirit: Stallion of the Cimarron
6250,6363,2000.0,Hot Wax Zombies on Wheels
6251,6364,2003.0,16 Years of Alcohol
6252,6365,2005.0,Kingdom of Heaven: Bonus Material
6253,6366,2004.0,Saved!
6254,6367,1998.0,Left Luggage
6255,6368,2001.0,Late Marriage
6256,6369,1976.0,The Bingo Long Traveling All-Stars and Motor Kings
6257,6370,2000.0,Joseph: King of Dreams
6258,6371,1963.0,The Thrill of It All!
6259,6372,1989.0,Best of the Best
6260,6373,1956.0,Moby Dick
6261,6375,1977.0,What's Happening!!: Season 2
6262,6376,2001.0,Lajja
6263,6377,2001.0,Michael Jackson: Dangerous: The Short Films
6264,6378,1966.0,The Sand Pebbles
6265,6379,2001.0,Life with Judy Garland: Me and My Shadows
6266,6380,2004.0,Troy: Myth or Reality?
6267,6381,1999.0,Cash Crop
6268,6382,1999.0,Stranger Than Fiction
6269,6383,2004.0,Benji: Off the Leash
6270,6384,1999.0,Blind Date: Dates From Hell Uncensored
6271,6385,1991.0,Body Chemistry II: Voice of a Stranger
6272,6386,1992.0,Sister Act
6273,6387,2002.0,Luster
6274,6388,2004.0,Fear and Trembling
6275,6389,2004.0,Colonial House
6276,6390,1996.0,Saved by the Bell: The New Class: Season 4
6277,6391,2001.0,The Enemy
6278,6393,1997.0,Task Force
6279,6394,1994.0,Baby's Day Out
6280,6395,2001.0,Mutant X: Season 1
6281,6396,2003.0,Lilya 4-Ever
6282,6397,2002.0,Midsomer Murders: Market for Murder
6283,6398,1992.0,Beethoven
6284,6399,2002.0,I Am Trying to Break Your Heart: A Film About Wilco: Bonus Material
6285,6400,2002.0,Catch Me If You Can: Bonus Material
6286,6401,2001.0,Iron Chef USA
6287,6402,1982.0,Penitentiary 2
6288,6403,1999.0,King Solomon's Mines
6289,6404,1990.0,Pet Sematary 2
6290,6405,2002.0,H
6291,6406,2004.0,Fighting Spirit
6292,6407,2002.0,Bela Fleck and the Flecktones: Live at the Quick
6293,6409,2003.0,Bulgarian Lovers
6294,6410,2002.0,Dave Mason: Live at Sunrise
6295,6411,2001.0,Ripper: Letter from Hell
6296,6412,2002.0,Shakti
6297,6413,1995.0,The Living Sea: IMAX
6298,6414,2003.0,Main Madhuri Dixit Banna Chahti Hoon
6299,6415,1974.0,Night Porter
6300,6416,1995.0,Party Girl
6301,6417,2000.0,A Storm in Summer
6302,6418,2000.0,Tigerland
6303,6419,1994.0,A Change of Place
6304,6420,2002.0,Distant
6305,6421,1999.0,Yana's Friends
6306,6422,1998.0,The Worst Witch: A Mean Halloween
6307,6423,2002.0,The Godthumb
6308,6424,1994.0,As Time Goes By: Series 3
6309,6425,1934.0,Cartoons That Time Forgot: UB Iwerks Collection: Vol. 2
6310,6426,2005.0,Jerry Garcia Band: Live at Shoreline
6311,6427,1978.0,Spiritual Kung Fu
6312,6428,1962.0,To Kill a Mockingbird
6313,6429,2003.0,VeggieTales: The Wonderful World of Auto-tainment
6314,6430,2002.0,Jet Lag
6315,6431,2000.0,Blood Surf
6316,6432,1986.0,The Morning After
6317,6433,2003.0,Barney's Outdoor Fun!
6318,6434,1994.0,The Crow: Bonus Material
6319,6435,1974.0,Frankenstein and the Monster From Hell
6320,6436,1978.0,Grateful Dead: The Closing of Winterland
6321,6437,2005.0,Boogeyman
6322,6438,1951.0,The Man in the White Suit
6323,6439,2000.0,The King of Queens: Season 3
6324,6440,2003.0,Time of the Wolf
6325,6441,2002.0,Sarah McLachlan: VH1 Storytellers
6326,6442,2004.0,Blue Demon
6327,6443,1978.0,Bloodsucking Freaks
6328,6444,2002.0,Savage Messiah
6329,6445,1962.0,Lawrence of Arabia
6330,6446,2003.0,NFL Super Bowl XXXVII
6331,6447,2003.0,Framed
6332,6448,2001.0,Circuit
6333,6449,2000.0,Space Cowboys
6334,6450,2002.0,City of God
6335,6451,2002.0,Killing Me Softly
6336,6452,2001.0,Def Leppard: Visualize / Video Archive
6337,6453,2000.0,Dirty Pictures
6338,6454,2002.0,Devil's Playground
6339,6455,2005.0,Vampires: The Turning
6340,6456,2004.0,Seeing Other People
6341,6457,1955.0,House of Bamboo
6342,6458,1996.0,From Dusk Till Dawn: Full Tilt Boogie
6343,6459,2001.0,The Bank
6344,6460,2005.0,The Game: The Documentary: The DVD
6345,6461,2001.0,Best of TromaDance Film Festival: Vol. 1
6346,6462,2002.0,Little Secrets
6347,6463,2000.0,Sand
6348,6464,2002.0,Unfaithful
6349,6465,1995.0,The Jeff Foxworthy Show: Season 1
6350,6466,1935.0,She
6351,6467,1959.0,Bonanza: Season 2 Two-Pack
6352,6468,2000.0,The Sherlock Holmes Collection
6353,6469,2004.0,Paul Rodriguez's Latin All-Stars of Comedy: Vol. 1
6354,6470,1998.0,Homegrown
6355,6471,1998.0,Hero Never Dies
6356,6473,2002.0,Cherish
6357,6474,1985.0,Basic Training
6358,6475,2004.0,Spanglish
6359,6476,1956.0,I Vitelloni
6360,6477,2003.0,The Missing: Bonus Material
6361,6478,2005.0,I Got Five on It
6362,6479,1972.0,Heat
6363,6480,2001.0,Ten Tiny Love Stories
6364,6481,2000.0,Beat
6365,6482,1984.0,Gremlins
6366,6483,2001.0,Smokey Joe's Café
6367,6484,1994.0,Poirot: Hercule Poirot's Christmas
6368,6485,2001.0,Crossfire Trail
6369,6486,1994.0,The Madness of King George
6370,6487,2004.0,Spiral
6371,6488,2002.0,Alabama: Greatest Video Hits
6372,6489,2004.0,Miami Guns
6373,6490,2004.0,Dream Theater: Images and Words: Live in Tokyo / 5 Years in a LIVEtime
6374,6491,1994.0,Carnosaur 2
6375,6492,1999.0,Tenchi Forever: Tenchi Muyo in Love 2
6376,6493,1945.0,Val Lewton: Isle of the Dead / Bedlam
6377,6494,1966.0,Return of the Magnificent Seven
6378,6495,1969.0,Alice's Restaurant
6379,6496,1990.0,Far Out Man
6380,6497,2002.0,Murder By Numbers
6381,6498,1988.0,Caddyshack 2
6382,6499,2002.0,The Ultimate Carson Collection
6383,6500,1985.0,Jagged Edge
6384,6501,2001.0,Child Star: The Shirley Temple Story
6385,6502,2000.0,The Broken Hearts Club
6386,6503,1998.0,Twice Upon a Yesterday
6387,6504,1988.0,Wiseguy: Season 1: Part 2
6388,6505,1932.0,Dr. Jekyll & Mr. Hyde: 1932 & 1941
6389,6506,1998.0,Jew Boy Levi
6390,6507,1997.0,The Kid
6391,6508,2002.0,The Salton Sea
6392,6509,1997.0,Spike and Mike's Sick & Twisted Festival of Animation: Full Frontal
6393,6510,1998.0,A Bug's Life
6394,6511,1938.0,The Three Stooges: Stooged and Confoosed
6395,6512,1949.0,Adam's Rib
6396,6513,1989.0,A Tale of Springtime
6397,6514,2002.0,Red Green's Duct Tape Forever
6398,6516,1991.0,Body Parts
6399,6517,1996.0,Raja Hindustani
6400,6518,2005.0,Smile
6401,6519,1998.0,Kite
6402,6520,1995.0,Maborosi
6403,6521,2001.0,The Wizard of Oz: Rescue of the Emerald City
6404,6522,2001.0,Trailer Park Boys: Seasons 1 & 2
6405,6523,1986.0,Wildcats
6406,6524,1986.0,Lucas
6407,6526,1999.0,The Loss of Sexual Innocence
6408,6527,2002.0,Rana's Wedding
6409,6528,1998.0,Oz: Season 2
6410,6529,1977.0,Three's Company: Season 1
6411,6530,1996.0,Glory Daze
6412,6531,2002.0,Punch-Drunk Love: Bonus Material
6413,6532,1965.0,The Ipcress File
6414,6533,1990.0,Havana
6415,6534,1997.0,Alaska: Spirit of the Wild: IMAX
6416,6535,2001.0,James Dean
6417,6536,1972.0,Panda! Go Panda!
6418,6537,2002.0,Lucky
6419,6538,2005.0,Direct Action
6420,6539,2004.0,Is Wal-Mart Good for America?: Frontline
6421,6540,2000.0,Android Kikaider
6422,6541,1963.0,The Andy Griffith Show: Vol 2: The Big House / A Wife for Andy
6423,6542,1999.0,Onegin
6424,6543,1956.0,The Solid Gold Cadillac
6425,6544,1993.0,French & Saunders: At the Movies
6426,6545,2004.0,Infernal Affairs
6427,6546,2002.0,Official 2002 Stanley Cup Championship: Detroit Red Wings
6428,6547,1981.0,Piranha II: The Spawning
6429,6548,1993.0,P.D. James: Unnatural Causes
6430,6549,2004.0,Dead Leaves
6431,6550,1999.0,Outlaw Justice
6432,6551,2002.0,Afghan Stories
6433,6552,2000.0,Charlie's Angels
6434,6553,1952.0,Belles on Their Toes
6435,6554,2004.0,The Hee Haw Collection: Vol. 2
6436,6555,2002.0,Insomnia
6437,6556,1996.0,Romeo + Juliet
6438,6557,1996.0,Cezanne: Three Colours Cezanne
6439,6558,2002.0,Deathwatch
6440,6559,1959.0,Bucket of Blood
6441,6560,2004.0,Hell's Gate 11:11
6442,6561,1973.0,Treasure Island
6443,6562,2002.0,Karen Voight: Slim Physique
6444,6563,1989.0,Popeye
6445,6564,1998.0,Saturday Night Live: Halloween
6446,6565,2000.0,The Prophecy 3: The Ascent
6447,6566,1999.0,The Brave Little Toaster to the Rescue
6448,6567,1969.0,Bob & Carol & Ted & Alice
6449,6568,1999.0,Excellent Cadavers
6450,6569,2000.0,Baby Bach
6451,6570,2001.0,The Tunnel
6452,6571,2002.0,Returner
6453,6572,1991.0,Red Green's Hindsight is 20-20
6454,6573,1995.0,America by Rail
6455,6574,1992.0,Single White Female
6456,6575,1988.0,A Short Film About Love
6457,6576,2002.0,Big Brother 3
6458,6577,1998.0,Roaring Glory Warbirds: Vought F4U Corsair
6459,6578,1990.0,Delta Force 2: Operation Stranglehold
6460,6579,1959.0,Warlock
6461,6581,1989.0,Tridev
6462,6582,1996.0,The Rich Man's Wife
6463,6583,1993.0,Saviour of the Soul
6464,6584,2003.0,Zelary
6465,6585,1999.0,Virus
6466,6586,1983.0,Lone Wolf McQuade
6467,6587,1971.0,Big Jake
6468,6588,2004.0,Warriors of Heaven and Earth
6469,6589,1972.0,Gargoyles
6470,6590,1978.0,Good Neighbors: Complete Final Series
6471,6591,1973.0,A Touch of Class
6472,6592,2003.0,Father and Son
6473,6593,1989.0,Howling V / Howling VI: Double Feature
6474,6594,2003.0,Maximum Velocity
6475,6595,1985.0,Fraggle Rock: Doin' Things That Doozers Do
6476,6596,2004.0,Beyond the Sea
6477,6597,1994.0,Running Out of Time
6478,6598,2000.0,Best of Travels in Europe with Rick Steves: Spain & Portugal
6479,6599,1985.0,The Jewel of the Nile
6480,6600,2005.0,Time and Again
6481,6601,1999.0,Above All Else: The Everest Dream
6482,6602,1999.0,Shower
6483,6603,1982.0,The Missionary
6484,6604,1947.0,A Double Life
6485,6605,1993.0,Ed and His Dead Mother
6486,6606,1997.0,Another 9 1/2 Weeks
6487,6607,1978.0,Circle of Iron
6488,6608,1980.0,The Lathe of Heaven
6489,6609,2001.0,The Musketeer
6490,6610,1965.0,The Pawnbroker
6491,6611,2000.0,Ed Gein
6492,6612,1946.0,Gilda
6493,6613,2000.0,The Twilight Zone: Vol. 29
6494,6614,2004.0,Lost Reality
6495,6615,1994.0,Legends of the Fall
6496,6616,1995.0,Nixon
6497,6617,2002.0,The Home Front
6498,6618,1992.0,Romper Stomper
6499,6619,1996.0,Slayers Next DVD Collection
6500,6620,1984.0,American Dreamer
6501,6621,2004.0,Dead Doll
6502,6622,2000.0,Cartoon Noir
6503,6623,1985.0,Death of a Salesman
6504,6624,1993.0,Red Hot Chili Peppers: Funky Monks
6505,6625,2002.0,Lupin the 3rd: The Secret of Twilight Gemini
6506,6626,1991.0,Omen IV: The Awakening
6507,6627,1954.0,The Naked Jungle
6508,6628,2004.0,Arna's Children
6509,6629,1991.0,Legend of the Dragon Kings: Under Fire
6510,6630,1999.0,Jakob the Liar
6511,6631,2005.0,Be Cool
6512,6632,1996.0,Freeway
6513,6633,2003.0,Foyle's War: Series 1
6514,6634,1968.0,Coogan's Bluff
6515,6635,2000.0,Eddie Izzard: Circle
6516,6636,2004.0,Dog Training the John Fisher Way
6517,6637,1999.0,Snow Falling on Cedars
6518,6638,1951.0,Just for You / Here Comes the Groom
6519,6639,1984.0,Airwolf: Season 1
6520,6640,2003.0,The Singing Detective
6521,6641,1978.0,Force 10 from Navarone
6522,6642,1993.0,A Bronx Tale
6523,6643,2002.0,Hookers at the Point
6524,6644,1991.0,Red Green: Stuffed and Mounted 4
6525,6645,1937.0,In Old Chicago
6526,6646,1994.0,Shatter Dead
6527,6647,1982.0,The Sword and the Sorcerer
6528,6648,2001.0,Ichi the Killer
6529,6649,2002.0,Ozzy Osbourne: Live at Budokan
6530,6650,1991.0,Dragon Ball Z: Lord Slug
6531,6651,2003.0,Sky High
6532,6652,1999.0,Underground Railroad
6533,6653,1997.0,Gadjo Dilo
6534,6654,2001.0,Life's Greatest Miracle: Nova
6535,6655,1994.0,Star Trek: Deep Space Nine: Season 3
6536,6656,2004.0,10.5
6537,6657,1950.0,The Men
6538,6658,1998.0,Children of a Metal God Trilogy
6539,6659,2003.0,Issues 101
6540,6660,2004.0,Crunch: Fat Burning Dance Party
6541,6661,1996.0,That Thing You Do!
6542,6662,2000.0,Jacked Up
6543,6663,2003.0,Latin Kings: A Street Gang Story
6544,6664,1987.0,Babette's Feast
6545,6665,1992.0,Raising Cain
6546,6666,1996.0,The Frighteners
6547,6667,1999.0,Tea with Mussolini
6548,6668,2001.0,The Last Minute
6549,6669,1924.0,The Navigator
6550,6670,2001.0,The Glass House
6551,6671,1998.0,Sesame Street: Elmopalooza!
6552,6672,1999.0,Bad Girls: Season 1
6553,6673,2004.0,Godsend
6554,6674,2002.0,Parental Guidance
6555,6675,2001.0,Advertising Rules!
6556,6676,1945.0,Classic Mystery Movies: And Then There Were None / Cry Panic / The Bat
6557,6677,1998.0,Desperate Measures
6558,6678,2004.0,Spike & Mike's Cutting Edge Classics
6559,6679,1935.0,Curly Top
6560,6680,2004.0,Galaxy Angel
6561,6681,1983.0,Fraggle Rock: Where It All Began
6562,6682,1999.0,Alien Files
6563,6683,2000.0,Ginger Snaps
6564,6684,1998.0,The Best of Sessions at West 54th: Vol. 2
6565,6685,1972.0,Call of the Wild
6566,6686,1974.0,Scenes from a Marriage (Theatrical Version)
6567,6687,1999.0,Deep Blue Sea
6568,6688,2003.0,A Wedding for Bella
6569,6689,1951.0,The Enforcer
6570,6690,2001.0,The Royal Tenenbaums: Bonus Material
6571,6691,2001.0,Beyond Suspicion
6572,6692,1999.0,Entrapment
6573,6693,1993.0,Blue
6574,6694,1999.0,H.K. Triad
6575,6695,2002.0,Globe Trekker: Destination China
6576,6697,1998.0,Smoke Signals
6577,6698,2003.0,Cher: The Farewell Tour
6578,6699,1972.0,Fat City
6579,6700,1997.0,Fallen Angel
6580,6701,1995.0,Haunted
6581,6702,1987.0,Roxanne
6582,6703,1991.0,In the Cold of the Night
6583,6704,1974.0,Big Bad Mama
6584,6705,2000.0,History Lessons
6585,6706,1999.0,Simply Irresistible
6586,6707,1960.0,The Andy Griffith Show
6587,6708,1996.0,The Craft
6588,6709,2002.0,Iron Maiden: Rock in Rio
6589,6710,1953.0,The Big Heat
6590,6711,1970.0,Darling Lili
6591,6712,1971.0,Two-Lane Blacktop
6592,6713,1998.0,Luminous Motion
6593,6714,2003.0,WWE: 'Cause Stone Cold Said So
6594,6715,2000.0,Python
6595,6716,1985.0,Spies Like Us
6596,6717,1945.0,Charlie Chan: The Scarlet Clue
6597,6718,1997.0,Red Corner
6598,6719,2004.0,311 Day: Live in New Orleans
6599,6720,2001.0,Black Hawk Down
6600,6721,2004.0,Suspect Zero
6601,6722,1984.0,Breakin' 2: Electric Boogaloo
6602,6723,1995.0,Inspector Morse 29: The Way Through the Woods
6603,6724,1993.0,Mystery Science Theater 3000: Mitchell
6604,6725,1979.0,Connections 3
6605,6726,1971.0,Billy Jack
6606,6727,2001.0,Bare Witness
6607,6728,1994.0,Mesmer
6608,6729,1993.0,Sniper
6609,6730,1954.0,Prince Valiant
6610,6731,2000.0,The Eyes of Tammy Faye
6611,6732,2004.0,National Lampoon's Mr. Wong
6612,6733,2005.0,Jojo's Circus: Animal a Go-Go
6613,6734,2005.0,Page 3
6614,6735,2001.0,Hardball
6615,6736,2005.0,Robots
6616,6737,1992.0,Christmas in Connecticut
6617,6738,1948.0,I Remember Mama
6618,6739,1954.0,Rear Window
6619,6740,2002.0,Cover Story
6620,6741,1991.0,The Doctor
6621,6742,1957.0,3:10 to Yuma
6622,6743,1970.0,Scars of Dracula
6623,6744,2003.0,David Cross: Let America Laugh
6624,6745,1991.0,100 Days
6625,6746,1995.0,Kavanagh Q.C.: Set 1
6626,6747,1999.0,Metallica: With the San Francisco Symphony: S&M
6627,6748,1998.0,When Trumpets Fade
6628,6749,1973.0,Tout Va Bien
6629,6750,2003.0,Slayer: War at the Warfield
6630,6751,1981.0,Lady Chatterley's Lover
6631,6752,2003.0,What I Want My Words to Do to You
6632,6753,1986.0,Dorf on Golf / Dorf's Golf Bible
6633,6754,2000.0,When the Sky Falls
6634,6755,1959.0,Li'l Abner
6635,6756,1992.0,Absolutely Fabulous: Series 1
6636,6757,1994.0,White Wolves 2: Legend of The Wild
6637,6758,2003.0,Yeah Right!
6638,6759,1994.0,National Lampoon's Last Resort
6639,6760,2002.0,Divine Secrets of the Ya-Ya Sisterhood
6640,6761,2003.0,Stealing Sinatra
6641,6762,1993.0,Hello Kitty's Paradise
6642,6763,2003.0,Heat Guy J
6643,6764,1955.0,The Dam Busters
6644,6765,1999.0,'N Sync: Unauthorized Biography
6645,6766,1990.0,Slumber Party Massacre III
6646,6767,1988.0,Dead Heat
6647,6768,2004.0,Billy Blanks: Tae Bo: Flex
6648,6769,1987.0,Jackson Pollock
6649,6770,1997.0,Witchcraft IX: Bitter Flesh
6650,6771,1998.0,Urban Legend
6651,6773,2000.0,Tony Hawk's Trick Tips: Vol. 1: Skateboarding Basics
6652,6774,2000.0,Island of the Dead
6653,6775,1970.0,Tora! Tora! Tora!
6654,6776,2003.0,Kingpin
6655,6778,1998.0,Tarzan and the Lost City
6656,6779,1999.0,Man of the Century
6657,6780,1997.0,Brooklyn South: The Complete Series
6658,6781,1949.0,Candid Camera: 5 Decades of Smiles
6659,6782,2003.0,Easy
6660,6783,1998.0,Strange Love
6661,6784,1957.0,Loving You
6662,6785,2005.0,Strawberry Shortcake: Play Day Surprise
6663,6786,2000.0,Will & Grace: Season 3
6664,6787,1943.0,Batman: The 1943 Serial Collection
6665,6788,1996.0,Rebound
6666,6789,1967.0,Frankenstein Created Woman
6667,6790,1933.0,Queen Christina
6668,6791,1997.0,Incognito
6669,6792,2004.0,Sonny & Cher: Ultimate Collection
6670,6793,1999.0,Dilbert: The Complete Series
6671,6794,1976.0,Tunnel Vision
6672,6795,2001.0,Pilates Workout for Dummies
6673,6796,2000.0,Jesus' Son
6674,6797,1985.0,The Breakfast Club
6675,6798,2005.0,The Mummy an' the Armadillo
6676,6799,1990.0,Inspector Morse 13: The Sins of the Father
6677,6800,1996.0,Timothy Leary's Last Trip
6678,6801,2003.0,Book of Love
6679,6802,1993.0,Suture
6680,6803,1985.0,King David
6681,6804,1977.0,Smokey and the Bandit / Smokey and the Bandit II: Double Feature
6682,6805,1995.0,Hidden Assassin
6683,6806,1953.0,The Glenn Miller Story
6684,6807,1963.0,8 1/2
6685,6808,2000.0,Versus: Director's Cut
6686,6809,2005.0,Shabd
6687,6810,2004.0,House of D
6688,6811,2001.0,Love on a Diet
6689,6812,1942.0,This Gun for Hire
6690,6813,2002.0,My Beautiful Girl Mari
6691,6814,2003.0,Last Exile
6692,6815,1971.0,A Man Called Sledge
6693,6816,1990.0,Cry-Baby
6694,6817,1989.0,Tour of Duty: Season 2
6695,6818,1999.0,From Dusk Till Dawn 3: The Hangman's Daughter
6696,6819,2004.0,NASCAR: Adrenaline: Vol. 1
6697,6820,1988.0,Kimagure Orange Road Movie: I Want to Return to That Day
6698,6821,1967.0,Psych Out / The Trip: Double Feature
6699,6822,1983.0,Losin' It
6700,6823,1962.0,Fireball XL5
6701,6824,1985.0,To Live and Die in L.A.
6702,6825,1999.0,It All Starts Today
6703,6826,1962.0,The Twilight Zone: Vol. 22
6704,6827,1949.0,Wake of the Red Witch
6705,6828,2004.0,Izo: Special Edition
6706,6829,2002.0,High Crimes
6707,6830,1996.0,The 1964 World's Fair
6708,6831,1961.0,The Best of Mister Ed: Vol. 1
6709,6832,1995.0,Black Sun: The Nanking Massacre
6710,6833,1995.0,Billy Madison
6711,6834,1983.0,Richard Pryor: Here and Now
6712,6835,1970.0,The Rolling Stones: Gimme Shelter
6713,6836,1992.0,The Mad About You Collection
6714,6837,1981.0,Blow Out
6715,6838,1997.0,Jungle Boy
6716,6839,1996.0,Marquis De Sade: Intimate Tales of the Dark Prince
6717,6840,2002.0,Pinocchio
6718,6841,2004.0,MARS Dead or Alive: Nova
6719,6842,2000.0,Whatever It Takes
6720,6843,2004.0,True Love
6721,6844,2001.0,The Fast and the Furious
6722,6845,2001.0,Shaolin: Wheel of Life
6723,6846,1991.0,Naked Lunch
6724,6847,1973.0,Flesh for Frankenstein
6725,6848,2002.0,Mr. Bean: The Animated Series
6726,6849,1981.0,Gallipoli
6727,6850,2005.0,Lords of Dogtown
6728,6851,1993.0,Erotique
6729,6852,1955.0,Killer's Kiss
6730,6853,1991.0,Sesame Street: Elmo's Sing-Along Guessing Game
6731,6854,1973.0,The Train Robbers
6732,6855,1998.0,Fiona
6733,6856,1960.0,The Bellboy
6734,6857,1977.0,Kingdom of the Spiders
6735,6858,2002.0,Charms for the Easy Life
6736,6859,2003.0,Cheaper by the Dozen
6737,6860,2003.0,Calendar Girls
6738,6861,1936.0,Sabotage
6739,6862,1964.0,Dr. Strangelove: Bonus Material
6740,6863,2002.0,AKA
6741,6864,1996.0,Curdled
6742,6865,2004.0,Rave Master
6743,6866,2002.0,Ben-Hur (Animated)
6744,6867,1930.0,Landmarks of Early Film #2: Magic Melies
6745,6868,2004.0,Sleepover
6746,6869,2002.0,The Art of Action: Martial Arts in the Movies
6747,6870,1990.0,Camp Cucamonga
6748,6871,2004.0,Disney Princess Sing-Along Songs: Once Upon a Dream
6749,6872,2000.0,Greenfingers
6750,6873,2003.0,Yu-Gi-Oh!: Season 3
6751,6874,2003.0,The Cooler
6752,6875,1997.0,Andrea Bocelli: A Night in Tuscany
6753,6876,1944.0,The Fighting Rats of Tobruk
6754,6877,2003.0,Rudy: The Rudy Giuliani Story
6755,6878,2002.0,PRIDE Fighting Championships: Raging Rumble
6756,6879,2004.0,The Hazing
6757,6880,1999.0,Restaurant
6758,6881,2000.0,MTV Cribs: Rock
6759,6882,1994.0,ER: Season 1
6760,6883,1987.0,Cheers: Season 6
6761,6884,1998.0,Titanic Collection
6762,6885,1987.0,Seasons: IMAX
6763,6886,2004.0,The Dreamers
6764,6887,1984.0,The Cosby Show: Season 1
6765,6888,2001.0,The Hollywood Sign
6766,6889,1992.0,When the Party's Over
6767,6890,1996.0,Lawnmower Man 2: Jobe's War
6768,6891,2005.0,The Man Show Boy / Household Hints from Adult Film Stars
6769,6892,1982.0,Doctor Who: The Visitation
6770,6893,1979.0,Ice Castles
6771,6894,1981.0,Peter & Paul
6772,6895,2003.0,Intentions
6773,6896,1974.0,Going Places
6774,6897,1996.0,Agni Sakshi
6775,6898,1968.0,Dark Shadows: Vol. 10
6776,6899,2001.0,Haiku Tunnel
6777,6900,2004.0,The Iron Ladies 2
6778,6901,1985.0,Heaven Help Us
6779,6902,1983.0,The Big Chill
6780,6903,2005.0,American Mormon
6781,6904,2002.0,Standing in the Shadows of Motown
6782,6905,1997.0,Eye of God
6783,6906,2004.0,The History Channel Presents: The War of 1812
6784,6907,2000.0,Patti Labelle: Live! One Night Only
6785,6908,1989.0,Star Trek V: The Final Frontier
6786,6909,2004.0,Spin
6787,6910,2000.0,Down to You
6788,6911,1986.0,Little Shop of Horrors
6789,6912,1974.0,The Taking of Pelham One Two Three
6790,6913,1994.0,The Defender
6791,6914,1968.0,The Swimmer
6792,6915,2002.0,Path to War
6793,6916,1999.0,Popular: Season 1
6794,6917,2000.0,Under the Sand
6795,6918,1993.0,The Dark Half
6796,6919,2004.0,Incident at Loch Ness
6797,6920,1960.0,Please Don't Eat the Daisies
6798,6921,2002.0,Black Sabbath: The Black Sabbath Story
6799,6922,2000.0,Hellraiser IV: Bloodline
6800,6923,1994.0,Color of Night
6801,6925,2005.0,Dalai Lama: The Soul of Tibet
6802,6926,1999.0,Neo Ranga
6803,6927,1969.0,The Italian Job
6804,6928,1991.0,Hidden Hawaii: IMAX
6805,6929,1998.0,The Student Prince
6806,6930,2001.0,The Safety of Objects
6807,6931,2003.0,Terminator 3: Rise of the Machines
6808,6932,1960.0,Jazz on a Summer's Day
6809,6933,2002.0,Severed
6810,6934,1995.0,Closer and Closer
6811,6935,1973.0,Cahill: U.S. Marshall
6812,6936,1999.0,Just the Ticket
6813,6937,1996.0,Spin City: Michael J. Fox: His All-Time Favorites: Vol. 1
6814,6938,1995.0,Battle Skipper
6815,6939,1984.0,Living Planet
6816,6940,1995.0,A Soul Haunted by Painting
6817,6941,1971.0,The Point
6818,6942,1989.0,UHF
6819,6943,2001.0,Within These Walls
6820,6944,2004.0,The Who: Live in Boston
6821,6945,2001.0,Seventeen Again
6822,6946,2005.0,Eating Out
6823,6947,1969.0,Dark Shadows: Vol. 13
6824,6948,1993.0,Return of the Living Dead 3
6825,6949,1999.0,Nobody Knows Anybody
6826,6950,2000.0,The Town is Quiet
6827,6951,1996.0,Discworld: Wyrd Sisters
6828,6952,2005.0,Gilgamesh
6829,6953,1999.0,Twin Falls Idaho
6830,6954,1992.0,Khuda Gawah
6831,6955,1997.0,Agatha Christie's The Pale Horse
6832,6956,2000.0,The Dress Code
6833,6957,1978.0,Battlestar Galactica
6834,6958,1996.0,Neverwhere
6835,6959,1990.0,Internal Affairs
6836,6960,1977.0,The Goodbye Girl
6837,6961,1997.0,George of the Jungle
6838,6962,1995.0,3 Ninjas: Knuckle Up
6839,6963,2000.0,Jiang Hu: The Triad Zone
6840,6964,2002.0,Ignition
6841,6965,1996.0,Robinson Crusoe
6842,6966,2002.0,Assassination Tango
6843,6967,2004.0,Pixies
6844,6968,1982.0,Doctor Who: Earthshock (Ep. 122)
6845,6969,1995.0,Father Ted: Series 1-2
6846,6970,2002.0,Hansel & Gretel
6847,6971,1986.0,Ferris Bueller's Day Off
6848,6972,1998.0,Armageddon
6849,6973,1996.0,Mulholland Falls
6850,6974,1995.0,The Usual Suspects
6851,6975,1965.0,Monster-a-Go-Go! / Psyched by the 4-D Witch (Double Feature)
6852,6976,1965.0,Shenandoah
6853,6977,2001.0,Daddy and Them
6854,6978,1996.0,The Cable Guy
6855,6979,1957.0,Fear Strikes Out
6856,6980,2004.0,Hulchul
6857,6981,2003.0,DC 9/11: Time of Crisis
6858,6982,1998.0,Strangeland
6859,6983,2004.0,Connie and Carla
6860,6984,1995.0,Killing Grounds
6861,6985,1979.0,Real Life
6862,6986,1996.0,Milk and Money
6863,6987,1973.0,Horror Hospital
6864,6988,1995.0,Mighty Aphrodite
6865,6989,1994.0,Natural Born Killers
6866,6990,2004.0,American Beer
6867,6991,2001.0,A History of God
6868,6992,2003.0,Hungama
6869,6993,2000.0,Varian's War
6870,6994,2000.0,The Whole Nine Yards
6871,6995,2000.0,Blackboards
6872,6996,1991.0,Madame Bovary
6873,6997,1996.0,The Adventures of Pinocchio
6874,6998,1997.0,Laserhawk
6875,6999,1997.0,Bongwater
6876,7000,1975.0,Good Neighbors: Complete Series 1-3
6877,7001,1938.0,Love Finds Andy Hardy
6878,7002,1999.0,Supreme Sanction
6879,7003,2005.0,National Geographic: Arlington: Field of Honor
6880,7004,1997.0,Free Willy 3: The Rescue
6881,7005,1998.0,Basil
6882,7006,1947.0,Body and Soul
6883,7007,1994.0,Eagles: Hell Freezes Over
6884,7008,2000.0,Born Romantic
6885,7009,2002.0,Undercover Brother
6886,7010,1984.0,The Hotel New Hampshire
6887,7011,2002.0,A Loving Father
6888,7012,1976.0,Beach Girls/Pom Pom Girls
6889,7013,1999.0,In the Dead of Space
6890,7014,1994.0,To Live
6891,7015,2001.0,Megadeth: VH1 Behind the Music: Extended Version
6892,7016,1980.0,Raging Bull: Collector's Edition: Bonus Material
6893,7017,2003.0,Civil Brand
6894,7018,2000.0,Baby Van Gogh
6895,7019,1999.0,Anywhere But Here
6896,7020,1997.0,Love Stories
6897,7021,1995.0,Stuart Saves His Family
6898,7022,1996.0,American Buffalo
6899,7023,1957.0,El Bolero de Raquel
6900,7024,2002.0,Welcome to Collinwood
6901,7025,2003.0,Born Rich
6902,7026,1987.0,The Dame Edna Experience: The Christmas Specials
6903,7027,1999.0,Heat of the Sun
6904,7028,2004.0,Wire in the Blood: Season 2
6905,7029,1997.0,Red Shoe Diaries: Temple of Flesh
6906,7030,2003.0,The Collected Shorts of Jan Svankmajer: Vol. 2
6907,7031,1968.0,Support Your Local Sheriff!
6908,7032,2002.0,Austin Powers in Goldmember
6909,7033,2004.0,A Date with Shahrukh
6910,7034,2003.0,Dawson's Creek: Series Finale
6911,7035,2004.0,Sumo East and West
6912,7036,1955.0,The Man with the Golden Arm: 50th Anniversary Special Edition
6913,7037,2002.0,The Land Before Time IX: Journey to Big Water
6914,7038,1970.0,Airport / Airport 1975: Double Feature
6915,7039,2002.0,James Cameron's Expedition: Bismarck
6916,7040,1998.0,Dr. Dolittle
6917,7041,2003.0,The Murder of Emmett Till: American Experience
6918,7042,1985.0,North & South: The Complete Collection
6919,7043,2002.0,The Forsyte Saga: Series 1
6920,7044,1999.0,Phantom Quest Corp: Perfect Collection
6921,7045,1995.0,Highlander: Finale
6922,7046,1992.0,The Lost World
6923,7047,1965.0,Red Beard
6924,7048,2003.0,Agent Cody Banks
6925,7049,1965.0,The Munsters: Season 2
6926,7050,2002.0,Backflash
6927,7051,2003.0,MacArthur Park
6928,7052,2004.0,Masters of Poker: Vol. 1: Phil Hellmuth's Million Dollar Poker System
6929,7053,1988.0,Vice Versa
6930,7054,2000.0,Cold Heart
6931,7055,1995.0,Get Shorty
6932,7056,1985.0,Rainbow Brite and the Star Stealer
6933,7057,2002.0,Lord of the Rings: The Two Towers: Extended Edition
6934,7058,1979.0,Zombie
6935,7059,2003.0,The Job
6936,7060,1999.0,Eddie Izzard: Dress to Kill
6937,7061,1998.0,Kizuna
6938,7062,2003.0,Cyborg 009
6939,7063,1985.0,Girls on Top: Set 1
6940,7064,1980.0,Popeye
6941,7065,1988.0,Evil Dead Trap
6942,7066,2001.0,The Peter Rabbit Collection: The Tale of the Flopsy Bunnies and Mrs. Tittlemouse / The Tale of Pigling Bland
6943,7067,2003.0,Charlie's Angels: Full Throttle
6944,7068,1969.0,Eric Idle's Personal Best
6945,7069,1998.0,The Newton Boys
6946,7070,1968.0,Once Upon a Time in the West
6947,7071,1992.0,Orlando
6948,7072,2000.0,The Tao of Steve
6949,7073,2002.0,Muslims
6950,7074,1993.0,Manufacturing Consent: Noam Chomsky and the Media
6951,7075,1959.0,The Cosmic Man
6952,7076,2002.0,Ted Bundy
6953,7077,1994.0,To Die For
6954,7078,2001.0,Yellowstone: The World's First National Park
6955,7079,2003.0,A Painted House
6956,7080,1988.0,Maniac Cop
6957,7081,1991.0,Cabeza De Vaca
6958,7082,1955.0,The Long Gray Line
6959,7083,1996.0,Island of Dr. Moreau: Director's Cut
6960,7084,2001.0,Ghost Rig
6961,7085,2002.0,Lupin the 3rd: Dragon of Doom
6962,7086,1987.0,Brain Damage (Limited Edition)
6963,7087,2002.0,Global Warning: Australia
6964,7088,2002.0,Prince: Live at the Aladdin Las Vegas
6965,7089,1997.0,Blood Sisters of Lesbian Sin
6966,7090,2000.0,Risk
6967,7091,2000.0,The House of Mirth
6968,7092,1994.0,A Shadow You Soon Will Be
6969,7093,1995.0,Jeff Buckley: Live in Chicago
6970,7094,2005.0,Tales from the Crypt: From Comic Books to Television
6971,7095,1995.0,Violet's Visit
6972,7097,2005.0,Raging Sharks
6973,7098,1984.0,Next of Kin
6974,7099,2003.0,Kelly Clarkson: Miss Independent
6975,7100,2005.0,Auschwitz: Inside the Nazi State
6976,7101,1985.0,Heart of Dragon
6977,7102,2003.0,Ninja Scroll: The Series
6978,7103,1997.0,DNA
6979,7104,2002.0,Home Movies: Season 2
6980,7105,1957.0,Truffaut Shorts: Antoine & Collette/Les Mistons
6981,7106,2002.0,Dead Above Ground
6982,7107,2000.0,Catnapped! The Movie
6983,7108,2005.0,Candide
6984,7109,1997.0,Cilantro y Perejil
6985,7110,2004.0,The Shield: Season 3
6986,7111,2002.0,Kiddy Grade
6987,7112,1982.0,Victor / Victoria
6988,7113,2004.0,Happy Lesson
6989,7114,2002.0,Discovering the Real World of Harry Potter
6990,7115,2003.0,Chevelle: Live from the Norva
6991,7117,1938.0,The Lady Vanishes
6992,7118,1962.0,The Beverly Hillbillies Vol. 1: 10 Classic Episodes
6993,7119,2003.0,Andromeda: Season 4
6994,7120,1995.0,Trimurti
6995,7121,1991.0,Oscar
6996,7122,2004.0,The Graffiti Artist
6997,7123,1976.0,Harry and Walter Go to New York
6998,7124,2003.0,American Chopper: Season 1
6999,7125,1988.0,Bloodsport
7000,7126,2004.0,Celsius 41.11
7001,7127,1970.0,Five Easy Pieces
7002,7128,2003.0,Toronto Rocks
7003,7129,2004.0,Major League Soccer: Greatest Goals 1996-2003
7004,7130,2002.0,Empire
7005,7131,1982.0,Night Shift
7006,7132,2003.0,Goodbye Dragon Inn
7007,7133,2002.0,Baby Shakespeare: World of Poetry
7008,7134,1995.0,Far From Home: The Adventures of Yellow Dog
7009,7135,1998.0,Max Fleischer's Superman
7010,7136,2005.0,Dallas 362
7011,7137,2000.0,GateKeepers
7012,7138,1985.0,The Protector
7013,7139,1982.0,The Young Ones: Every Stoopid Episode
7014,7140,2003.0,Godzilla: Tokyo S.O.S.
7015,7141,1959.0,Pork Chop Hill
7016,7142,1996.0,Barb Wire
7017,7143,2002.0,The Goo Goo Dolls: Live in Alaska: Music in High Places
7018,7144,1986.0,Half Moon Street
7019,7145,1984.0,Star Trek III: The Search for Spock
7020,7146,1991.0,Light Sleeper
7021,7147,1987.0,MacGyver: Season 3
7022,7148,1978.0,Doctor Who: The Ribos Operation
7023,7149,2002.0,Personal Velocity
7024,7150,1995.0,The Langoliers
7025,7151,1975.0,Ballet Shoes
7026,7152,1989.0,Breaking In
7027,7153,1972.0,Hanzo the Razor: Sword of Justice
7028,7154,1995.0,Saved by the Bell: The New Class: Season 3
7029,7155,1993.0,The Pelican Brief
7030,7156,2003.0,Ark
7031,7157,2001.0,Jack Kerouac: King of the Beats
7032,7158,1997.0,The Best of Friends: Season 4
7033,7159,1942.0,Sherlock Holmes and the Secret Weapon
7034,7160,1995.0,The City of Lost Children
7035,7161,2001.0,1940s House
7036,7162,2004.0,The Life Aquatic with Steve Zissou: Bonus Material
7037,7163,1998.0,A Simple Plan
7038,7164,1999.0,Uninvited Guest
7039,7165,1998.0,Blues Brothers 2000
7040,7166,2000.0,Dave Chappelle: Killin' Them Softly
7041,7167,1998.0,Magic Voyage
7042,7168,1929.0,The Cocoanuts
7043,7169,1998.0,Palmetto
7044,7170,1970.0,Zatoichi: The Festival of Fire
7045,7171,1998.0,Milo
7046,7172,1987.0,Prince of Darkness
7047,7173,1989.0,Do the Right Thing
7048,7174,2004.0,Poker Secrets from Poker Champs
7049,7175,1998.0,Savage Garden: The Video Collection
7050,7176,2003.0,The I Inside
7051,7177,1996.0,Palookaville
7052,7178,2001.0,Extreme Honor
7053,7179,1973.0,Robin Hood (Disney)
7054,7180,1995.0,The Englishman Who Went Up a Hill but Came Down a Mountain
7055,7181,1999.0,Sexual Matrix
7056,7182,1989.0,Dead Bang
7057,7183,1957.0,The Black Scorpion
7058,7184,2005.0,Racing Stripes
7059,7185,1994.0,Plastic Little: The Adventures of Captain Tita
7060,7186,1995.0,Jeffrey
7061,7187,2000.0,Mr. Ice Cream Man
7062,7188,2001.0,Gundam Mobile Suit: Movie I: Special Edition
7063,7189,1968.0,The Avengers '68
7064,7190,1963.0,The Servant
7065,7191,1971.0,Requiem for a Vampire
7066,7192,1974.0,Bacchanales Sexuelles
7067,7193,1987.0,The Princess Bride
7068,7194,1973.0,Black Caesar
7069,7195,2004.0,Crusty Demons: Global Assault Tour
7070,7196,1979.0,Autumn Marathon
7071,7197,1996.0,7th Heaven: Season 1
7072,7198,2002.0,Tony Hawk's Trick Tips: Vol. 3: Secrets of Skateboarding
7073,7199,2003.0,NFL: Dallas Cowboys Team History
7074,7200,2005.0,Platinum Comedy Series: Paul Rodriguez: Live in San Quentin
7075,7201,2004.0,Hitman's Code
7076,7202,1964.0,Bewitched: Season 1
7077,7203,1991.0,Deep Blues
7078,7204,2001.0,Backstreet Boys: Black and Blue: Around the World
7079,7205,1995.0,Stonewall
7080,7206,1973.0,Scenes from a Marriage (TV Version)
7081,7207,1997.0,America's Atomic Bomb Tests
7082,7208,1991.0,The Doors
7083,7209,1995.0,It Takes Two
7084,7210,1987.0,Metallica: Cliff 'Em All
7085,7211,1985.0,Area 88 Act #1: The Blue Skies of Betrayal
7086,7212,1995.0,Slayers: The Motion Picture
7087,7214,1978.0,Petey Wheatstraw
7088,7215,1976.0,Two Minute Warning
7089,7216,1988.0,Care Bears: Festival of Fun
7090,7217,1994.0,The Puppet Masters
7091,7218,2004.0,Anatomy of Hell
7092,7219,1987.0,The Untouchables
7093,7220,1946.0,Anna and the King of Siam
7094,7221,1999.0,A Midsummer Night's Dream
7095,7222,2001.0,Jesus: The Complete Story
7096,7223,2001.0,Life Without Dick
7097,7224,2000.0,The Claim
7098,7225,1993.0,Hear No Evil
7099,7226,2000.0,Jerome
7100,7227,2004.0,Hellboy: Bonus Material
7101,7228,1996.0,Gamera 2: Attack of Legion
7102,7229,1968.0,Pippi Longstocking: TV Series
7103,7230,2001.0,The Lord of the Rings: The Fellowship of the Ring: Extended Edition
7104,7231,2005.0,Audioslave: Live in Cuba
7105,7232,1999.0,Invisibles
7106,7233,1986.0,Stand by Me
7107,7234,2000.0,Men of Honor
7108,7235,2003.0,Carnivale: Season 1
7109,7236,2002.0,Saint Sinner
7110,7237,1969.0,Monty Python's Flying Circus
7111,7238,2003.0,Prozac Nation
7112,7239,1968.0,The Lion in Winter
7113,7240,1987.0,Beverly Hills Cop II
7114,7241,,Ancient Civilizations: Athens and Greece
7115,7242,1997.0,Love Jones
7116,7243,2003.0,My Sister's Keeper
7117,7244,2004.0,History of Rock 'N' Roll
7118,7245,1999.0,Switching Goals
7119,7246,2001.0,Hitler's Fixer
7120,7247,1986.0,My Chauffeur
7121,7248,2002.0,The Sleepy Time Gal
7122,7249,2004.0,Alfie
7123,7250,2000.0,Banner of the Stars
7124,7251,1997.0,The Best of Sessions at West 54th: Vol. 1
7125,7252,1998.0,As Time Goes By: Series 7
7126,7253,2003.0,Piglet's Big Movie
7127,7254,1995.0,Black Sheep Boy
7128,7255,2005.0,Jojo's Circus: Take a Bow
7129,7256,2001.0,Journey to Kafiristan
7130,7257,1985.0,Remo Williams: The Adventure Begins
7131,7258,1979.0,Tim
7132,7259,2005.0,The Prophecy: Uprising
7133,7260,1958.0,Have Gun Will Travel: Season 2
7134,7261,1957.0,The Abominable Snowman
7135,7262,1956.0,War and Peace
7136,7263,2003.0,Ed Sullivan: The Best of Broadway Musicals
7137,7264,2004.0,She Hate Me
7138,7265,1992.0,Swoon
7139,7266,1999.0,The Hunt for the Unicorn Killer
7140,7267,1993.0,Tombstone: Bonus Material
7141,7268,1985.0,Follies in Concert
7142,7269,1999.0,No Vacancy
7143,7270,1973.0,Mean Streets
7144,7271,1999.0,Ballet Favorites
7145,7272,1967.0,The Curious Dr. Humpp
7146,7273,2004.0,Mayor of the Sunset Strip
7147,7274,1948.0,Joan of Arc
7148,7275,1999.0,Waking the Dead
7149,7276,1992.0,Gunsmoke: To the Last Man
7150,7277,2003.0,India.Arie: Live in Brazil: Music in High Places
7151,7278,2000.0,The Powerpuff Girls: Powerpuff Bluff
7152,7279,2003.0,Divergence Eve
7153,7280,2004.0,Motives
7154,7281,2001.0,Monster's Ball
7155,7282,2000.0,The Irish Tenors
7156,7283,2003.0,Due South: Call of the Wild
7157,7284,2005.0,Morning Raga
7158,7285,1994.0,Mohra
7159,7286,1975.0,Fox and His Friends
7160,7287,2004.0,Wu-Tang Clan: Disciples of the 36 Chambers
7161,7288,1998.0,Halloweentown / Halloweentown 2: Double Feature
7162,7289,1967.0,Thoroughly Modern Millie
7163,7290,2000.0,The Specials
7164,7291,2002.0,Sugar Sweet
7165,7292,1986.0,Project A-ko: Uncivil Wars
7166,7293,1995.0,Antonia's Line
7167,7294,1996.0,Fools Rush In
7168,7295,1957.0,Oedipus Rex
7169,7296,1996.0,20th Century Fox: The First 50 Years
7170,7297,1993.0,Claire of the Moon
7171,7298,1990.0,Jeeves and Wooster: Season 3
7172,7299,2002.0,The Oscar Wilde Collection: Stage Right
7173,7300,1999.0,Our Friend Martin
7174,7301,1961.0,The Best of Mr. Peabody & Sherman: Vol. 1
7175,7302,2001.0,The Blue Planet: Seas of Life: Seasonal Seas - Coral Seas
7176,7303,2002.0,Coupling: Season 3
7177,7304,2003.0,Volcano High
7178,7305,1977.0,The New Avengers: Season 2
7179,7306,2002.0,Sade: Lovers Live
7180,7307,1981.0,New Order: 316
7181,7308,1992.0,Bad Lieutenant
7182,7309,1999.0,Mystery Science Theater 3000: Merlin's Shop of Mystical Wonders
7183,7310,2002.0,The Firm Body Sculpting: Body Sculpt
7184,7311,1986.0,Summer
7185,7312,1960.0,Playgirls and the Vampire
7186,7313,2000.0,The List
7187,7314,1998.0,The Odd Couple II
7188,7315,1983.0,Oasis of the Zombies
7189,7316,1998.0,So Close to Paradise
7190,7317,1996.0,Dark Secrets
7191,7318,2000.0,Another Heaven
7192,7319,1983.0,99 Cycling Swords
7193,7320,1995.0,One Hundred and One Nights
7194,7321,2001.0,Fat Girl
7195,7322,2000.0,Come Undone
7196,7323,1954.0,Touchez Pas au Grisbi
7197,7324,1996.0,Bio-Dome
7198,7325,1999.0,Body Weapon
7199,7326,2004.0,The Animated Passion
7200,7327,2000.0,The '70s
7201,7328,2005.0,The Prophecy 5: Forsaken
7202,7329,1999.0,Wicked Ways
7203,7330,1984.0,Romancing the Stone
7204,7331,2004.0,Secret Window
7205,7332,1997.0,Frasier: Season 5
7206,7333,2005.0,Kelly Clarkson: Behind Hazel Eyes
7207,7334,1998.0,Midsomer Murders: Death in Disguise
7208,7335,1996.0,Maachis
7209,7336,1984.0,Blood Simple
7210,7337,1999.0,Thicker than Water
7211,7338,1994.0,I'll Do Anything
7212,7339,2002.0,The Code
7213,7340,2003.0,Johnstown Flood
7214,7341,2001.0,Shiner
7215,7342,2004.0,The Green Butchers
7216,7343,1967.0,Doctor Dolittle
7217,7344,2003.0,Helen of Troy
7218,7345,1991.0,God of Gamblers II
7219,7346,1992.0,The Ben Stiller Show
7220,7347,1991.0,My Own Private Idaho
7221,7348,1977.0,The Greatest: Muhammad Ali
7222,7349,2005.0,The Berenstain Bears: Bears Mind Their Manners
7223,7350,2001.0,Ticker
7224,7351,2002.0,Pinocchio
7225,7352,2000.0,Jennifer Lopez: Feelin' So Good
7226,7353,2004.0,Rottweiler
7227,7354,1996.0,Solo
7228,7355,1980.0,Altered States
7229,7356,1998.0,Deep Impact
7230,7357,1995.0,Othello
7231,7358,1998.0,The Brave Little Toaster Goes to Mars
7232,7359,2003.0,Dora the Explorer: Super Silly Fiesta!
7233,7360,1967.0,El Dorado
7234,7361,1999.0,The 1900 House
7235,7362,2003.0,Haggard
7236,7363,2002.0,Moonlight Mile
7237,7364,1989.0,Driving Miss Daisy
7238,7365,1993.0,Three of Hearts
7239,7366,1996.0,Honey and Ashes
7240,7367,1997.0,Strip Search
7241,7368,1948.0,Easter Parade
7242,7369,2003.0,Wanda Sykes: Tongue Untied
7243,7370,1996.0,Chris Rock: Bring the Pain
7244,7371,1982.0,The Beastmaster
7245,7372,2004.0,Europe to the Max: Enchanted Italy
7246,7373,1998.0,Goosebumps: How I Got My Shrunken Head
7247,7374,1976.0,The Last Tycoon
7248,7375,1974.0,School of the Holy Beast
7249,7376,2001.0,Beyblade
7250,7377,2001.0,Billy Connolly: Live: The Greatest Hits
7251,7379,1981.0,Diva
7252,7380,2001.0,The String Cheese Incident: Evolution
7253,7381,1997.0,Flubber
7254,7382,2005.0,WWE: Tombstone: The History of the Undertaker
7255,7383,2000.0,Where the Money Is
7256,7384,2002.0,Aragami: The Raging God of Battle
7257,7385,1996.0,Odyssey into the Mind's Eye
7258,7386,1996.0,Ninja Cadets
7259,7387,1965.0,Repulsion
7260,7388,2002.0,The Art of Piano: Great Pianists of the 20th Century
7261,7389,2001.0,Project Greenlight: Season 1
7262,7390,1994.0,Cadfael: One Corpse Too Many
7263,7391,2000.0,The Watcher
7264,7392,1998.0,The King of Queens: Season 1
7265,7393,1993.0,Prime Suspect 3
7266,7394,1985.0,Always
7267,7395,1994.0,The River Wild
7268,7396,1969.0,The Twilight Zone: Vol. 43
7269,7397,1993.0,Mrs. Doubtfire
7270,7398,1951.0,The Lost Continent
7271,7399,1996.0,Phenomenon
7272,7400,1991.0,Inspector Morse 19: Greeks Bearing Gifts
7273,7401,1997.0,Picture Perfect
7274,7402,1994.0,Brainscan
7275,7403,1995.0,An Awfully Big Adventure
7276,7404,1996.0,Everyone Says I Love You
7277,7405,2003.0,Carmen Electra's Advanced Aerobic Striptease
7278,7406,2000.0,Thirteen Days
7279,7407,1969.0,The Dick Cavett Show: Rock Icons
7280,7408,2004.0,Burn Up Scramble
7281,7409,1977.0,The Bad News Bears in Breaking Training
7282,7410,1997.0,Leonardo da Vinci: Renaissance Master
7283,7411,1957.0,Le Notti Bianche
7284,7412,1981.0,Dead and Buried
7285,7413,1959.0,4D Man
7286,7414,1987.0,G.I. Joe: The Movie
7287,7415,1993.0,Inspector Morse 3: Service of All the Dead
7288,7416,1939.0,Gone with the Wind: Collector's Edition
7289,7417,1986.0,Under the Cherry Moon
7290,7418,2003.0,From Justin to Kelly: The Tale of Two American Idols
7291,7419,1978.0,The Boys from Brazil
7292,7420,1977.0,That Obscure Object of Desire
7293,7421,1995.0,Space Ghost Coast to Coast: Vol. 2
7294,7422,1997.0,The Saltmen of Tibet
7295,7423,1987.0,Epidemic
7296,7424,1946.0,The Big Sleep
7297,7425,2005.0,Breaking the Da Vinci Code
7298,7426,1978.0,Dawn of the Dead: European Version
7299,7427,1992.0,The Larry Sanders Show: Season 1
7300,7428,2005.0,Bigger Than the Sky
7301,7429,2000.0,The Most Terrible Time in My Life
7302,7430,2001.0,Six Feet Under: Season 1
7303,7431,1999.0,George Carlin: You are All Diseased
7304,7432,1999.0,Greatest Places: IMAX
7305,7433,1995.0,Fallen Angels
7306,7434,1993.0,Swing Kids
7307,7435,1987.0,Less Than Zero
7308,7436,1963.0,Lord of the Flies
7309,7437,1989.0,The Rachel Papers
7310,7438,2003.0,Timecop 2: The Berlin Decision
7311,7439,1982.0,Barbarosa
7312,7440,2004.0,Jewel: Live at Humphrey's by the Bay
7313,7441,2003.0,Perfect Strangers
7314,7442,1999.0,Beowulf
7315,7443,1979.0,Roller Boogie
7316,7444,1978.0,Sgt. Pepper's Lonely Hearts Club Band
7317,7445,2004.0,Monk: Season 3
7318,7446,2001.0,The Office: Series 1: Bonus Material
7319,7447,1995.0,Indigo Girls: Watershed: Ten Years of Underground Video
7320,7448,1948.0,Abbott & Costello Meet Frankenstein
7321,7449,2004.0,World in the Balance: Nova
7322,7450,1992.0,Mr. Saturday Night
7323,7451,1990.0,Funny About Love
7324,7452,1989.0,Chopper Chicks in Zombietown
7325,7453,2002.0,The Badge
7326,7454,1999.0,Hercules: The Legendary Journeys: Season 6
7327,7455,1974.0,Blood for Dracula
7328,7456,1987.0,Ninja Checkmate
7329,7457,1991.0,Inspector Morse 16: Second Time Around
7330,7458,1999.0,Mummy (Documentary)
7331,7459,2000.0,God's Army
7332,7460,2002.0,The Day of the Wacko
7333,7461,2002.0,Love Forbidden
7334,7462,2001.0,Dancing at the Blue Iguana
7335,7463,1999.0,Strangers with Candy: Season 1
7336,7464,1967.0,Doctor Who: The Tomb of the Cybermen
7337,7465,2004.0,The Life
7338,7466,1997.0,Beast City
7339,7467,1982.0,Best Friends
7340,7468,1964.0,Pajama Party
7341,7469,1998.0,The Harryhausen Chronicles
7342,7470,2000.0,Arabian Nights
7343,7471,1974.0,QB VII
7344,7472,2002.0,Safe Conduct
7345,7473,1983.0,The Best of He-Man and the Masters of the Universe
7346,7475,1988.0,Running on Empty
7347,7476,1974.0,Space Battleship Yamato: The Movie
7348,7477,2002.0,Hunting Humans
7349,7478,1987.0,Tour of Duty: Season 1
7350,7479,1995.0,Attack of the 60 Foot Centerfold
7351,7480,1985.0,Night Train to Terror
7352,7481,1997.0,Joe Cocker: Across From Midnight Tour
7353,7482,2000.0,China Strike Force
7354,7483,1985.0,Real Genius
7355,7484,1997.0,Downtown Torpedoes
7356,7485,1988.0,Frantic
7357,7486,2003.0,Absolon
7358,7487,1961.0,The Children's Hour
7359,7488,1999.0,Love Letters
7360,7489,1998.0,Portland Street Blues
7361,7490,1965.0,Benny Hill: Golden Greats
7362,7491,1994.0,Quiet Days in Hollywood
7363,7492,2003.0,Seven Signs of Christ's Return
7364,7493,1999.0,Detroit Rock City
7365,7494,1997.0,Jackie Brown: Collector's Series
7366,7495,1954.0,This Island Earth
7367,7496,2001.0,Sealab 2021: Season 1
7368,7497,2005.0,Masters of Poker: Annie Duke's Advanced Texas Hold 'em Secrets: How to Beat the Big Boys
7369,7498,1989.0,Rhea Gall Force
7370,7499,1996.0,Independence Day: Bonus Material
7371,7500,2002.0,Mutant X: Season 2
7372,7501,1993.0,Stalingrad
7373,7502,2000.0,Waiting
7374,7503,1999.0,Requiem for Murder
7375,7504,1990.0,Rachmaninov / Tchaikovsky: Arkadi Zenziper
7376,7505,1995.0,Fushigi Yugi: The Mysterious Play
7377,7506,1999.0,Kohram
7378,7507,2004.0,Samantha: An American Girl Holiday
7379,7508,2001.0,Chillicothe
7380,7509,2002.0,Die Another Day
7381,7510,2002.0,Ash Wednesday
7382,7511,1998.0,Blade
7383,7512,2000.0,Poor White Trash
7384,7513,2003.0,The Life of David Gale
7385,7514,1923.0,The Hunchback of Notre Dame
7386,7515,2002.0,Colorful!
7387,7516,1958.0,Hidden Fortress
7388,7517,1995.0,Before Sunrise
7389,7518,2000.0,Scarlet Diva
7390,7519,2002.0,In Search of Ancient Ireland
7391,7520,1997.0,The Creeps
7392,7521,2000.0,Scary Movie
7393,7522,2003.0,Pornografia
7394,7523,1999.0,The Red Violin
7395,7524,2002.0,Slackers
7396,7525,1992.0,Knight Moves
7397,7526,1998.0,When Love Comes
7398,7527,1979.0,The World of Drunken Master
7399,7528,2003.0,Denise Austin: Shrink Your Female Fat Zones
7400,7529,1994.0,Sharpe 3: Sharpe's Company
7401,7531,1999.0,Evgeny Kissin: The Gift of Music
7402,7532,2003.0,National Lampoon's Gold Diggers
7403,7533,1999.0,East Is East
7404,7534,1987.0,Adventures in Babysitting
7405,7535,1980.0,Sergeant Cribb: Set 1
7406,7536,1988.0,Sweet Hearts Dance
7407,7537,1935.0,The Wolf Man / Frankenstein Meets the Wolf Man: The Legacy Collection
7408,7538,2004.0,Iron Maiden: The Early Days
7409,7539,1991.0,The Kids in the Hall: Season 3
7410,7540,2002.0,Todd Rundgren: Live in San Francisco
7411,7541,2001.0,Kevin James: Sweat the Small Stuff
7412,7542,2004.0,Strayed
7413,7543,2001.0,Zaion: I Wish You Were Here
7414,7544,2002.0,Orange County
7415,7545,1989.0,The War of the Roses
7416,7546,1969.0,Astro Zombies
7417,7547,1949.0,She Wore a Yellow Ribbon
7418,7548,2004.0,Divan
7419,7549,2005.0,Kaal
7420,7550,1996.0,Big Wars
7421,7551,2003.0,Primus: Animals Should Not Try to Act Like People
7422,7552,1987.0,Three O'Clock High
7423,7553,2004.0,Metallica: Some Kind of Monster: Bonus Material
7424,7554,2004.0,The Simple Life: Season 2
7425,7555,1977.0,The Rescuers
7426,7556,1969.0,Popi
7427,7557,1995.0,The Outer Limits: The New Series: Time Travel and Infinity
7428,7558,2000.0,Rancid Aluminum
7429,7559,1996.0,Jane Street
7430,7560,2002.0,New Best Friend
7431,7561,1966.0,Su Excelencia
7432,7562,2005.0,Lost Reality 2: More of the Worst
7433,7563,1998.0,Primary Colors
7434,7564,1972.0,The Life of Leonardo Da Vinci
7435,7565,2002.0,Straight Up: Helicopters in Action: IMAX
7436,7566,1985.0,Friday the 13th: Part 5: A New Beginning
7437,7567,1985.0,Mussolini and I
7438,7568,1999.0,Postmen in the Mountains
7439,7569,2004.0,Dead Like Me: Season 2
7440,7570,1939.0,Made for Each Other
7441,7571,1998.0,The Dreamlife of Angels
7442,7572,1994.0,Trapped in Paradise
7443,7573,2000.0,Kindred: The Embraced: The Complete Vampire Collection
7444,7574,2002.0,Ronald Reagan: A Legacy Remembered
7445,7575,1999.0,King of Comedy
7446,7576,1953.0,Kiss Me Kate
7447,7577,2003.0,Horatio Hornblower: The New Adventures
7448,7578,1984.0,Who's the Boss?: Season 1
7449,7579,1994.0,The Glass Shield
7450,7580,2004.0,UFC 50: Ultimate Fighting Championship: The War of '04
7451,7581,2001.0,In Desert and Wilderness
7452,7582,2000.0,The Road
7453,7583,1998.0,Overnight Delivery
7454,7584,1993.0,Power of One
7455,7585,1989.0,Kill Me Again
7456,7586,1957.0,The Bridge on the River Kwai
7457,7587,1994.0,It's Pat: The Movie
7458,7588,1988.0,They Live
7459,7589,1996.0,Big Night
7460,7590,1987.0,Fatal Attraction
7461,7591,1934.0,The John Wayne Collection: Vol. 2: Riders of Destiny / The Star Packer
7462,7592,2001.0,The Surge
7463,7593,2001.0,Reversal
7464,7594,1957.0,Nights of Cabiria
7465,7595,1992.0,Batman the Animated Series: Vol. 1
7466,7596,1996.0,Absolutely Fabulous: Absolutely Special
7467,7597,1999.0,I Stand Alone
7468,7598,1972.0,Dr. Seuss: The Lorax
7469,7599,1966.0,The Endless Summer
7470,7600,1993.0,In the Name of the Father
7471,7601,1943.0,Son of Dracula / House of Dracula
7472,7602,1999.0,Bats
7473,7603,1975.0,Doctor Who: Lost in Time: The William Hartnell Years
7474,7604,2001.0,Running Out of Time 2
7475,7605,2004.0,Queer as Folk: Season 4
7476,7606,1980.0,The Long Riders
7477,7607,2004.0,Dirty Dancing: Havana Nights
7478,7608,2004.0,Saikano
7479,7609,1998.0,Bear in the Big Blue House: Sleepy Time
7480,7610,1973.0,Benji
7481,7611,2005.0,Saturday Night Live: Live from New York: The First 5 Years
7482,7612,2004.0,Miracle at Oxford
7483,7613,1982.0,Tron
7484,7614,1963.0,Any Number Can Win
7485,7615,1988.0,Killer Klowns from Outer Space
7486,7616,1980.0,The Idolmaker
7487,7617,1987.0,Dirty Dancing
7488,7618,1985.0,Ken Burns' America: The Shakers
7489,7619,1995.0,Newsradio: Seasons 1 and 2
7490,7620,1997.0,Millennium: Season 2
7491,7621,1994.0,Africa: The Serengeti: IMAX
7492,7622,1991.0,Riki-Oh: The Story of Ricky
7493,7623,1992.0,The Blonde
7494,7624,1986.0,Top Gun
7495,7625,1977.0,Young Lady Chatterley
7496,7626,2001.0,The Sweetest Sound
7497,7627,2003.0,Once Upon a Time in Mexico
7498,7628,1978.0,Piranha
7499,7629,1983.0,V: The Original Miniseries
7500,7630,1991.0,Grand Canyon
7501,7631,1991.0,Dying Young
7502,7632,2004.0,Birth
7503,7633,1998.0,Can't Hardly Wait
7504,7634,1977.0,The Turning Point
7505,7635,2004.0,Anchorman: The Legend of Ron Burgundy
7506,7636,1991.0,An American Tail: Fievel Goes West
7507,7637,1975.0,The Man in the Glass Booth
7508,7638,2004.0,Saturday Night Live: The Best of Tom Hanks
7509,7639,2004.0,Star Wars Trilogy: Bonus Material
7510,7640,1987.0,Miss Marple: Collection 1
7511,7641,1990.0,Stella
7512,7642,1940.0,Rebecca
7513,7643,1987.0,Empire of the Sun
7514,7644,2002.0,Daniel Deronda
7515,7645,1991.0,Little Man Tate
7516,7646,2003.0,Overnight
7517,7647,1982.0,Diner
7518,7648,2002.0,Gasoline
7519,7649,2001.0,Sister Wendy's American Collection
7520,7650,1997.0,The Matchmaker
7521,7651,2000.0,Isn't She Great
7522,7652,1978.0,Best of The Muppet Show: Mark Hamill / Paul Simon / Raquel Welch
7523,7654,1896.0,Lumiere Brothers' First Films
7524,7655,1996.0,The Best Bits of Mr. Bean
7525,7656,1999.0,George Michael: Ladies & Gentlemen: The Best of George Michael
7526,7657,1999.0,SpongeBob SquarePants: Tide and Seek
7527,7658,2004.0,Ray: Bonus Material
7528,7659,1994.0,Barcelona
7529,7660,1925.0,Seven Chances (Silent)
7530,7661,2005.0,SpongeBob SquarePants: Home Sweet Pineapple
7531,7662,1976.0,Doctor Who: The Robots of Death
7532,7663,1985.0,Ken Burns' America: Huey Long
7533,7664,2000.0,Gladiator: Extended Edition
7534,7665,2001.0,Donnie Darko: Director's Cut: Bonus Material
7535,7666,1987.0,Nayagan: Tamil
7536,7667,2004.0,Justice League: Starcrossed the Movie
7537,7668,2004.0,NFL Films Super Bowl Collection: Super Bowl XI-XX
7538,7669,2004.0,Desperate Housewives: Season 1
7539,7670,1974.0,Caged Heat
7540,7671,1954.0,The Barefoot Contessa
7541,7672,2004.0,Mind the Gap
7542,7673,1988.0,School Daze
7543,7674,2002.0,The Junction Boys
7544,7675,1995.0,Megaman: A Hero is Born
7545,7676,1992.0,Black Cat 2
7546,7677,1996.0,Danielle Steel's The Ring
7547,7678,1962.0,Billy Rose's Jumbo
7548,7679,1968.0,Lady in Cement
7549,7680,1952.0,Hi-Yo Silver/ Legend of the Lone Ranger
7550,7681,2004.0,Island at War
7551,7682,2003.0,Mail Order Bride
7552,7683,1988.0,Cinema Paradiso: Director's Cut
7553,7684,1996.0,The Jamie Foxx Show: Season 1
7554,7685,2003.0,Dora the Explorer: Pirate Adventure
7555,7686,1996.0,Cannibal! The Musical
7556,7687,1992.0,Raju Ban Gaya Gentleman
7557,7688,1997.0,Cadfael: The Rose Rent
7558,7689,1995.0,Bruce Springsteen and the E Street Band: Blood Brothers
7559,7690,2001.0,Air Bud: Seventh Inning Fetch
7560,7691,1968.0,Romeo & Juliet
7561,7692,1972.0,Zatoichi in Desperation
7562,7693,1998.0,Six-String Samurai
7563,7694,1986.0,Witchboard
7564,7695,1999.0,Futurama: Vol. 2
7565,7696,1992.0,Of Mice And Men
7566,7697,2003.0,Someday's Dreamers
7567,7698,1996.0,Children of the Revolution
7568,7699,2004.0,Bratz: The Video: Starrin' & Stylin'
7569,7700,2000.0,Sin: The Motion Picture
7570,7701,1981.0,The Road Warrior
7571,7702,2001.0,Planet of the Apes: Bonus Material
7572,7703,2002.0,Extreme Ops
7573,7704,1991.0,Rambling Rose
7574,7705,1992.0,Final Analysis
7575,7706,1985.0,Silverado
7576,7707,2000.0,Cuba Feliz
7577,7708,2000.0,The Yards
7578,7709,1987.0,Surf Nazis Must Die
7579,7710,2005.0,Turtles Can Fly
7580,7711,1977.0,Padre Padrone
7581,7712,1961.0,Lover Come Back
7582,7713,1981.0,An American Werewolf in London
7583,7714,2001.0,Federal Protection
7584,7715,2004.0,Vincent Van Gogh: A Stroke of Genius
7585,7716,1995.0,Something to Talk About
7586,7717,1985.0,Bleak House
7587,7718,1995.0,Rumble in the Bronx
7588,7719,1997.0,Changing Habits
7589,7720,1999.0,Moonlight Whispers
7590,7721,2002.0,The Jury
7591,7722,1999.0,Power Stone: Vol. 1: Mystery of the Stones
7592,7723,1989.0,Baby Cakes
7593,7724,2003.0,Love Hina: Spring Movie
7594,7725,1984.0,Hong Kong 1941
7595,7726,2000.0,Brady Bunch Home Movies
7596,7727,1988.0,Dragon Family
7597,7728,2000.0,Panic
7598,7729,1988.0,Inspector Wears Skirts
7599,7730,1988.0,The New Adventures of Pippi Longstocking
7600,7731,1980.0,Don't Answer the Phone
7601,7732,1999.0,Made Men
7602,7733,2000.0,Barney's Super Singing Circus
7603,7734,2003.0,George Harrison: The Quiet One
7604,7735,1997.0,Rurouni Kenshin
7605,7736,1964.0,The Train
7606,7737,2005.0,Saved by the Bell: Season 5
7607,7738,1966.0,Is Paris Burning?
7608,7739,1999.0,The Astronaut's Wife
7609,7740,1980.0,Super Fuzz
7610,7741,1943.0,Sherlock Holmes in Washington
7611,7742,2003.0,Six Feet Under: Season 3
7612,7743,2000.0,Ultimate Weapon
7613,7744,2002.0,SpongeBob SquarePants: Sea Stories
7614,7745,1995.0,Apollo 13
7615,7746,2002.0,Go for Broke
7616,7747,2002.0,Korn: Deuce
7617,7748,1989.0,Meet the Feebles
7618,7749,2005.0,Curb Your Enthusiasm: Season 4
7619,7750,1983.0,Koyaanisqatsi: Life Out of Balance
7620,7751,1985.0,Anne of Green Gables
7621,7752,1999.0,Dish Dogs
7622,7753,1983.0,All Creatures Great and Small: The Specials
7623,7754,2002.0,Bleacher Bums
7624,7755,2003.0,Touching the Void
7625,7756,1979.0,...And Justice for All
7626,7757,1999.0,Go
7627,7758,1995.0,Theodore Rex
7628,7759,2004.0,Sister Princess
7629,7760,2002.0,The Stickup
7630,7761,1992.0,The Return of Spinal Tap
7631,7762,1996.0,Down Periscope
7632,7763,1979.0,La Cage aux Folles
7633,7764,1996.0,Evil Ed
7634,7765,2000.0,Saturday Night Live: The Best of Steve Martin
7635,7766,2002.0,Endangered Species
7636,7768,2003.0,The Berenstain Bears: Adventure & Fun for Everyone
7637,7769,1994.0,Little Buddha
7638,7770,1988.0,Piece of Cake
7639,7771,1986.0,The Best of Times
7640,7772,1975.0,Master of the Flying Guillotine
7641,7773,1989.0,Henry V
7642,7774,1974.0,The Phantom of Liberty
7643,7775,1984.0,And the Ship Sails On
7644,7776,1998.0,The Brandon Teena Story
7645,7777,1997.0,River Made to Drown In
7646,7778,1999.0,Speaking in Strings: Nadja Salerno-Sonnenberg
7647,7779,1988.0,Willow
7648,7780,2004.0,Friends: The Series Finale
7649,7781,2002.0,Touching Wild Horses
7650,7782,2002.0,Demonlover
7651,7783,2000.0,The Witness Files
7652,7784,1953.0,The Hitch-Hiker
7653,7785,2005.0,Elvis Has Left the Building
7654,7786,2003.0,The Station Agent
7655,7787,1962.0,La Commare Secca
7656,7788,2002.0,Strawberry Shortcake: Spring for Strawberry Shortcake
7657,7789,1996.0,Leprechaun 4: In Space
7658,7790,2005.0,Hopeless Pictures: Season 1
7659,7791,1983.0,The Day After
7660,7792,2000.0,Double Parked
7661,7793,1972.0,Lone Wolf and Cub: Baby Cart to Hades
7662,7794,1995.0,Ned and Stacey: Season 1
7663,7795,1972.0,Siddhartha
7664,7796,1994.0,The Dream of Garuda
7665,7797,1977.0,MacArthur
7666,7798,2004.0,Deep Evil
7667,7799,1985.0,A Year of the Quiet Sun
7668,7800,1999.0,Brian Wilson: Imagination
7669,7801,1989.0,The Abyss: Bonus Material
7670,7802,2003.0,Dance for Camera
7671,7803,1988.0,Deadbeat at Dawn
7672,7804,1987.0,Full House: Season 1
7673,7805,1997.0,Cracker
7674,7806,1997.0,Classic Albums: The Band
7675,7807,2003.0,Off the Map
7676,7808,1974.0,Uptown Saturday Night
7677,7809,2000.0,Dark Angel: Season 1
7678,7810,2002.0,MTV: The Real World: Decade of Bloopers
7679,7811,2003.0,King of Bandit Jing
7680,7812,1932.0,Freaks
7681,7813,1970.0,Venus in Furs
7682,7814,1984.0,Protocol
7683,7815,2003.0,Gilmore Girls: Season 4
7684,7816,2004.0,Almost Peaceful
7685,7817,1967.0,King of Hearts
7686,7818,1973.0,Legend of Paul and Paula
7687,7819,1964.0,First Men in the Moon
7688,7820,2002.0,Brown Sugar
7689,7821,1987.0,Kimagure Orange Road TV Series
7690,7822,1986.0,Millionaire's Express
7691,7823,1983.0,Monty Python's The Meaning of Life: Special Edition: Bonus Material
7692,7824,1995.0,Moll Flanders
7693,7825,2001.0,Prince Charming
7694,7826,1990.0,Another 48 Hrs.
7695,7827,1989.0,National Lampoon's Christmas Vacation: Special Edition
7696,7828,1999.0,Cruel Intentions
7697,7829,1990.0,Red Surf
7698,7830,2004.0,Bob the Builder: Snowed Under / The Bobblesberg Winter Games
7699,7831,1988.0,Critters 2: The Main Course
7700,7832,1951.0,When Worlds Collide
7701,7833,2004.0,Arrested Development: Season 2
7702,7835,1982.0,Zu: Warriors from the Magic Mountain
7703,7836,1965.0,King Rat
7704,7837,1972.0,Lenny Bruce Without Tears
7705,7838,1999.0,In the Country where Nothing Happens
7706,7839,1998.0,Kiss of Fire
7707,7840,1986.0,Dali
7708,7841,1990.0,Pump Up the Volume
7709,7842,2000.0,Gokulathil Seethai: Tamil
7710,7843,1997.0,Miss Evers' Boys
7711,7844,1996.0,Jack Frost
7712,7845,1987.0,Fleetwood Mac: Tango in the Night
7713,7846,1992.0,The Dark Side of the Heart
7714,7847,1983.0,Gospel
7715,7848,1999.0,Lovers Lane
7716,7849,1987.0,Unsolved Mysteries: Ghosts
7717,7850,1990.0,Quantum Leap: Season 3
7718,7851,1984.0,The Evil That Men Do
7719,7852,2003.0,My Boss's Daughter
7720,7853,1988.0,36 Fillette
7721,7854,2001.0,Human Nature
7722,7855,1946.0,The Courage of Lassie
7723,7856,1988.0,Shahenshah
7724,7857,2002.0,Wiggle Bay
7725,7858,2004.0,Burst Angel
7726,7859,1983.0,Pat Benatar: Live in New Haven
7727,7860,2000.0,The Wyvern Mystery
7728,7861,2001.0,The Crusaders
7729,7862,2002.0,WWE: Survivor Series 2002
7730,7863,2003.0,Shelter Island
7731,7864,1986.0,About Last Night...
7732,7865,1999.0,Star Trek: Voyager: Season 6
7733,7866,2002.0,Monster Garage: Season 1
7734,7867,1969.0,The Valley of Gwangi
7735,7868,1998.0,Gasaraki
7736,7869,1996.0,Uncle Sam
7737,7870,2004.0,Phone
7738,7871,2005.0,Britney and Kevin: Chaotic: The DVD
7739,7872,2004.0,Tiger: The Authorized DVD Collection
7740,7873,2002.0,The Stalker
7741,7874,1997.0,Key the Metal Idol
7742,7875,1998.0,A Night at the Roxbury
7743,7876,1995.0,Sailor Moon SuperS
7744,7877,1980.0,Atlantic City
7745,7878,2001.0,The Party's Over
7746,7879,2002.0,Super Troopers
7747,7880,1968.0,Columbo: Season 1
7748,7881,1979.0,Hanover Street
7749,7882,2002.0,Blood Work
7750,7883,1992.0,Saturday Night Live: The Best of Chris Rock
7751,7884,2002.0,The Other Side of the Bed
7752,7885,2002.0,Taken
7753,7886,2000.0,The Big Kahuna
7754,7887,2001.0,The Price of Milk
7755,7888,2001.0,Geneshaft
7756,7889,1984.0,Swann in Love
7757,7890,1977.0,Best of The Muppet Show: George Burns / Bob Hope / Dom DeLuise
7758,7891,2005.0,Kyo Kara Maoh: God Save Our King
7759,7892,1999.0,True Crime
7760,7893,2004.0,A Place Called Home
7761,7894,1996.0,Project: ALF
7762,7895,1992.0,Singles
7763,7896,2004.0,Alien Lockdown
7764,7897,2002.0,Alanis Morissette: Feast on Scraps
7765,7898,1988.0,Powaqqatsi
7766,7899,1994.0,Junior
7767,7900,2001.0,Kept
7768,7901,2000.0,Sudden Manhattan
7769,7902,1997.0,Cadfael: St. Peter's Fair
7770,7903,1992.0,Adventures of Batman & Robin: Poison Ivy/The Penguin
7771,7904,2002.0,Punch-Drunk Love
7772,7905,1962.0,The Twilight Zone: Vol. 1
7773,7906,2003.0,NFL Films Super Bowl Collection: Super Bowl I-X
7774,7907,2001.0,Midsomer Murders: Dark Autumn
7775,7908,1947.0,Quai des Orfevres
7776,7909,2002.0,Ranma 1/2: Ranma Forever: Vol. 2: The Depths of Despair
7777,7910,1987.0,The Living Daylights
7778,7911,2001.0,Bones
7779,7912,1960.0,L'Avventura
7780,7913,2003.0,Goldfish Memory
7781,7914,2002.0,MI-5: Vol. 1
7782,7915,1960.0,Where the Boys Are
7783,7916,2003.0,Tibetan Book of the Dead
7784,7917,1997.0,A Life Less Ordinary
7785,7918,1998.0,Lost in Space Forever
7786,7919,1953.0,Niagara
7787,7920,1976.0,Buffalo Bill and the Indians
7788,7921,2005.0,Day of the Dead 2: Contagium
7789,7922,1990.0,The Rescuers Down Under
7790,7923,1962.0,The Day the Earth Caught Fire
7791,7924,1987.0,The Bedroom Window
7792,7925,1957.0,Il Grido
7793,7926,1997.0,Ellis Island
7794,7927,1997.0,The Peacekeeper
7795,7928,2002.0,Antwone Fisher
7796,7929,2003.0,Dragon Ball: The Path to Power
7797,7930,2004.0,The Purifiers
7798,7931,1993.0,8 Man After: Perfect Collection
7799,7932,1934.0,The Three Stooges: Goofs on the Loose
7800,7933,1985.0,Flesh + Blood
7801,7934,1973.0,The Harder They Come
7802,7935,1988.0,Bad Taste
7803,7936,1997.0,Unmade Beds
7804,7937,2000.0,Finding Forrester
7805,7938,1999.0,Double Platinum
7806,7939,2005.0,Submerged
7807,7940,1985.0,Robotech
7808,7941,2004.0,The Inspector Lynley Mysteries: If Wishes Were Horses
7809,7942,1960.0,Inherit the Wind
7810,7943,1998.0,Secrets of War: Spy Games of World War II
7811,7944,2004.0,UFC 48: Ultimate Fighting Championship: Payback
7812,7945,2001.0,Pyaar Tune Kya Kiya
7813,7946,2004.0,Rugrats: Holiday Celebration
7814,7947,1985.0,Tuff Turf
7815,7948,1969.0,Satan's Sadists
7816,7949,2004.0,WWE Divas: South of the Border
7817,7950,1981.0,Le Professionnel
7818,7951,2003.0,Agatha Christie's Poirot: Five Little Pigs
7819,7952,2000.0,Dune
7820,7953,2005.0,Noise
7821,7954,1928.0,The Fall of the House of Usher
7822,7955,1997.0,Four Days in September
7823,7956,2005.0,Eternal
7824,7957,2002.0,Warm Water Under a Red Bridge
7825,7958,2002.0,The Osbournes: Season 2 (Uncensored)
7826,7959,2003.0,3-2-1 Penguins: Moon Menace on Planet Tell-a-lie
7827,7960,1948.0,The Lady from Shanghai
7828,7961,2000.0,The Cherry Orchard
7829,7962,1992.0,Sailor Moon: Vol. 1: A Heroine Is Chosen
7830,7963,1987.0,Married... with Children: The Most Outrageous Episodes: Vol. 1
7831,7964,2004.0,Thomas & Friends: It's Great to be an Engine
7832,7965,1993.0,Married to It
7833,7966,1981.0,First Monday in October
7834,7967,2003.0,Jennifer Lopez: The Reel Me
7835,7968,1972.0,The Magnificent Seven Ride
7836,7969,1978.0,7 Grand Masters
7837,7970,1947.0,Life With Father
7838,7971,2001.0,In the Bedroom
7839,7972,2000.0,Dancing in September
7840,7973,1995.0,The Sum of Us
7841,7974,2002.0,Real Bout High School
7842,7975,2005.0,Saiyuki: The Movie: Requiem
7843,7976,1988.0,Ninja Academy
7844,7977,1980.0,Maniac!
7845,7978,2001.0,U2: Elevation 2001: Live from Boston
7846,7979,2005.0,The Muppets Wizard of Oz
7847,7980,1998.0,The Object of My Affection
7848,7981,2001.0,The Infinite Worlds of H.G. Wells
7849,7982,2003.0,The Bathers
7850,7983,1990.0,An Angel at My Table
7851,7984,1993.0,Star Trek: Deep Space Nine: Season 1
7852,7985,1968.0,Star Trek: The Original Series: Vols. 29-40
7853,7986,1955.0,Love Is a Many-Splendored Thing
7854,7987,2003.0,Wrong Turn
7855,7988,2000.0,Vampires Anonymous
7856,7989,1991.0,Beauty and the Beast: Special Edition
7857,7990,2003.0,This Girl's Life
7858,7991,2003.0,The Hunted
7859,7992,1992.0,Prelude to a Kiss
7860,7993,1946.0,Great Expectations
7861,7994,2004.0,Carmen Electra's The Lap Dance
7862,7995,2001.0,NHL: All Access!
7863,7996,2004.0,The Trail to Hope Rose
7864,7997,1995.0,Victor / Victoria
7865,7998,1998.0,The Celebration
7866,7999,1991.0,Mystery Date
7867,8000,2005.0,Sports Illustrated Swimsuit Edition: 2005
7868,8001,1969.0,Sweet Charity
7869,8002,2004.0,Deewaar
7870,8003,2004.0,Harry Connick Jr.: Only You
7871,8004,1998.0,The Best of So Graham Norton
7872,8005,1986.0,Therese
7873,8007,1964.0,Nothing But a Man
7874,8008,1998.0,Treasure Island
7875,8009,2003.0,Recipe for Disaster
7876,8010,2002.0,3-2-1 Penguins: The Cheating Scales of Bullamanka
7877,8011,2002.0,Jonah: A VeggieTales Movie
7878,8012,1991.0,Kickboxer 2
7879,8013,2003.0,Roy Orbison: Greatest Hits
7880,8014,2002.0,All About the Benjamins
7881,8015,2005.0,Cold Case Files: The Most Infamous Cases
7882,8016,1999.0,Eyes Wide Shut
7883,8017,1964.0,The Munsters: Season 1
7884,8018,2001.0,Xtreme Martial Arts
7885,8019,1995.0,Murder in the First
7886,8020,1989.0,Dead Calm
7887,8021,1980.0,Why Didn't They Ask Evans?
7888,8022,1982.0,Queen: We Will Rock You
7889,8023,2001.0,Dark Descent
7890,8024,2000.0,Divided We Fall
7891,8025,2003.0,Festival Express: Bonus Material
7892,8026,1983.0,He-Man and the Masters of the Universe: Season 1: Vol. 1
7893,8027,1980.0,Gloria
7894,8028,1993.0,White Lotus Cult
7895,8029,2004.0,Dora the Explorer: Catch the Stars
7896,8030,2004.0,Denied
7897,8031,1986.0,Ken Burns' America: The Statue of Liberty
7898,8032,1973.0,Lisa & the Devil
7899,8033,1992.0,Bebe's Kids
7900,8034,1946.0,The Harvey Girls
7901,8035,2002.0,Texas: 30 Odd Foot of Grunts
7902,8036,1991.0,Chinese Ghost Story 3: Special Edition
7903,8037,1995.0,Home for the Holidays
7904,8038,1950.0,Cinderella: Special Edition
7905,8039,1975.0,Saturday Night Live: 25 Years of Music
7906,8040,1971.0,The Old Grey Whistle Test: Vol. 1
7907,8041,2002.0,Rare Birds
7908,8042,1955.0,The Far Country
7909,8043,1968.0,Blackbeard's Ghost
7910,8044,1988.0,American Gothic
7911,8045,2003.0,Open Range
7912,8046,1993.0,Menace II Society
7913,8047,1994.0,Tandem
7914,8049,1990.0,Dick Tracy
7915,8050,1999.0,Joan of Arc
7916,8051,2001.0,The Curse of the Jade Scorpion
7917,8052,2000.0,Emmanuelle's Intimate Encounters
7918,8053,2000.0,Cardcaptors
7919,8054,1994.0,The Monster
7920,8055,1972.0,The Bob Newhart Show: Season 1
7921,8056,1993.0,The 13 Cold-Blooded Eagles
7922,8057,1984.0,King Lear
7923,8058,1999.0,Learning HTML: No Brainers
7924,8059,1991.0,Rush: Chronicles
7925,8060,1998.0,His and Her Circumstances
7926,8061,2003.0,Black Sabbath: Never Say Die
7927,8062,1999.0,Black Beauty (Animated)
7928,8063,1993.0,Calendar
7929,8064,1986.0,Mauvais Sang
7930,8065,1988.0,Lady in White
7931,8066,2003.0,Amandla! A Revolution in Four Part Harmony
7932,8067,2001.0,The Inspector Lynley Mysteries: A Great Deliverance
7933,8068,2003.0,Legally Exposed
7934,8069,2002.0,Ax 'Em
7935,8070,2004.0,Imagining Argentina
7936,8071,2002.0,India: Kingdom of the Tiger: IMAX
7937,8072,1995.0,Seven: Bonus Material
7938,8073,1957.0,Night of the Demon / Curse of the Demon: Double Feature
7939,8074,2001.0,Roughing It
7940,8075,2000.0,The Last of the Blonde Bombshells
7941,8076,1987.0,Diane Schuur & the Count Basie Orchestra
7942,8077,1986.0,Something Wild
7943,8078,1995.0,Waiting to Exhale
7944,8079,1994.0,Interview with the Vampire
7945,8080,1997.0,Highlander: Season 6
7946,8081,1994.0,Knowing Me Knowing You with Alan Partridge: The Complete Series
7947,8082,2004.0,Koi Kaze
7948,8083,1988.0,The Tracker
7949,8084,1983.0,G.I. Joe: Season 1: Part 1
7950,8085,1979.0,Star Blazers: Series 1: The Quest for Iscandar
7951,8086,2001.0,Cats & Dogs
7952,8087,2004.0,Origins: Nova
7953,8088,1947.0,13 Rue Madeleine
7954,8089,1990.0,My Mother's Castle
7955,8090,1956.0,Bob Le Flambeur
7956,8091,2002.0,Lord of the Rings: The Two Towers: Bonus Material
7957,8092,1983.0,The Right Stuff: Bonus Material
7958,8093,1953.0,M. Hulot's Holiday
7959,8095,2003.0,Beef
7960,8096,1990.0,Mountains of the Moon
7961,8097,2004.0,Asylum of the Damned
7962,8098,1978.0,The Buddy Holly Story
7963,8099,2002.0,Reign of Fire
7964,8100,1989.0,Doctor Who: The Curse of Fenric
7965,8101,2002.0,Full Frontal
7966,8102,1998.0,Kunoichi: Lady Ninja
7967,8103,1997.0,National Geographic: Asteroids: Deadly Impact
7968,8104,1999.0,Giving It Up
7969,8105,2003.0,The Jungle Book 2
7970,8106,2005.0,Alien Apocalypse
7971,8107,1987.0,Predator: Collector's Edition
7972,8109,2005.0,Brothers in Arms
7973,8110,2001.0,Love the Hard Way
7974,8111,1978.0,Mork & Mindy: Season 1
7975,8112,1958.0,Big Deal on Madonna Street
7976,8113,1994.0,Sweet Valley High: Season 1
7977,8115,2000.0,Virgin Fleet
7978,8116,2002.0,The Sopranos: Season 4
7979,8117,1982.0,Pink Floyd: The Wall
7980,8118,1997.0,Spawn: The Movie
7981,8119,2002.0,Detour
7982,8120,1987.0,Promised Land
7983,8121,1999.0,Search for the Great Sharks: IMAX
7984,8122,1998.0,A Bright Shining Lie
7985,8123,2002.0,Ballistic: Ecks vs. Sever
7986,8124,2003.0,May
7987,8125,1995.0,Wedding Peach
7988,8126,1978.0,I Wanna Hold Your Hand
7989,8127,2005.0,The Work of Director Stephane Sednaoui
7990,8128,1968.0,Five Card Stud
7991,8129,1971.0,Little Murders
7992,8130,2000.0,Gothic Industrial Madness
7993,8131,1974.0,The Conversation
7994,8132,2000.0,The Crimson Code
7995,8133,2004.0,Yu-Gi-Oh!: Season 1
7996,8134,2003.0,Deacons for Defense
7997,8135,1955.0,The End of the Affair
7998,8136,2000.0,BoyFriends
7999,8137,1968.0,Lost in Space: Season 3: Vol. 2
8000,8138,2004.0,Fleetwood Mac: Live in Boston
8001,8139,2002.0,The Best of the Bachelor
8002,8140,1997.0,Hercules: The Legendary Journeys: Season 4
8003,8141,1985.0,Stephen King's Cat's Eye
8004,8142,2003.0,Pat Metheny: Speaking of Now: Live
8005,8143,1940.0,The Mark of Zorro
8006,8144,2004.0,Shawn Michaels: Boyhood Dream
8007,8145,2004.0,Girlfriend
8008,8146,1998.0,The Land Before Time VI: The Secret of Saurus Rock
8009,8147,2000.0,The Immortal
8010,8148,1990.0,I Love You to Death
8011,8149,2002.0,Roger Dodger
8012,8150,1937.0,Alfred Hitchcock: Young & Innocent / The Cheney Vase
8013,8151,1998.0,Depeche Mode: The Videos '86-'98
8014,8152,1983.0,Strange Invaders
8015,8153,1999.0,The Coroner
8016,8154,1964.0,The Misadventures of Merlin Jones
8017,8155,1978.0,The Mayor of Casterbridge
8018,8156,1990.0,Leatherface: The Texas Chainsaw Massacre III
8019,8157,2000.0,Call to Witness
8020,8158,1989.0,Skin Deep
8021,8159,1977.0,Annie Hall
8022,8160,2002.0,Halloween: Resurrection
8023,8161,2004.0,Helter Skelter: Director's Cut
8024,8162,1996.0,Get on the Bus
8025,8163,2004.0,Two Brothers
8026,8164,2000.0,Epicenter
8027,8165,2005.0,Dot the I
8028,8166,1985.0,The Care Bears Movie
8029,8167,2002.0,The Twilight Zone: Season 1
8030,8168,1956.0,Friendly Persuasion
8031,8169,2000.0,Esther Kahn
8032,8170,1979.0,Fascination
8033,8171,1995.0,Boys on the Side
8034,8172,1999.0,Oklahoma!
8035,8173,1979.0,Buck Rogers in the 25th Century: The Complete Epic Series
8036,8174,2001.0,Bully
8037,8175,1964.0,The Twilight Zone: Vol. 28
8038,8176,1997.0,The Locusts
8039,8177,1988.0,Gorillas in the Mist
8040,8178,1997.0,Breakdown
8041,8179,1996.0,Slaves to the Underground
8042,8180,1993.0,Warlock: The Armageddon
8043,8181,1995.0,The Net
8044,8182,1998.0,In Heaven as it is on Earth
8045,8183,1967.0,I Am Curious: Blue
8046,8184,1972.0,Female Convict Scorpion: Jailhouse 41
8047,8185,2001.0,Final Fantasy Unlimited
8048,8186,1963.0,The Twilight Zone: Vol. 21
8049,8187,1999.0,SpongeBob SquarePants: The Seascape Capers
8050,8189,1996.0,Stealing Beauty
8051,8190,1960.0,Butterfield 8
8052,8191,1998.0,Horatio Hornblower
8053,8192,2001.0,All Over the Guy
8054,8193,2000.0,Pray for Power
8055,8194,2002.0,Madison
8056,8195,1998.0,Lust for Frankenstein
8057,8196,2004.0,Annahat
8058,8197,2004.0,Deadwood: Season 1
8059,8198,2002.0,Smothered
8060,8199,1985.0,The Purple Rose of Cairo
8061,8200,2000.0,The Right Temptation
8062,8201,2003.0,Final Examination
8063,8202,1999.0,The Last Marshal
8064,8203,1975.0,The Best of Baretta
8065,8204,1981.0,Das Boot
8066,8205,1996.0,Strip for Action
8067,8206,1995.0,All Things Fair
8068,8207,2001.0,Discovering Egypt
8069,8208,1949.0,The Red Pony
8070,8209,2004.0,Pablo Francisco: Bits and Pieces
8071,8210,2005.0,Constantine: Bonus Material
8072,8211,2004.0,Penn & Teller: Bullsh*t!: Season 2
8073,8212,1999.0,Contract Killer
8074,8213,2000.0,Gundam Wing
8075,8214,2004.0,Wing Chun: Fighting Art
8076,8215,1996.0,Spy Hard
8077,8216,2003.0,Dummy
8078,8217,1974.0,The Groove Tube
8079,8218,2000.0,Elton John: One Night Only: The Greatest Hits Live
8080,8219,1988.0,Clean and Sober
8081,8220,1930.0,Jack Benny Collection
8082,8221,1995.0,The Perez Family
8083,8222,1992.0,Pom Pom & Hot Hot
8084,8223,1995.0,Oingo Boingo: Farewell
8085,8224,2003.0,Dragon Ball Z: Fusion
8086,8225,1997.0,Full Alert
8087,8226,2000.0,Buffy the Vampire Slayer: Season 5
8088,8227,2004.0,Blue's Clues: Bluestock
8089,8228,2003.0,Please Twins
8090,8229,2003.0,Tenacious D: Complete Masterworks
8091,8230,2000.0,Life-Size
8092,8231,2002.0,Hop
8093,8232,1997.0,The Edge
8094,8233,1968.0,Destroy All Monsters
8095,8234,2003.0,Main Prem Ki Diwani Hoon
8096,8235,1991.0,Rumpole of the Bailey: Series 6
8097,8236,1951.0,Happy Go Lovely
8098,8237,2000.0,Weird Al Yankovic: Live!
8099,8238,1995.0,French Twist
8100,8239,1994.0,The Getaway
8101,8240,1954.0,Lassie: The 50th TV Anniversary Collector's Edition
8102,8241,1993.0,Sharpe 2: Sharpe's Eagle
8103,8242,1996.0,Dokken: One Live Night
8104,8243,1996.0,Eddie
8105,8244,1998.0,Desert Blue
8106,8245,1949.0,Under Capricorn
8107,8246,1958.0,South Pacific
8108,8247,1980.0,The First Deadly Sin
8109,8248,1969.0,Dark Shadows: Vol. 16
8110,8249,1984.0,Genesis Climber Mospeada
8111,8250,2001.0,The Order
8112,8251,1998.0,Nazca: Eternal Power
8113,8252,1982.0,Nature: Birds
8114,8253,1998.0,Brain Drain
8115,8254,1984.0,The Flamingo Kid
8116,8255,2002.0,West Point: The First 200 Years
8117,8256,2000.0,The Moody Blues: Hall of Fame: Live from the Royal Albert Hall
8118,8257,1998.0,Totally Confused
8119,8258,2002.0,National Lampoon's Van Wilder: Bonus Material
8120,8259,1994.0,On Deadly Ground
8121,8260,1957.0,Crime of Passion
8122,8261,2001.0,What Time is It There?
8123,8262,1994.0,Imaginary Crimes
8124,8263,2003.0,Frasier: The Final Season
8125,8264,1921.0,The Three Musketeers
8126,8265,1995.0,Frank and Ollie
8127,8266,2001.0,The Pornographer
8128,8267,1981.0,Do You Remember Dolly Bell?
8129,8268,2005.0,Muay Thai: Ultimate Fights
8130,8269,1997.0,Riverdance
8131,8270,1982.0,They Call Me Bruce?
8132,8271,2004.0,Edgeplay: A Film About the Runaways
8133,8272,1960.0,The Andy Griffith Show: Season 1
8134,8273,2001.0,Avalanche Alley
8135,8274,1930.0,Jean Cocteau's Orphic Trilogy
8136,8275,1991.0,The Doors: Bonus Material
8137,8276,2004.0,Hank Williams: Honky Tonk Blues
8138,8277,2000.0,The Road to El Dorado
8139,8278,1997.0,In the Flesh
8140,8279,1985.0,Carpenters: Gold: Greatest Hits
8141,8280,2000.0,South Park: The Chef Experience
8142,8281,1999.0,World Class Trains
8143,8282,1994.0,Babylon 5: Season 2
8144,8283,2003.0,Let It Rock: Vol. 1
8145,8284,1967.0,Gruesome Twosome
8146,8285,1970.0,Anand
8147,8286,2003.0,Warren Miller's: Storm
8148,8287,1993.0,Beethoven's 2nd
8149,8288,1997.0,Solomon: The Bible
8150,8289,1998.0,The X-Files: Season 6
8151,8290,1995.0,Truman
8152,8291,1992.0,Lady Dragon
8153,8292,2004.0,Star Wars: Clone Wars: Vol. 1
8154,8293,1955.0,Guys and Dolls
8155,8295,2003.0,Holes
8156,8296,1980.0,Metropolitan Opera: G. Puccini: Manon Lescaut
8157,8297,1996.0,Beyond Silence
8158,8298,2002.0,CKY3
8159,8299,1982.0,National Lampoon's Class Reunion
8160,8300,1978.0,The Tree of Wooden Clogs
8161,8301,2003.0,The Haunted Mansion
8162,8302,1982.0,Tenebre
8163,8303,1994.0,Pom Poko
8164,8304,1970.0,Duel
8165,8305,1997.0,In Praise of Older Women
8166,8306,1999.0,Blowin' Smoke
8167,8307,2000.0,Franklin and the Green Knight: The Movie
8168,8308,1947.0,Fun and Fancy Free
8169,8309,2000.0,Go Shogun: The Time Etranger
8170,8310,2003.0,P.S. Your Cat is Dead!
8171,8311,2004.0,Silver City
8172,8312,1995.0,Jury Duty
8173,8313,1977.0,The Many Adventures of Winnie the Pooh
8174,8314,1994.0,Red Shoe Diaries: Hotline
8175,8315,1989.0,Wicked City
8176,8316,1999.0,Drive Me Crazy
8177,8317,1997.0,Grosse Pointe Blank
8178,8318,1957.0,Forty Guns
8179,8319,1998.0,A True Mob Story
8180,8320,1995.0,Cold Comfort Farm
8181,8321,2003.0,Lone Wolf and Cub 2: Baby Cart at the River Styx
8182,8322,2003.0,Flesh for the Beast
8183,8323,2003.0,Death of a Dynasty
8184,8324,1996.0,The Bible Collection: Moses
8185,8325,1987.0,Throw Momma From the Train
8186,8326,1998.0,Jackie Chan's Who Am I
8187,8327,1975.0,One Flew Over the Cuckoo's Nest
8188,8328,2002.0,Dog Soldiers
8189,8329,1977.0,Airport '77 / The Concorde: Airport '79: Double Feature
8190,8330,2000.0,Trading Spaces: Viewer's Choice
8191,8331,1967.0,The Fearless Vampire Killers
8192,8332,1998.0,Young and Dangerous: The Prequel
8193,8333,2004.0,The Grudge
8194,8334,1997.0,Conspiracy Theory
8195,8335,1962.0,I Fidanzati
8196,8336,1987.0,Married... with Children: Season 2
8197,8337,1990.0,Quigley Down Under
8198,8339,2000.0,Where the Heart Is
8199,8340,1987.0,Rendez-vous
8200,8341,1988.0,Mr. North
8201,8342,1990.0,Shogun's Samurai
8202,8343,1999.0,Just a Little Harmless Sex
8203,8344,1976.0,The Man Who Fell to Earth
8204,8345,2002.0,Stone Reader
8205,8346,1964.0,What a Way to Go!
8206,8347,1997.0,As Time Goes By: Series 6
8207,8348,2004.0,Baby Einstein: Baby Noah
8208,8349,1977.0,Herbie Goes to Monte Carlo
8209,8350,1998.0,Stalker
8210,8351,1983.0,Kennedy
8211,8352,2002.0,The Mystic Masseur
8212,8353,1999.0,The Best of Film Noir
8213,8354,2003.0,Da Ali G Show: Season 1
8214,8355,2005.0,UFC 52: Ultimate Fighting Championship: Randy Couture vs. Chuck Liddell
8215,8356,2004.0,My Father and I
8216,8357,1995.0,The Bridges of Madison County
8217,8358,2002.0,All Around the Town
8218,8359,1985.0,A Polish Vampire in Burbank
8219,8360,1999.0,Parting Shots
8220,8361,1939.0,Gulliver's Travels
8221,8362,1991.0,Lee Rock
8222,8363,1982.0,Trail of the Pink Panther
8223,8364,1996.0,National Geographic: Inside American Power: The White House
8224,8365,2001.0,Laughing Out Loud: Vol. 5
8225,8366,1993.0,Deception
8226,8367,2005.0,Family Guy: Live in Las Vegas
8227,8368,1993.0,Wild Palms
8228,8369,1991.0,Ring of Fire: IMAX
8229,8370,1994.0,The Hudsucker Proxy
8230,8371,1985.0,Lust in the Dust
8231,8372,1987.0,Police Academy 4: Citizens on Patrol
8232,8373,1994.0,This Is Kung Fu
8233,8374,1995.0,Jane Doe
8234,8375,2003.0,Baberellas
8235,8376,2000.0,Unbreakable
8236,8377,1999.0,Felicia's Journey
8237,8378,2005.0,The Best Thief in the World
8238,8379,2001.0,Enemy at the Gates
8239,8380,2004.0,Beyond the Movie: Troy
8240,8381,1992.0,Tetsuo 2: Body Hammer
8241,8382,1934.0,The Thin Man
8242,8383,1997.0,Angels in the Endzone
8243,8384,2001.0,3000 Miles to Graceland
8244,8385,1999.0,Mistress Club
8245,8386,2002.0,The Alien Saga
8246,8387,2002.0,Minority Report
8247,8388,1984.0,The Cotton Club
8248,8389,2002.0,Russian Ark
8249,8390,1966.0,Surfin' Shorts
8250,8391,1969.0,Carol Channing and Pearl Bailey: On Broadway
8251,8392,2001.0,The American President
8252,8393,2004.0,Ladder 49
8253,8394,2001.0,Marilyn Manson: Birth of the Anti-Christ
8254,8395,1997.0,Faster Than Sound: Nova
8255,8396,1991.0,Surviving Desire
8256,8397,1967.0,Clambake
8257,8398,2003.0,5 Sides of a Coin
8258,8399,1999.0,B Monkey
8259,8400,2004.0,Kingdom Hospital: The Complete Series
8260,8401,1997.0,Teenage Catgirls in Heat
8261,8402,2003.0,The Young Visiters
8262,8403,2004.0,Bound by Lies
8263,8404,1996.0,Gulliver's Travels
8264,8405,1987.0,Down and Out in Beverly Hills
8265,8406,1991.0,Swordsman 2
8266,8407,1972.0,Raw Meat
8267,8408,2002.0,National Geographic: Super Croc
8268,8409,1987.0,The Pick-up Artist
8269,8411,2004.0,Eminem AKA
8270,8412,2004.0,Springtime in a Small Town
8271,8413,2003.0,Girl with a Pearl Earring
8272,8414,1952.0,Adventures of Superman: Season 1
8273,8415,1976.0,Land of the Lost: Season 3
8274,8416,1995.0,Weather Woman
8275,8417,2001.0,3 A.M.
8276,8418,1995.0,White Man's Burden
8277,8419,2001.0,Children of the Corn 7: Revelation
8278,8420,2004.0,Star Wars Animated Adventures: Droids
8279,8421,2002.0,Bear in the Big Blue House: Dance Party!
8280,8422,1998.0,Thomas & Friends: Cranky Bugs
8281,8423,2002.0,Pokemon 4Ever
8282,8424,1998.0,One Man's Hero
8283,8425,2000.0,Picking Up the Pieces
8284,8426,1981.0,The Dukes of Hazzard: Season 4
8285,8427,2001.0,Finder's Fee
8286,8428,2000.0,The Original Kings of Comedy
8287,8429,1991.0,Bill & Ted's Bogus Journey
8288,8430,1996.0,Gundam: The 08th MS Team: The Movie: Miller's Report
8289,8431,2001.0,The Wedding Video
8290,8432,1971.0,Get Carter
8291,8433,2000.0,The American Nightmare
8292,8434,2000.0,My 5 Wives
8293,8435,1998.0,Urban Ghost Story
8294,8436,2005.0,Classic Cartoon Favorites: Starring Mickey
8295,8437,1998.0,Soldier
8296,8438,1998.0,Friends: Season 5
8297,8439,2000.0,Shark Attack 2
8298,8440,1994.0,An Evening of Fourplay: Vols. 1 & 2
8299,8441,2003.0,Paul McCartney in Red Square
8300,8442,2004.0,UFC 44: Ultimate Fighting Championship: Only One Will Be Undisputed
8301,8443,2003.0,Shaman King
8302,8444,1998.0,Bauhaus: Gotham
8303,8445,2001.0,American Mullet
8304,8446,1989.0,Staying Together
8305,8447,2001.0,24: Season 1
8306,8448,2003.0,The Incredible Hulk
8307,8449,1999.0,Ratas Ratones Rateros
8308,8450,1981.0,Shakespeare Comedies: A Midsummer Night's Dream
8309,8451,1955.0,The Benny Goodman Story
8310,8452,1991.0,Roujin Z
8311,8453,1978.0,California Suite
8312,8454,1985.0,The Trip to Bountiful
8313,8455,1999.0,Fire Island
8314,8456,1999.0,Peter Frampton: Live in Detroit
8315,8457,2000.0,The Night Larry Kramer Kissed Me
8316,8458,1999.0,Burn the Floor
8317,8459,1996.0,America America
8318,8460,2000.0,Tom Green Show: Unscensored
8319,8461,1976.0,Starsky & Hutch: Season 2
8320,8462,1960.0,Les Bonnes Femmes
8321,8463,1981.0,The Postman Always Rings Twice
8322,8464,1973.0,The Asphyx
8323,8465,1992.0,Emmanuelle 6
8324,8466,1991.0,Love Field
8325,8467,1996.0,Eraser
8326,8468,2002.0,CSI: Season 3
8327,8469,1995.0,Living in Oblivion
8328,8470,1986.0,Jaws 3
8329,8471,1999.0,NetForce
8330,8472,2001.0,Snow in August
8331,8473,1936.0,Swing Time
8332,8474,1992.0,Emmanuelle 5
8333,8475,2004.0,Fida
8334,8476,1983.0,Amityville 3-D
8335,8477,1987.0,Project A-ko: Love and Robots
8336,8479,2001.0,Fighting for Love
8337,8480,1987.0,Dorothy L. Sayers Mysteries: Strong Poison
8338,8481,1965.0,Samurai Assassin
8339,8482,2004.0,Brian Wilson Presents Smile
8340,8483,2002.0,Showtime
8341,8484,2004.0,Incubus: Alive at Red Rocks
8342,8485,1983.0,Death Ride to Osaka
8343,8486,1994.0,The Wedding Gift
8344,8487,2005.0,Fugitive Hunter
8345,8488,2004.0,Winnie the Pooh: ABC's
8346,8489,2004.0,The Brown Bunny
8347,8490,1968.0,The Snow Maiden
8348,8491,2000.0,The Doorway
8349,8492,1999.0,Limbo
8350,8493,1979.0,The Rose
8351,8494,1960.0,Drive-In Discs Vol. 1
8352,8495,2002.0,Snipes
8353,8496,1983.0,Cheers: Season 2
8354,8497,1971.0,Support Your Local Gunfighter
8355,8498,1995.0,The Doom Generation
8356,8499,2003.0,Pride and Prejudice
8357,8500,2002.0,Egypt's Golden Empire
8358,8501,1964.0,Kashmir Ki Kali
8359,8502,1995.0,Nico Icon
8360,8503,1959.0,Human Condition II: The Road to Eternity
8361,8504,1976.0,Gator
8362,8505,1969.0,The Bridge at Remagen
8363,8506,2001.0,New York City Ballet Workout
8364,8507,1983.0,Sudden Impact
8365,8508,1965.0,The Battle of Algiers: Bonus Material 2
8366,8509,1999.0,What Your Eyes Don't See
8367,8510,2005.0,Double Dare
8368,8512,1999.0,The World Is Not Enough
8369,8513,2004.0,American Crime
8370,8514,2001.0,Fourplay
8371,8515,1986.0,Transformers: The Movie
8372,8516,1992.0,Mountain Gorilla: IMAX
8373,8517,1999.0,Cirque du Soleil: Quidam
8374,8518,1997.0,Air Bud
8375,8519,2000.0,At Home with the Braithwaites: Series 1
8376,8520,1987.0,Slave Girls From Beyond Infinity
8377,8521,2003.0,The Flower of Evil
8378,8522,1941.0,The Little Foxes
8379,8523,2003.0,Lockdown
8380,8524,2003.0,The Fog of War
8381,8525,2004.0,Fat Albert
8382,8526,1961.0,The Guns of Navarone
8383,8527,2005.0,The Wiggles: Wiggly Wiggly World
8384,8528,2003.0,American Aloha
8385,8529,2002.0,Showboy
8386,8530,1991.0,Only the Lonely
8387,8531,1986.0,Hoosiers
8388,8532,1983.0,Armored Trooper Votoms Stage 4: God Planet Quent
8389,8533,2000.0,The Lost Child
8390,8534,2002.0,Snow Queen
8391,8535,1990.0,The Simpsons: Season 2
8392,8536,1979.0,The Great Santini
8393,8537,2003.0,Vlad
8394,8538,2003.0,Chrono Crusade
8395,8539,1919.0,The Cabinet of Dr. Caligari
8396,8540,1975.0,Monty Python and the Holy Grail: Bonus Material
8397,8541,1964.0,Father Goose
8398,8542,1999.0,Whatever It Takes
8399,8543,1993.0,Mr. Nanny
8400,8544,2001.0,Crocodile Dundee in Los Angeles
8401,8545,2004.0,Metallica: Some Kind of Monster
8402,8546,1998.0,Algebra: Vol. 1: The Standard Deviants
8403,8547,1940.0,The Thief of Bagdad
8404,8548,2004.0,Try to Remember
8405,8549,1995.0,Heavyweights
8406,8550,1950.0,The George Burns & Gracie Allen Collection
8407,8551,1985.0,The Canterville Ghost
8408,8552,1983.0,Bad Boys
8409,8553,1999.0,Pokemon: Vol. 9: Fashion Victim
8410,8554,1996.0,Yes: Keys to Ascension
8411,8555,2005.0,The Crow: Wicked Prayer
8412,8556,1987.0,Sledge Hammer!: Season 2
8413,8558,1997.0,Dancehall Queen
8414,8559,2002.0,Neil Young & Crazy Horse: Rust Never Sleeps
8415,8560,1991.0,Perfect Harmony
8416,8561,1941.0,Adventures of Captain Marvel
8417,8562,1977.0,Which Way is Up?
8418,8563,1990.0,Teenage Mutant Ninja Turtles: The Movie
8419,8564,2005.0,Private Lives
8420,8565,1991.0,Blood Ties
8421,8566,2002.0,Merci Docteur Rey
8422,8567,2003.0,Gone But Not Forgotten
8423,8568,2000.0,Ordinary Decent Criminal
8424,8569,1994.0,Swimming with Sharks
8425,8570,1996.0,Suzanne Farrell: Elusive Muse
8426,8571,1997.0,The X-Files: Season 5
8427,8572,1942.0,Mrs. Miniver
8428,8573,2004.0,Egypt Uncovered
8429,8574,2002.0,The Fast Runner
8430,8575,2000.0,...And Then Came Summer
8431,8576,1999.0,Hollywood Musicals of the '40s
8432,8577,1978.0,The Water Babies
8433,8578,1986.0,Band of the Hand
8434,8579,1992.0,Dreaming About You
8435,8580,1999.0,Futurama: Vol. 4
8436,8581,1959.0,Ballad of a Soldier
8437,8582,2001.0,Big Shot's Funeral
8438,8583,1998.0,Everest: IMAX
8439,8584,2003.0,Shattered Glass
8440,8585,1979.0,Mad Max
8441,8586,1972.0,Jeremiah Johnson
8442,8587,2004.0,Devo Live
8443,8589,1997.0,She's So Lovely
8444,8590,2004.0,Sniper 3
8445,8591,1982.0,Fanny and Alexander (Theatrical Version)
8446,8592,2001.0,Revolution #9
8447,8593,2000.0,Mexico City
8448,8594,1999.0,The Artist: Rave UN2 the Year 2000
8449,8595,1998.0,Billy's Hollywood Screen Kiss
8450,8596,1995.0,Seven
8451,8597,2003.0,Zero Day
8452,8598,1992.0,Once Upon a Time in China 3
8453,8599,2004.0,Hilary Duff: Learning to Fly
8454,8600,2001.0,Dragon Ball: Mystical Adventure
8455,8601,1997.0,Rebirth of Mothra 1 & 2: Double Feature
8456,8602,1972.0,Kung Fu: Season 1
8457,8603,2002.0,The Emperor's Club
8458,8604,1963.0,Les Carabiniers
8459,8605,1958.0,The Old Man and the Sea
8460,8606,1998.0,Beavers: IMAX
8461,8607,2003.0,Shakira: Live and Off the Record
8462,8608,1963.0,X: The Man With The X-Ray Eyes
8463,8609,1982.0,Sweeney Todd: The Demon Barber of Fleet Street
8464,8610,2005.0,Disney Princess Party: Vol. 2: The Ultimate Princess Pajama Jam!
8465,8611,1999.0,Brown's Requiem
8466,8612,2002.0,No Such Thing
8467,8613,1959.0,Rio Bravo
8468,8614,2002.0,Hometown Legend
8469,8615,1989.0,City War
8470,8616,1996.0,Passion
8471,8617,1989.0,Red Scorpion
8472,8618,2001.0,Jay and Silent Bob Strike Back: Bonus Material
8473,8619,1985.0,Pee-Wee's Big Adventure
8474,8620,1959.0,Surf Crazy
8475,8621,1976.0,The Eagle Has Landed
8476,8622,1993.0,Inspector Morse 4: The  Wolvercote Tongue
8477,8623,1985.0,Volunteers
8478,8624,1997.0,VeggieTales Classics: Josh and the Big Wall!
8479,8625,2003.0,Totally Blonde
8480,8626,1955.0,Richard III
8481,8627,1982.0,The Evil Dead
8482,8628,1993.0,A Woman's Guide to Adultery
8483,8629,2002.0,Till Human Voices Wake Us
8484,8630,1985.0,Death Wish 3
8485,8631,2002.0,Getting There: Sweet 16 and Licensed to Drive
8486,8632,2000.0,Feng Shui
8487,8633,1991.0,Sometimes They Come Back / Sometimes They Come Back Again
8488,8634,1964.0,The Umbrellas of Cherbourg
8489,8635,2004.0,Mr. 3000
8490,8636,2003.0,Lara Croft: Tomb Raider: The Cradle of Life
8491,8637,2004.0,The Corporation
8492,8638,2000.0,Jason and the Argonauts
8493,8639,2005.0,Masters of the Casino: How to Conquer Online Poker
8494,8640,2003.0,Little House on the Prairie: The Pilot
8495,8641,1998.0,Hard Rain
8496,8642,2004.0,Sting: Moment of Truth
8497,8643,2004.0,Cube Zero
8498,8644,2002.0,Catch Me If You Can
8499,8645,2001.0,Beethoven's 4th
8500,8646,1994.0,Evolver
8501,8647,2000.0,Bruce Springsteen: Complete Video Anthology 1978-2000
8502,8648,1998.0,Cleopatra's Second Husband
8503,8649,1999.0,Dil Kya Kare
8504,8650,1986.0,My Little Pony: Season 1
8505,8651,1999.0,Analyze This
8506,8652,1980.0,The Changeling
8507,8653,1963.0,The Girl Who Knew Too Much
8508,8654,1984.0,Sherlock Holmes: The Hound of the Baskervilles
8509,8656,1993.0,Godzilla vs. Mechagodzilla II
8510,8657,2002.0,Bob Dylan: World Tour 1966: The Home Movies
8511,8658,2002.0,Grand Illusions: The Story of Magic
8512,8659,1934.0,Man of Aran
8513,8660,1997.0,Classic Albums: Fleetwood Mac: Rumours
8514,8661,2004.0,Franklin: Favorite Turtle Tales
8515,8662,1995.0,Titanica: IMAX
8516,8663,2004.0,Trois 3: The Escort
8517,8664,2001.0,The Blue Planet: Seas of Life: Ocean World - Frozen Seas
8518,8665,2001.0,The Seventh Stream
8519,8666,1940.0,The Great Dictator
8520,8667,1974.0,Planet of the Apes: The TV Series
8521,8668,1992.0,Carolina Skeletons
8522,8669,1996.0,Executive Decision
8523,8670,1999.0,Dragon Tales: Easy as 1-2-3
8524,8671,2004.0,Chrystal
8525,8672,2001.0,Red Shadow
8526,8673,2003.0,Open Range: Bonus Material
8527,8674,1962.0,The French Chef with Julia Child
8528,8675,1994.0,Eddie Izzard: Unrepeatable
8529,8676,1995.0,Saturday Night Live: The Best of Molly Shannon
8530,8677,1960.0,The Apartment
8531,8678,1998.0,Charmed: Season 1
8532,8679,1991.0,Necessary Roughness
8533,8680,2004.0,Miles Davis: Miles Electric: A Different Kind of Blue
8534,8681,1992.0,Rebels of the Neon God
8535,8682,1965.0,Thunderball
8536,8684,1996.0,Unlikely Angel
8537,8685,1956.0,Written on the Wind
8538,8686,1944.0,Return of the Vampire
8539,8687,2002.0,Star Wars: Episode II: Attack of the Clones
8540,8689,1981.0,Carbon Copy
8541,8691,1998.0,Dawson's Creek: Season 1
8542,8692,2004.0,Shania Twain: Up Close and Personal
8543,8693,1999.0,Roughnecks: The Starship Troopers Chronicles: The Tesca Campaign
8544,8694,1981.0,Love Story
8545,8695,2001.0,Mahoromatic: Automatic Maiden
8546,8696,2001.0,The Attic Expeditions
8547,8697,2002.0,King of Texas
8548,8698,1999.0,New York
8549,8699,1990.0,Mermaids
8550,8700,1980.0,Hopscotch
8551,8701,1997.0,Hostile Waters
8552,8702,1998.0,Physics Power: Learning Physics: The Standard Deviants
8553,8703,2004.0,Margaret Cho: Revolution
8554,8704,2000.0,Marcello Mastroianni: I Remember
8555,8705,1999.0,Between Your Legs
8556,8706,1969.0,Mark of the Devil
8557,8707,2003.0,Dave Matthews Band: The Central Park Concert
8558,8708,1940.0,The Bank Dick
8559,8709,1993.0,Mr. Wonderful
8560,8710,2003.0,Cheerleader Massacre
8561,8711,2003.0,Lucky Seven
8562,8712,1954.0,Vera Cruz
8563,8713,1976.0,The Best of Charlie's Angels
8564,8714,2004.0,Cracking the Da Vinci Code
8565,8715,1999.0,Tiger Claws III: The Final Conflict
8566,8716,1990.0,Chattahoochee
8567,8717,1963.0,From Russia With Love
8568,8718,1997.0,Dead Silence
8569,8719,2003.0,Pink Floyd: The Dark Side of the Moon
8570,8720,1998.0,Hit Me
8571,8721,2002.0,Second String
8572,8722,1983.0,Rumble Fish
8573,8723,1986.0,My Little Pony and Friends: The End of Flutter Valley
8574,8724,2001.0,Cartoon Crack-Ups
8575,8725,2002.0,Pipe Dream
8576,8726,1994.0,The Discoverers: IMAX
8577,8727,1981.0,Quartet
8578,8728,2001.0,O
8579,8729,1991.0,Bingo
8580,8730,1985.0,Only Fools and Horses: Series 4-5 (Plus Specials)
8581,8731,1981.0,Andy Kaufman: The Midnight Special
8582,8732,1984.0,Camila
8583,8734,1992.0,Dark Harvest
8584,8735,1969.0,The Over-the-Hill Gang
8585,8736,1990.0,Tie Me Up! Tie Me Down!
8586,8737,1956.0,Jean Renoir: French Cancan
8587,8738,1990.0,Grover Washington Jr.: Standing Room Only
8588,8739,2002.0,Rolie Polie Olie: The Great Defender of Fun
8589,8740,1985.0,Things Change
8590,8741,2001.0,The North Face Expeditions: Madagascar and Great Trango Tower
8591,8742,2005.0,Swimming Upstream
8592,8743,2002.0,Ice Age
8593,8744,1971.0,Monty Python's And Now for Something Completely Different
8594,8745,1989.0,Around the World in 80 Days
8595,8746,1973.0,The Girl Most Likely To ...
8596,8747,2001.0,ECW: Hardcore History
8597,8748,2004.0,"Morrissey: Who Put the ""M"" in Manchester"
8598,8749,1993.0,Wesley's Mysterious Files
8599,8750,2002.0,Nightstalker
8600,8751,1999.0,Venus Beauty Institute
8601,8752,1996.0,Muppet Treasure Island
8602,8753,1992.0,Strictly Ballroom
8603,8754,1997.0,Soul Food
8604,8755,1982.0,Agatha Christie's Evil Under the Sun
8605,8756,2001.0,Second Sight: Series 2
8606,8757,1968.0,Danger: Diabolik
8607,8758,2000.0,Two Family House
8608,8759,1975.0,Sholay
8609,8760,2005.0,Into the West
8610,8761,1995.0,She Fought Alone
8611,8762,1994.0,Escape from Afghanistan
8612,8763,1989.0,The Venus Wars
8613,8764,1996.0,Happy Gilmore
8614,8765,1990.0,Dream On: Seasons 1 & 2
8615,8766,1968.0,The Brotherhood
8616,8767,2001.0,Cruel Intentions 2
8617,8768,2000.0,Always a Bridesmaid
8618,8769,2003.0,100 Years of the World Series
8619,8770,1998.0,Cadfael: The Holy Thief
8620,8771,2004.0,The Lion King 1 1/2: Bonus Material
8621,8772,2004.0,Hustle
8622,8773,1993.0,Shadowlands
8623,8774,2001.0,South Park: Insults to Injuries
8624,8775,2003.0,Thicker Than Water
8625,8776,1999.0,The Pact
8626,8777,2003.0,LeapFrog: Talking Words Factory
8627,8778,1964.0,Band of Outsiders
8628,8779,2002.0,Mr. and Mrs. Iyer
8629,8780,2002.0,Borstal Boy
8630,8781,1998.0,Quest for Camelot
8631,8782,2001.0,The Royal Tenenbaums
8632,8783,2000.0,Cheating Las Vegas
8633,8784,1991.0,The Fisher King
8634,8785,1981.0,Christiane F.: A True Story
8635,8786,2002.0,Civil War Life: Left for Dead
8636,8787,2000.0,Oliver Stone Presents: Bang Rajan
8637,8788,2003.0,The Spiritual Guide to Weight Loss
8638,8789,1987.0,Medea
8639,8790,1929.0,Man with the Movie Camera
8640,8791,2005.0,Ghost Talker's Daydream
8641,8792,2001.0,Undergrads: Freshman Season
8642,8793,1978.0,Eyes of Laura Mars
8643,8794,1996.0,Caught
8644,8795,1989.0,The Unbelievable Truth
8645,8796,2004.0,Grand Sons
8646,8797,1985.0,Rustler's Rhapsody
8647,8798,1970.0,Trader Hornee
8648,8799,1967.0,Branded to Kill
8649,8800,2003.0,Prehistoric America: A Journey Through the Ice Age and Beyond
8650,8801,2002.0,Tipping the Velvet
8651,8802,2004.0,Dil Ne Jise Apna Kahaa
8652,8803,1991.0,Barton Fink
8653,8804,2002.0,DIO: Evil or Divine
8654,8805,1953.0,Pickup on South Street
8655,8807,2004.0,The Snurks
8656,8808,2001.0,Brotherhood of the Wolf
8657,8809,2002.0,Star Trek: Nemesis
8658,8810,2002.0,Hope Ranch
8659,8811,2003.0,Rites of Passage
8660,8813,1980.0,Grown Ups
8661,8814,2003.0,Las Vegas: Season 1
8662,8815,1992.0,Chaplin: The Movie
8663,8816,1990.0,Daddy's Dyin' ... Who's Got the Will?
8664,8817,1999.0,Simon Sez
8665,8818,1986.0,Hannah and Her Sisters
8666,8819,2003.0,Recess: All Growed Down
8667,8820,2004.0,That's So Raven: Disguise the Limit
8668,8821,1915.0,The Birth of a Nation
8669,8822,2003.0,Sesame Street: Elmo's World: Great Outdoors
8670,8823,1983.0,Copper Mountain
8671,8825,1992.0,Mad About You: Season 1
8672,8826,1996.0,The Truth About Cats & Dogs
8673,8827,1998.0,Little Voice
8674,8828,1971.0,Un Flic
8675,8829,1964.0,Kwaidan
8676,8830,1997.0,187
8677,8831,2005.0,Tracey Ullman: Live and Exposed
8678,8832,1941.0,Citizen Kane
8679,8833,1922.0,Foolish Wives / The Man You Loved to Hate: Double Feature
8680,8834,1986.0,Sonny Rollins: Saxophone Colossus
8681,8835,2004.0,Ike: Countdown to D-Day
8682,8836,2004.0,Godsmack: Changes
8683,8837,1997.0,Cube
8684,8838,1999.0,Daddy Who?
8685,8839,1990.0,House Party
8686,8840,1996.0,A Time to Kill
8687,8841,2005.0,Bruce Springsteen: VH1 Storytellers
8688,8842,1999.0,Walking with Dinosaurs: Bonus Material
8689,8843,1969.0,Mississippi Mermaid
8690,8844,2003.0,Penn & Teller's Magic and Mystery Tour
8691,8845,2001.0,Liam
8692,8846,1999.0,Election
8693,8847,1946.0,Black Angel
8694,8848,1994.0,Once Were Warriors
8695,8849,1997.0,Kama Sutra: A Tale of Love
8696,8850,2000.0,Dr. Alien
8697,8851,1998.0,Rounders
8698,8852,1999.0,Sarah McLachlan: Mirrorball
8699,8853,2000.0,Held Up
8700,8854,1989.0,Loverboy
8701,8855,1996.0,The Best of The Steve Harvey Show
8702,8856,1980.0,Squeeze Play
8703,8857,1989.0,Troop Beverly Hills
8704,8859,1992.0,The Gun in Betty Lou's Handbag
8705,8860,1984.0,The Adventures of Sherlock Holmes
8706,8861,1960.0,Elmer Gantry
8707,8862,1939.0,Roy Rogers Collection: Vol. 1
8708,8863,1993.0,The Cemetery Club
8709,8864,1939.0,Intermezzo
8710,8865,1934.0,Shirley Temple: Little Miss Marker
8711,8866,2003.0,Tehzeeb
8712,8867,1993.0,The Tommyknockers
8713,8868,1977.0,Soap: Season 1
8714,8869,1960.0,The Twilight Zone: Vol. 34
8715,8870,1982.0,The Border
8716,8872,1997.0,In & Out
8717,8874,1981.0,Ticket to Heaven
8718,8875,1991.0,Dan Fogelberg: Live: Greetings from the West
8719,8876,2002.0,WWE: Rebellion 2002
8720,8877,1986.0,My Beautiful Laundrette
8721,8878,2004.0,Broken Wings
8722,8879,1973.0,Frank Sinatra: Ol' Blue Eyes Is Back
8723,8880,1992.0,Belle Epoque
8724,8881,1987.0,RoboCop
8725,8882,2001.0,Proximity
8726,8883,1973.0,Serpico
8727,8884,2002.0,Crush
8728,8885,1993.0,Sailor Moon R: The Promise of the Rose
8729,8886,2003.0,Bonjour Monsieur Shlomi
8730,8887,2005.0,Baby Einstein: Baby Wordsworth: First Words / Around the House
8731,8888,1997.0,Lewis & Clark & George
8732,8890,1936.0,Fury
8733,8891,1995.0,Tokyo Fist
8734,8892,2004.0,Kim Possible: Villain Files
8735,8893,1997.0,Berserk
8736,8894,1988.0,Cane Toads: An Unnatural History
8737,8895,2005.0,Mondovino
8738,8896,2002.0,Bollywood / Hollywood
8739,8897,1999.0,Friends & Lovers
8740,8898,1991.0,Soapdish
8741,8900,2000.0,Directors: Steven Spielberg
8742,8901,1990.0,The Bonfire of the Vanities
8743,8902,1958.0,Cowboy
8744,8903,1998.0,Babe: Pig in the City
8745,8904,1997.0,Good Will Hunting
8746,8905,2001.0,Knight Hunters
8747,8906,1995.0,Without Evidence
8748,8907,1989.0,Romero
8749,8910,1947.0,Lured
8750,8912,1975.0,Lord Peter Wimsey: Five Red Herrings
8751,8913,1999.0,Tom Petty and the Heartbreakers: High Grass Dogs: Live
8752,8914,1978.0,Comes a Horseman
8753,8915,1991.0,Terminator 2: Extreme Edition
8754,8916,1984.0,Beat Street
8755,8917,1972.0,Night Call Nurses
8756,8918,2004.0,Out of Reach
8757,8919,1999.0,Cardcaptor Sakura
8758,8920,1988.0,Tapeheads
8759,8921,2004.0,Steve-O: Gross Misconduct
8760,8922,2003.0,A Family Affair
8761,8923,1952.0,Jack & the Beanstalk
8762,8924,2002.0,Long Time Dead
8763,8925,1948.0,The Treasure of the Sierra Madre: Bonus Material
8764,8926,1975.0,Alice Cooper: Welcome to My Nightmare
8765,8927,2000.0,Twelve Nights
8766,8928,2002.0,Snow Dogs
8767,8929,2003.0,Winsor McCay: The Master Edition
8768,8930,1995.0,Canadian Bacon
8769,8931,1998.0,Nautilus
8770,8932,1949.0,Tokyo Joe
8771,8933,1952.0,Ikiru: Bonus Material
8772,8934,2003.0,Johnny Cash: Hurt: A Film by Mark Romanek
8773,8935,1992.0,A Touch of Frost: Season 1
8774,8936,1997.0,Bram Stoker's The Mummy
8775,8937,2001.0,Maya
8776,8938,1994.0,Exotica
8777,8939,1990.0,A Show of Force
8778,8940,2000.0,Felicity: Season 3
8779,8941,1986.0,Dio: Sacred Heart
8780,8942,2004.0,Species III
8781,8943,1993.0,Inspector Morse 7: Last Bus to Woodstock
8782,8944,2005.0,Disney Princess Sing-Along Songs: Enchanted Tea Party
8783,8945,1991.0,Once Upon a Time in China
8784,8946,1987.0,Blind Chance
8785,8947,2001.0,Deep Purple: Perihelion
8786,8948,1997.0,Slayers: Premium
8787,8949,1970.0,The Wizard of Gore
8788,8950,1936.0,King of the Pecos
8789,8951,1959.0,Floating Weeds
8790,8952,2001.0,Soulkeeper
8791,8953,2003.0,MTV Video Music Awards Collection: Rock
8792,8954,2002.0,The Rookie
8793,8955,1997.0,Twilight of the Dark Master
8794,8956,2003.0,Sheryl Crow: C'mon America 2003
8795,8957,1955.0,Battle Cry
8796,8958,2004.0,Bill Engvall: Here's Your Sign
8797,8959,2003.0,WWE: Bad Blood 2003
8798,8960,1989.0,Crimes and Misdemeanors
8799,8961,1966.0,Andrei Rublev
8800,8962,2001.0,Heaven: Our Eternal Home
8801,8963,2004.0,The Last King
8802,8964,2003.0,Trailer Park Boys: Season 4
8803,8966,2003.0,Pieces of April
8804,8967,1978.0,Dead Kennedys: The Early Years Live
8805,8968,1975.0,A Dog of Flanders
8806,8969,2000.0,The Sid Caesar Collection: Creating the Comedy
8807,8970,2003.0,Little House on the Prairie: As Long as We Are Together
8808,8971,1975.0,"Hill ""Halfon"" Doesn't Answer"
8809,8972,2000.0,The Photographer
8810,8973,2004.0,The Spartans
8811,8974,1999.0,The Legend of Black Heaven
8812,8975,1997.0,Dragon Ball Z: Vol. 2: The Saiyans
8813,8976,1950.0,Harvey
8814,8977,1955.0,The Ladykillers
8815,8978,2000.0,Choke
8816,8979,1992.0,AC/DC: Live at Donington
8817,8980,1950.0,Cheaper by the Dozen
8818,8981,2000.0,The Nutty Professor II: The Klumps
8819,8982,2003.0,Scooby-Doo and the Legend of the Vampire
8820,8983,1980.0,City of Women
8821,8984,1956.0,And God Created Woman
8822,8985,1995.0,Houseguest
8823,8986,2004.0,Garfield as Himself
8824,8987,1999.0,Universal Soldier: The Return
8825,8988,1960.0,Frank Sinatra Show: Welcome Home Elvis
8826,8989,2001.0,Save the Last Dance
8827,8990,1976.0,Black and White in Color
8828,8991,1965.0,Tokyo Olympiad
8829,8992,1995.0,The Cinder Path
8830,8993,2005.0,Family Guy Presents: Stewie Griffin: The Untold Story
8831,8994,2004.0,A Fond Kiss
8832,8995,1999.0,Getting Personal
8833,8996,2004.0,10 Tokyo Warriors
8834,8997,1992.0,Mystery Science Theater 3000: Teenagers from Outer Space
8835,8998,1962.0,The Twilight Zone: Vol. 40
8836,8999,2001.0,Solo Mia
8837,9000,1996.0,Homeward Bound 2: Lost in San Francisco
8838,9001,1915.0,Chaplin's Essanay Comedies: Vol. 3
8839,9002,1998.0,Nostradamus: A Voice from the Past
8840,9003,1980.0,Private Benjamin
8841,9004,2003.0,Speedo: POV
8842,9005,1987.0,The Principal
8843,9006,2004.0,R.E.M.: Perfect Square
8844,9007,2003.0,Endgame
8845,9008,1969.0,The Reivers
8846,9009,1981.0,Danger Mouse: Seasons 1 & 2
8847,9010,1994.0,Nightfighters: The True Story of the 332nd Fighter Group -- The Tuskegee Airmen
8848,9011,1997.0,Under the Lighthouse Dancing
8849,9012,2004.0,Dora the Explorer: Dora's Fairytale Adventure
8850,9013,2000.0,Roughnecks: The Starship Troopers Chronicles: The Tophet Campaign
8851,9014,1939.0,Stagecoach
8852,9015,2004.0,Cruel Intentions 3
8853,9016,1997.0,The Man I Love
8854,9017,1945.0,Blood on the Sun
8855,9018,1973.0,The Iceman Cometh
8856,9019,1993.0,The Ballad of Little Jo
8857,9020,1999.0,Storm Catcher
8858,9021,2000.0,La Ley De Herodes
8859,9022,2003.0,Not on the Lips
8860,9023,1997.0,Oz: Season 1
8861,9024,1998.0,Shadrach
8862,9025,1993.0,City Hunter
8863,9026,1968.0,A Midsummer Night's Dream
8864,9027,1986.0,Poltergeist II / Poltergeist III: Double Feature
8865,9028,1992.0,Jersey Girl
8866,9029,1997.0,Nil by Mouth
8867,9030,1987.0,The Flaming Brothers
8868,9031,1944.0,Wing and a Prayer
8869,9032,1985.0,Brewster's Millions
8870,9033,2003.0,Passionada
8871,9034,1951.0,Early Summer
8872,9035,1999.0,Forever Mine
8873,9036,2003.0,Dead End
8874,9037,1970.0,Love Story
8875,9038,2004.0,UFC 45: Ultimate Fighting Championship: Revolution
8876,9039,2004.0,The Boston Red Sox: 2004 World Series Collector's Edition
8877,9040,1999.0,The Sixth Sense: Bonus Material
8878,9041,1957.0,Gunfight at the O.K. Corral
8879,9042,1957.0,Paths of Glory
8880,9043,1981.0,Arthur
8881,9044,2002.0,Fidel
8882,9045,1987.0,Howling 3: The Marsupials
8883,9046,1990.0,Dances With Wolves: Special Edition: Bonus Material
8884,9047,2002.0,Manor House
8885,9048,2003.0,Capturing the Friedmans
8886,9049,1997.0,Boogie Nights
8887,9050,2002.0,The Job
8888,9051,1980.0,Caddyshack
8889,9052,2001.0,Dave Matthews Band: The Videos: 1994-2001
8890,9053,2001.0,The Item
8891,9054,2004.0,The Flight of the Phoenix
8892,9055,2001.0,Follow That Bird
8893,9056,1985.0,Into the Night
8894,9057,1999.0,The Brutal Truth
8895,9058,1980.0,Bronco Billy
8896,9059,1994.0,A Troll in Central Park
8897,9060,1976.0,The Killer Meteors
8898,9061,1948.0,Rope
8899,9062,1991.0,Madonna: Truth or Dare
8900,9063,2004.0,Shura no Toki
8901,9064,1997.0,Colors Straight Up
8902,9065,1996.0,Sunset Park
8903,9066,1979.0,Meteor
8904,9067,1994.0,God of Gamblers Return
8905,9068,1985.0,Sylvester
8906,9069,2004.0,It's Alive 2: It Lives Again / It's Alive 3: Island of the Alive
8907,9070,1992.0,Memoirs of an Invisible Man
8908,9071,2003.0,Have You Heard: Jim Croce Live
8909,9072,1997.0,Fierce Creatures
8910,9073,2002.0,Dawg
8911,9074,1986.0,Heartbreak Ridge
8912,9076,1954.0,Samurai Trilogy 1: Musashi Miyamoto
8913,9077,2003.0,Live Forever
8914,9078,2003.0,Wheel of Time
8915,9079,2004.0,Shiner
8916,9080,2000.0,Autumn in New York
8917,9081,1984.0,Sunday in the Country
8918,9082,1973.0,The Last of Sheila
8919,9083,1967.0,Ram Aur Shyam
8920,9084,2000.0,MTV Unplugged: Mana
8921,9085,1999.0,My Sweet Suicide
8922,9086,1993.0,Bare Exposure
8923,9087,1992.0,Hero
8924,9088,2004.0,Tony Hawk's Secret Skatepark Tour
8925,9089,1975.0,The Apple Dumpling Gang
8926,9090,2001.0,Trouble Every Day
8927,9091,1967.0,At Last the 1948 Show
8928,9092,1994.0,Miracle on 34th Street
8929,9093,2004.0,Serial Killing 101
8930,9094,2002.0,Maryam
8931,9095,1997.0,In the Company of Men
8932,9096,2001.0,Thomas in Love
8933,9097,1986.0,Gung Ho
8934,9098,1988.0,A Cry in the Dark
8935,9099,1988.0,Storm Chasers
8936,9100,1983.0,Les Comperes
8937,9101,1991.0,Northern Exposure: Season 3
8938,9102,1989.0,Kiki's Delivery Service: Bonus Material
8939,9103,1914.0,Tillie's Punctured Romance
8940,9104,2001.0,Echo and the Bunnymen: Live in Liverpool
8941,9105,2005.0,A Slice of Terror
8942,9107,1993.0,Handel: The Messiah: Choir of King's College
8943,9108,2002.0,Love Liza
8944,9109,1988.0,Cocoon: The Return
8945,9110,1998.0,The Horse Whisperer
8946,9111,1997.0,Kiss the Girls
8947,9112,1999.0,The Corruptor
8948,9113,1979.0,A Little Romance
8949,9114,2003.0,Killer Flood: The Day the Dam Broke
8950,9115,1934.0,Laurel & Hardy: March of the Wooden Soldiers
8951,9116,1994.0,With Honors
8952,9117,1997.0,Virasat
8953,9118,2004.0,Pokemon: Journey to the Johto League Champion: Vol. 7: Journey's End
8954,9119,1972.0,The Sorrow and the Pity
8955,9120,1963.0,The Sword in the Stone
8956,9121,1954.0,Apache
8957,9122,1933.0,Counsellor at Law
8958,9123,2004.0,Eight Clouds Rising
8959,9124,1996.0,Underworld
8960,9125,2001.0,Hearts in Atlantis
8961,9126,2002.0,Sabretooth
8962,9127,2004.0,VeggieTales: An Easter Carol
8963,9128,1965.0,Lost in Space: Season 1
8964,9129,2005.0,The Boys and Girl from County Clare
8965,9130,1990.0,A Chinese Ghost Story 2
8966,9131,1990.0,Air America
8967,9132,1991.0,L.A. Story
8968,9133,1997.0,Sharpe 14: Sharpe's Waterloo
8969,9134,2004.0,A Day Without a Mexican
8970,9135,1988.0,Rumpole of the Bailey: Series 5
8971,9136,2001.0,Charlotte Gray
8972,9137,1999.0,Lured Innocence
8973,9138,1999.0,The White River Kid
8974,9139,2002.0,Standing in the Shadows of Motown: Bonus Material
8975,9140,2003.0,Shredder
8976,9141,2002.0,Full Metal Panic!
8977,9142,1988.0,Saturday the 14th Strikes Back
8978,9143,1998.0,Queen Emeraldas
8979,9144,1974.0,Gone in 60 Seconds
8980,9145,2005.0,Alicia Keys: Unplugged
8981,9146,1998.0,The Rugrats Movie
8982,9147,1986.0,The Care Bears Movie II: A New Generation
8983,9148,1991.0,A Night at the Opera
8984,9149,2000.0,Ping!
8985,9150,2003.0,CSI: Miami: Season 2
8986,9151,2002.0,Wishcraft
8987,9152,1990.0,Fire Birds
8988,9153,2003.0,Slaves of the Realm
8989,9154,1984.0,Sheena
8990,9155,2002.0,A Charlie Brown Valentine
8991,9156,2002.0,Dragonfly
8992,9157,1998.0,Fear Faith Revenge 303
8993,9158,1994.0,Smashing Pumpkins: Vieuphoria
8994,9159,2000.0,Crest of the Stars
8995,9160,2002.0,Treasure Planet
8996,9161,1997.0,Animation Greats
8997,9162,1991.0,K.D. Lang: Harvest of Seven Years -- Cropped & Chronicled
8998,9163,1977.0,Hum Kisise Kum Nahim
8999,9164,2004.0,Pimp My Ride: Season 1
9000,9165,2002.0,Yu-Gi-Oh!: Season 2
9001,9166,1997.0,Cheap Trick: Live in Australia
9002,9167,1998.0,Major Saab
9003,9168,1999.0,Hot Boyz
9004,9169,1966.0,A Funny Thing Happened on the Way to the Forum
9005,9170,2001.0,Ghost World
9006,9171,1943.0,Val Lewton: I Walked with a Zombie / The Body Snatcher
9007,9172,1996.0,Idiot Box
9008,9173,2003.0,Midsomer Murders: Birds of Prey
9009,9174,1961.0,Rocky & Bullwinkle & Friends: Season 1
9010,9175,1976.0,The Shootist
9011,9176,2001.0,Age of E
9012,9177,2002.0,Spider-Man: Bonus Material
9013,9178,1979.0,Hardcore
9014,9179,1962.0,Combat! Season 1: Campaign 2
9015,9180,2002.0,Miranda
9016,9181,1992.0,Khiladi
9017,9182,2001.0,The Young and the Dead
9018,9183,1994.0,Shopping
9019,9184,1987.0,Karajan: Mozart: Don Giovanni
9020,9185,2002.0,Dead Heat
9021,9186,2004.0,Hittin' It!
9022,9187,2004.0,Sacred Planet
9023,9188,1988.0,Cocktail
9024,9189,1995.0,Crimson Tide
9025,9190,2000.0,The Crossing
9026,9191,1972.0,Lone Wolf and Cub: Baby Cart in Peril
9027,9192,1964.0,Gilligan's Island: Season 1
9028,9193,1992.0,George Carlin: Doin' It Again
9029,9194,2002.0,Deadly Outlaw: Rekka
9030,9195,1999.0,Bjork: All Is Full of Love
9031,9196,2005.0,Truman Capote: The Tiny Terror
9032,9197,2004.0,D.E.B.S.
9033,9198,1985.0,Another Country
9034,9199,1974.0,Bring Me the Head of Alfredo Garcia
9035,9200,2000.0,Masters of Russian Animation #2
9036,9201,1996.0,Sabrina: The Teenage Witch
9037,9202,1963.0,It Happened at the World's Fair
9038,9203,2000.0,Waiting for the Messiah
9039,9204,1990.0,Young Guns II
9040,9205,1989.0,Turner and Hooch
9041,9206,1948.0,Laurence Olivier's Hamlet
9042,9207,1979.0,The Brood
9043,9208,1985.0,Pale Rider
9044,9209,2002.0,2000 Years of Christianity
9045,9210,2002.0,Beijing Bicycle
9046,9211,1995.0,Blue Juice
9047,9212,1994.0,Sailor Moon S
9048,9213,1999.0,Fidelio: Beethoven: Royal Opera House
9049,9214,1988.0,Massage Your Mate
9050,9215,1985.0,Moving Violations
9051,9216,1996.0,Tieta of Agreste
9052,9217,1981.0,Cheech & Chong's Nice Dreams
9053,9218,1986.0,Lady Jane
9054,9219,2004.0,Full Clip
9055,9220,2004.0,Kangaroo Jack: G'Day USA
9056,9221,2004.0,Kylie Minogue: Body Language Live
9057,9222,1996.0,Dear God
9058,9223,1974.0,Foxy Brown
9059,9224,1999.0,The Best Man
9060,9225,2003.0,The Whole Shebang
9061,9226,1997.0,The Winter Guest
9062,9227,1989.0,The Church
9063,9228,1972.0,Sleuth
9064,9229,1988.0,Colors
9065,9230,1983.0,Max Dugan Returns
9066,9231,2003.0,Love Me If You Dare
9067,9232,2003.0,Boat Trip
9068,9233,1986.0,Black Moon Rising
9069,9234,1998.0,Mighty Joe Young
9070,9235,1997.0,G.I. Jane
9071,9236,1998.0,South Park: Season 2
9072,9237,1990.0,The Witches
9073,9238,2003.0,The Heart of Me
9074,9239,1979.0,The Lady in Red
9075,9240,1990.0,Pacific Heights
9076,9241,2000.0,Before Night Falls
9077,9242,1999.0,All About My Mother
9078,9243,1991.0,Days of Being Wild
9079,9244,2000.0,The Criminal
9080,9245,2002.0,Infested
9081,9246,1993.0,Lois & Clark: The New Adventures of Superman: Season 1
9082,9247,2003.0,Rammstein: Lichtspielhaus
9083,9248,1992.0,Grand Tour: Disaster in Time
9084,9249,2000.0,Fox: The Blockbuster Years
9085,9250,2005.0,Kakurenbo: Hide & Seek
9086,9251,1991.0,Boys' Shorts: The New Queer Cinema
9087,9252,2004.0,Jancis Robinson's Wine Course
9088,9253,1921.0,Destiny
9089,9254,1985.0,The Goonies
9090,9255,2002.0,Inner Senses
9091,9256,1994.0,Tom & Viv
9092,9257,2002.0,It Was a Wonderful Life
9093,9258,1938.0,Laurel & Hardy & Friends
9094,9259,1973.0,Kojak: Season 1
9095,9260,1997.0,Mystery Science Theater 3000: Timechasers
9096,9261,2002.0,Magic of Fellini
9097,9262,1993.0,Life with Mikey
9098,9263,2003.0,Morlang
9099,9264,1999.0,Love and Action in Chicago
9100,9265,1992.0,Batman Returns
9101,9266,2000.0,Atomic Journeys: Welcome to Ground Zero
9102,9267,1990.0,Tune in Tomorrow
9103,9268,1999.0,I'm Still Here . . . Damn It!
9104,9269,2001.0,Stiletto Dance
9105,9270,1998.0,Still Crazy
9106,9271,1993.0,Man's Best Friend
9107,9272,1988.0,The Good Mother
9108,9273,2004.0,Evil Remains
9109,9274,2002.0,The Dead Zone: Season 1
9110,9275,2004.0,Coast to Coast
9111,9276,2002.0,The Grey Zone
9112,9277,1953.0,The Master of Ballantrae
9113,9278,1998.0,Wicked
9114,9279,2001.0,Sexy Beast
9115,9280,2004.0,Teacher's Pet
9116,9281,1961.0,The Illiterate One
9117,9282,2005.0,WWE: The Best of Intercontinental Championship Matches
9118,9283,2003.0,Cedric the Entertainer: Starting Lineup 2
9119,9284,1988.0,Virgin Machine
9120,9285,2001.0,Rugrats: Decade in Diapers
9121,9286,2005.0,WWE: Backlash 2005
9122,9287,1978.0,The Giallo Collection: The Bloodstained Shadow
9123,9288,1995.0,Sudden Death
9124,9289,2003.0,The Five Obstructions
9125,9290,2000.0,Pavilion of Women
9126,9291,1975.0,Hester Street
9127,9292,2004.0,One Tree Hill: Season 2
9128,9293,1960.0,Harold and the Purple Crayon
9129,9294,1972.0,The Mechanic
9130,9295,1983.0,The Year of Living Dangerously
9131,9296,2001.0,Samurai Jack
9132,9297,1998.0,Magic User's Club
9133,9298,1996.0,From Dusk Till Dawn
9134,9299,1983.0,Armored Trooper Votoms Stage 1: Uoodo City
9135,9300,2000.0,Straightman
9136,9301,1934.0,Here Comes Cookie / Love in Bloom / Six of a Kind: Triple Feature
9137,9302,1982.0,Violence in a Women's Prison
9138,9303,1956.0,Bus Stop
9139,9304,1998.0,Phantasm IV: Oblivion
9140,9305,1969.0,Colonel Wolodyjowski
9141,9306,1995.0,S.F.W.
9142,9307,1979.0,Gol Maal
9143,9308,1995.0,Rumpelstiltskin
9144,9309,1998.0,Twilight
9145,9310,1972.0,The Candidate
9146,9311,1955.0,The Sea Chase
9147,9312,1990.0,Gunsmoke: The Last Apache
9148,9313,2000.0,The Elite
9149,9314,1960.0,Village of the Damned / Children of the Damned
9150,9315,1997.0,Knocking On Death's Door
9151,9316,1999.0,Just Looking
9152,9317,1999.0,Spring Forward
9153,9318,1979.0,The Real Bruce Lee
9154,9319,2000.0,Son of the Beach: Vol. 1
9155,9320,1994.0,Iron Will
9156,9321,1999.0,Battle Athletes Victory: Vol. 8: The Human Race!
9157,9322,1979.0,Doctor Who: The Armageddon Factor
9158,9323,1993.0,The Adventures of Huck Finn
9159,9324,1999.0,The Mrs. Bradley Mysteries
9160,9325,2003.0,National Geographic: 21 Days to Baghdad
9161,9326,2003.0,Queer as Folk: Season 3
9162,9327,1999.0,SpongeBob SquarePants: Season 1
9163,9328,1999.0,I'll Remember April
9164,9329,1993.0,Dennis the Menace
9165,9330,1965.0,For a Few Dollars More
9166,9331,1999.0,Romance
9167,9332,2004.0,Regency House Party
9168,9333,2002.0,.Com for Murder
9169,9334,1939.0,Destry Rides Again
9170,9335,2004.0,Lana's Rain
9171,9336,1976.0,Don's Party
9172,9337,1979.0,Three's Company: Season 4
9173,9338,1988.0,Waxwork / Waxwork II: Double Feature
9174,9339,1999.0,Slow Burn
9175,9340,2001.0,Pearl Harbor
9176,9341,1998.0,Heartwood
9177,9342,2001.0,Second Time Around
9178,9343,2001.0,MTV: The Real World You Never Saw: Back to New York
9179,9344,2001.0,Zubeidaa
9180,9345,2004.0,Power Rangers: Dinothunder
9181,9346,2001.0,Search for a Safe Cigarette: Nova
9182,9347,1993.0,Ren & Stimpy: Season 3 and a Half-ish
9183,9348,1999.0,The Big O
9184,9349,2002.0,Bollywood Queen
9185,9350,2004.0,Iron Jawed Angels
9186,9351,1967.0,Belle de Jour
9187,9352,2005.0,Throttle
9188,9353,2000.0,No One Sleeps
9189,9354,1955.0,We're No Angels
9190,9355,1995.0,Higher Learning
9191,9356,1952.0,The Marrying Kind
9192,9357,1963.0,Stingray: The Complete Series
9193,9358,1990.0,Maniac Nurses Find Ecstasy
9194,9359,1986.0,Jumpin' Jack Flash
9195,9360,2002.0,Lathe of Heaven
9196,9361,2001.0,Second to Die
9197,9362,1982.0,Nature: Cloud: Wild Stallion of the Rockies
9198,9363,1991.0,Danielle Steel's Daddy
9199,9364,2002.0,No Good Deed
9200,9365,1997.0,Life According to Muriel
9201,9366,2003.0,Who Killed the Red Baron?: Nova
9202,9368,1974.0,The Texas Chainsaw Massacre
9203,9369,1987.0,Nadine
9204,9370,1939.0,Beau Geste
9205,9371,1972.0,Female Prisoner 701 Scorpion
9206,9372,1984.0,Final Justice
9207,9373,1931.0,Platinum Blonde
9208,9374,1966.0,La Guerre Est Finie
9209,9375,2002.0,Wicked Minds
9210,9376,2002.0,This Land Is Your Land: The Folk Years
9211,9377,1937.0,The Prince and the Pauper
9212,9378,1984.0,The Natural
9213,9379,2000.0,WWII: The Lost Color Archives
9214,9380,1970.0,Elvis: That's the Way It Is
9215,9381,1980.0,The Elephant Man
9216,9382,1997.0,Everybody Loves Raymond: Season 2
9217,9383,1998.0,Substitute 2: School's Out
9218,9384,1970.0,UFO
9219,9385,1996.0,Legend of Crystania: The Chaos Ring
9220,9386,1999.0,World's Most Astounding Undercover Stings
9221,9387,1977.0,The Exorcist 2: The Heretic
9222,9388,1985.0,Crimes of Passion
9223,9389,1996.0,Striptease
9224,9390,2003.0,Benedict Arnold: A Question of Honor
9225,9391,2004.0,Satan's Little Helper
9226,9392,1999.0,The Deep End of the Ocean
9227,9393,1940.0,Go West / The Big Store
9228,9394,1976.0,CBS Salutes Lucy: The First 25 Years
9229,9395,1998.0,Les Miserables
9230,9396,1996.0,The Crow: City of Angels
9231,9397,1973.0,Columbo: Season 3
9232,9399,1991.0,Legend of the Dragon Kings: White Dragon
9233,9400,1987.0,Allan Quatermain and the Lost City of Gold
9234,9401,2003.0,Strange Things Happen at Sundown
9235,9402,2000.0,Mr. Accident
9236,9404,2004.0,WOW Gospel 2004
9237,9405,1998.0,Hoods
9238,9406,2001.0,The Best of Insomniac: Uncensored: Vol. 1
9239,9407,1999.0,The Amanda Show
9240,9408,1999.0,God Said Ha!
9241,9409,1970.0,Isle of Wight Festival: Message to Love: 1970
9242,9410,2004.0,P.S.
9243,9411,1999.0,Lisboa
9244,9412,2003.0,Hallow's End
9245,9413,1991.0,Robert Townsend: Partners in Crime: Vol. 2
9246,9414,1963.0,The Outer Limits: The Original Series: Season 1
9247,9415,2005.0,Are We There Yet?
9248,9416,1957.0,Peyton Place
9249,9417,2001.0,Carmen: A Hip Hopera
9250,9418,1999.0,Roswell: Season 1
9251,9419,1974.0,Lady Snowblood: Love Song of Vengeance
9252,9420,1999.0,Cypress Edge
9253,9421,2000.0,Anatomy
9254,9422,2000.0,Chutney Popcorn
9255,9423,1968.0,Faces
9256,9424,1982.0,Kiss Me Goodbye
9257,9425,1950.0,The Jackie Robinson Story
9258,9426,1986.0,Platoon
9259,9427,2003.0,Chicago: A&E Live by Request
9260,9428,2001.0,Friend
9261,9429,1993.0,CB4
9262,9430,2003.0,The Battle of Shaker Heights
9263,9431,2000.0,Get Carter
9264,9432,1997.0,Cop Land
9265,9433,1971.0,Fiddler on the Roof
9266,9434,2001.0,Love Ke Liye Kuch Bhi Karega
9267,9435,2000.0,Committed
9268,9436,2002.0,Full Metal Panic FUMOFFU
9269,9437,1972.0,Cesar and Rosalie
9270,9438,2000.0,Love & Basketball
9271,9439,1998.0,Eternal
9272,9440,1985.0,Explorers
9273,9441,1996.0,Kazaam
9274,9442,2004.0,The Chronicles of Riddick
9275,9443,1998.0,Pocahontas II: Journey to a New World
9276,9444,1992.0,King of Beggars
9277,9445,1994.0,Thumbelina
9278,9446,2004.0,Out of Season
9279,9447,2005.0,Samurai Gun
9280,9448,2004.0,Roughnecks: The Starship Troopers Chronicles: Trackers
9281,9449,1957.0,Hellcats of the Navy
9282,9450,2005.0,Kisna: The Warrior Poet
9283,9451,1989.0,Rabid Grannies
9284,9452,2002.0,A Season on the Brink
9285,9453,2000.0,Best of Travels in Europe with Rick Steves: Italy
9286,9454,2001.0,A Line in the Sand
9287,9455,1967.0,The Happiest Millionaire
9288,9456,2004.0,PRIDE Fighting Championships: Total Elimination 2004
9289,9457,2004.0,Wacky Races: The Complete Series
9290,9458,2005.0,Kingdom of Heaven
9291,9459,1988.0,I'm Gonna Git You Sucka
9292,9461,1994.0,Ready to Wear
9293,9462,1980.0,Half a Loaf of Kung Fu
9294,9463,1986.0,Castle in the Sky: Bonus Material
9295,9464,1998.0,Sleepless Town
9296,9465,2004.0,The Fight: American Experience
9297,9466,1960.0,The Adventures of Huckleberry Finn
9298,9467,1967.0,Mars Needs Women
9299,9468,1997.0,Battle Athletes: Vol. 3: Go
9300,9469,2003.0,I'll Sleep When I'm Dead
9301,9470,2000.0,Butterfly
9302,9471,2004.0,The Butterfly Effect: Director's Cut
9303,9472,1962.0,The Man Who Shot Liberty Valance
9304,9473,1980.0,Roadie
9305,9474,2002.0,CKY4
9306,9475,1994.0,The Critic: The Complete Series
9307,9476,1986.0,Last Resort
9308,9477,1986.0,A Great Wall
9309,9478,2005.0,Ice Queen
9310,9479,2002.0,The Cuckoo
9311,9480,1995.0,Family of Cops
9312,9481,1972.0,Deliverance
9313,9482,1992.0,Inspector Morse 23: The Death of the Self
9314,9483,1992.0,Inspector Morse 8: Ghost in the Machine
9315,9484,2002.0,The Other Brother
9316,9485,1967.0,Persona
9317,9486,2004.0,Evanescence: Anywhere but Home
9318,9487,2002.0,Dragon Ball Z: The Return of Cooler
9319,9488,2000.0,Secret KGB JFK Assassination File
9320,9490,2004.0,The Pixies: Sell Out 2004: Reunion Tour
9321,9491,1981.0,The Woman Next Door
9322,9492,2003.0,3 Walls
9323,9493,2003.0,MTV Video Music Awards Collection: Hip Pop
9324,9494,1994.0,Body Chemistry III: Point of Seduction
9325,9495,2000.0,Kadosh
9326,9496,2003.0,Cold Mountain: Bonus Material
9327,9497,1985.0,Moonlighting: The Pilot
9328,9498,2004.0,Lewis Black: Black on Broadway
9329,9499,1981.0,Ken Burns' America: Brooklyn Bridge
9330,9501,2001.0,Lakeboat
9331,9502,1999.0,Letters From a Killer
9332,9503,2004.0,NBA Dynasty Series: Chicago Bulls 1990s
9333,9504,1999.0,Dillagi
9334,9505,1997.0,Insomnia
9335,9506,1968.0,Once Upon a Time in the West: Bonus Material
9336,9507,1988.0,Inspector Morse 6: The Settling of the Sun
9337,9508,2004.0,Welcome to Mooseport
9338,9509,1987.0,Batteries Not Included
9339,9510,1985.0,P.D. James: The Black Tower
9340,9511,1987.0,Someone to Watch Over Me
9341,9512,2004.0,Method
9342,9513,1989.0,Tales from the Crypt: Season 1
9343,9514,2002.0,PRIDE Fighting Championships: Cold Fury 3
9344,9515,2000.0,If You Only Knew
9345,9516,1995.0,Bad Company
9346,9517,1971.0,Silent Running
9347,9518,1995.0,Showgirls
9348,9519,1966.0,Au Hasard Balthazar
9349,9520,1969.0,The First Churchills
9350,9521,1993.0,Into the West
9351,9522,1928.0,The Lost Films of Laurel & Hardy
9352,9523,1967.0,Waterhole #3
9353,9524,1999.0,The Winslow Boy
9354,9525,1994.0,The Legend of Drunken Master
9355,9526,2001.0,Juwanna Mann
9356,9527,1999.0,Crime & Passion
9357,9528,1957.0,12 Angry Men
9358,9529,2003.0,National Lampoon's Christmas Vacation 2: Cousin Eddie's Island Adventure
9359,9530,2002.0,Vietnam: We Were Heroes 1st Cavalry Division Airmobile
9360,9531,2003.0,Undefeated
9361,9532,1989.0,The Adventures of Milo and Otis
9362,9533,1996.0,Sorceress II: The Temptress
9363,9534,2001.0,In July
9364,9535,1941.0,Irene Dunne Romance Classics: Love Affair/ Penny Serenade
9365,9536,1985.0,The Official Story
9366,9537,2004.0,The Twins Effect 2
9367,9538,1986.0,The Last Days of Patton
9368,9539,2001.0,Wit
9369,9540,1987.0,The Decalogue
9370,9541,2003.0,Denise Austin: Yoga Buns
9371,9542,2001.0,Lantana
9372,9543,1977.0,Close Encounters of the Third Kind: Bonus Material
9373,9544,1991.0,The Doors Collection
9374,9545,2002.0,The Adventures of Pluto Nash
9375,9546,2000.0,Lucky Numbers
9376,9547,1986.0,Troll / Troll 2: Double Feature
9377,9548,1976.0,Midway
9378,9549,2003.0,The Collected Shorts of Jan Svankmajer: Vol. 1
9379,9550,1985.0,Perfect
9380,9551,1997.0,Drunks
9381,9552,1997.0,I.M. Pei
9382,9553,2002.0,And Now ... Ladies and Gentlemen
9383,9554,2003.0,The Inspector Lynley Mysteries: Deception on His Mind
9384,9555,1994.0,Frank & Jesse
9385,9556,2003.0,Rugrats All Grown Up: Lucky 13
9386,9557,2000.0,Jesus Christ Superstar: 2000
9387,9558,1997.0,Elvis Presley: Great Performances: Vol. 3: From the Waist Up
9388,9559,2004.0,Chisholm '72: Unbought and Unbossed
9389,9560,2000.0,New World Disorder
9390,9561,1996.0,Stories From My Childhood
9391,9562,2002.0,Black Mask 2: City of Masks
9392,9563,1962.0,Walk on the Wild Side
9393,9564,1976.0,Lifeguard
9394,9565,1982.0,Rocky III
9395,9566,1987.0,Inspector Morse 1: The Dead of Jericho
9396,9567,1997.0,Mystery Science Theater 3000: Overdrawn at the Memory Bank
9397,9568,1933.0,W.C. Fields
9398,9569,1988.0,War and Remembrance: Vol. 2
9399,9570,2005.0,Blood Relic
9400,9571,1960.0,Flaming Star
9401,9572,2002.0,Alanis Morissette: Live in the Navajo Nation
9402,9573,1944.0,House of Frankenstein
9403,9574,2002.0,Empires: Peter and Paul and the Christian Revolution
9404,9575,1968.0,Star!
9405,9576,1942.0,To the Shores of Tripoli
9406,9577,1990.0,Jeeves and Wooster: Season 4
9407,9578,1949.0,Sands of Iwo Jima
9408,9579,2004.0,The Hidden Fuhrer: Hitler's Sexuality
9409,9580,2002.0,Blue Gate Crossing
9410,9581,1976.0,The Jeffersons: Season 2
9411,9583,1960.0,Chaudhvin Ka Chand
9412,9584,1997.0,Billy Joel: Greatest Hits: Vol. 3: The Video
9413,9585,1973.0,The Tomorrow People: Set 1
9414,9586,1994.0,Mosquito
9415,9587,2003.0,Blue Gender
9416,9588,2004.0,Tying the Knot
9417,9589,2001.0,The Last Siege
9418,9590,1988.0,The Bear
9419,9591,2001.0,A Knight's Tale
9420,9592,1998.0,There's Something About Mary: Special Edition
9421,9593,1995.0,Friday
9422,9594,2003.0,NASCAR: Winston Cup 2003 Year in Review
9423,9596,1971.0,Straw Dogs
9424,9597,1965.0,War-Gods of the Deep
9425,9598,1979.0,Manhattan
9426,9599,2001.0,The Mind of the Married Man: Season 1
9427,9600,2004.0,Intermedio
9428,9601,1997.0,The Wedding Party
9429,9602,1981.0,Tower of Death
9430,9603,2005.0,Pink Floyd: Atom Heart Mother
9431,9605,2001.0,Armitage: Dual-Matrix
9432,9606,1980.0,Agatha Christie's The Mirror Crack'd
9433,9607,2003.0,Cromartie High School
9434,9608,1996.0,Love and Death on Long Island
9435,9609,1985.0,Sweet Dreams
9436,9610,1998.0,A Will of Their Own
9437,9611,1959.0,Anatomy of a Murder
9438,9612,1959.0,Destiny of a Man
9439,9613,1999.0,8MM
9440,9614,1979.0,Rocky II
9441,9615,1999.0,The Haunting of Hell House
9442,9616,2002.0,Barbie as Rapunzel
9443,9617,1998.0,Stepmom
9444,9618,2000.0,Mr. Bill's Classics
9445,9619,1962.0,The Lucy Show: The Lost Episodes Marathon: Vol. 1
9446,9620,1960.0,It Started in Naples
9447,9621,2000.0,Shaft
9448,9622,2001.0,Midsomer Murders: Tainted Fruit
9449,9623,2002.0,On the Edge
9450,9624,1988.0,21 Jump Street: Season 3
9451,9625,1940.0,The Grapes of Wrath
9452,9626,1989.0,Saved by the Bell: Season 2
9453,9627,1998.0,Fighter Jets and Attack Aircraft
9454,9628,1983.0,Star Wars: Episode VI: Return of the Jedi
9455,9629,2002.0,Stranded
9456,9630,1997.0,Teach Me Tonight
9457,9631,1922.0,Haxan: Witchcraft Through the Ages
9458,9632,2002.0,Danzig: Archive De La Morte
9459,9633,2003.0,The Matrix: Reloaded: Bonus Material
9460,9634,1976.0,Good Times: Season 4
9461,9635,1993.0,Cool Runnings
9462,9636,2004.0,Producing Adults
9463,9637,1996.0,Jerry Maguire: Bonus Material
9464,9638,1984.0,Country
9465,9639,1983.0,Psycho II
9466,9640,1951.0,Detective Story
9467,9641,1998.0,Alice Through the Looking Glass
9468,9642,2005.0,Bomb the System
9469,9643,1999.0,Selma Lord Selma
9470,9644,2002.0,Stargate SG-1: Season 6
9471,9645,2003.0,Daddy Day Care
9472,9646,1995.0,Sins of the Sisters
9473,9647,2002.0,Lisa Lampanelli: The Queen of Mean
9474,9648,1949.0,The Ealing Comedy Collection: Whisky Galore
9475,9649,2004.0,Ramones: Raw
9476,9650,1998.0,Since You've Been Gone
9477,9651,2001.0,Harold and the Purple Crayon: The Complete Series
9478,9652,2005.0,WWE: The Self-Destruction of the Ultimate Warrior
9479,9653,2003.0,My Flesh and Blood
9480,9654,1998.0,Very Bad Things
9481,9655,1976.0,Family Plot
9482,9656,1997.0,The Serpent's Kiss
9483,9657,1990.0,Ghost Dad
9484,9658,1994.0,Death Wish 5: The Face of Death
9485,9659,2004.0,Britney Spears: Greatest Hits: My Prerogative
9486,9660,2003.0,Stripperella: Season 1 (Uncensored)
9487,9661,1999.0,Bittersweet
9488,9662,2003.0,Angels in America
9489,9663,1995.0,Bushwhacked
9490,9664,1993.0,My My Mai
9491,9665,1993.0,Silk Stalkings: Season 3
9492,9666,1963.0,The Silence
9493,9667,1998.0,Silent Mobius: Vol. 3
9494,9668,1983.0,Le Dernier Combat
9495,9669,2002.0,Dragon Ball Z: Kid Buu Saga
9496,9670,1990.0,Robot Jox
9497,9671,2004.0,Britney Spears: In the Zone
9498,9672,2002.0,The Osbournes: Season 2 1/2
9499,9673,2001.0,The Weight of Water
9500,9674,1997.0,Night Flier
9501,9675,1998.0,Submitted for Your Approval: Rod Serling
9502,9676,1991.0,Red Green's: We Can't Help It -- We're Men
9503,9677,1979.0,The Black Hole
9504,9678,1988.0,Luther Vandross: Live at Wembley
9505,9679,1996.0,Harriet the Spy
9506,9680,1998.0,Hercules & Xena: Animated Movie
9507,9681,1994.0,Heavenly Creatures
9508,9682,1979.0,Cuba
9509,9683,2002.0,Rings
9510,9684,1996.0,Legend of Crystania: The Motion Picture
9511,9685,2000.0,28 Days
9512,9686,2004.0,Saints and Soldiers
9513,9687,2002.0,The Man Without a Past
9514,9688,2001.0,Dean Martin: That's Amore
9515,9689,1973.0,The Exorcist: Restored Version
9516,9690,1933.0,Duck Soup
9517,9691,2001.0,ECW: The Best of Cactus Jack
9518,9692,2001.0,Okie Noodling
9519,9693,1935.0,Werewolf of London
9520,9694,2003.0,Melvin Goes to Dinner
9521,9696,2000.0,Fart: The Movie
9522,9697,2001.0,Love in a Cold Climate
9523,9698,1991.0,Iron Maze
9524,9699,2003.0,The Snow Walker
9525,9700,1994.0,Virtual Combat
9526,9701,1995.0,Radiohead: 7 Television Commercials
9527,9702,1999.0,Tarzan
9528,9703,1928.0,The Farmer's Wife
9529,9704,1977.0,Soldier of Orange
9530,9705,1942.0,The Pride of the Yankees
9531,9706,2004.0,The Outskirts
9532,9707,1991.0,Scorpions: A Savage Crazy World
9533,9708,2000.0,Second Skin
9534,9709,1990.0,By Dawn's Early Light
9535,9710,1968.0,Stolen Kisses
9536,9711,1995.0,Lessons of Darkness
9537,9712,1964.0,A Shot in the Dark
9538,9714,2003.0,The Wiggles: Top of the Tots
9539,9715,1942.0,The Spoilers
9540,9716,1968.0,Therese and Isabelle
9541,9717,1970.0,Airport
9542,9718,2002.0,Never Again
9543,9719,2004.0,Ring of Darkness
9544,9720,1974.0,Yessongs: Yes
9545,9721,1995.0,Bloodfist 8: Hard Way Out
9546,9722,1958.0,Revenge of Frankenstein
9547,9723,2002.0,Great Lodges of the National Parks: Glacier Lodges / Pacific Northwest Lodges
9548,9724,1991.0,Harley Davidson and the Marlboro Man
9549,9725,2000.0,Brother
9550,9726,2000.0,The History Channel Presents: Pearl Harbor
9551,9727,2004.0,Kontroll
9552,9728,1997.0,As Good as It Gets
9553,9729,2002.0,Lost in La Mancha
9554,9730,1979.0,Clonus
9555,9731,1984.0,The Bounty
9556,9732,2000.0,Yes: House of Yes: Live from the House of Blues
9557,9733,1986.0,Down by Law
9558,9734,1938.0,Pygmalion
9559,9735,2003.0,Avril Lavigne: My World
9560,9736,2000.0,Miles Davis: Live in Montreal
9561,9737,2001.0,The Powerpuff Girls: Meet the Beat-Alls
9562,9738,1996.0,Bastard out of Carolina
9563,9740,1988.0,Big Business
9564,9741,1999.0,The 13th Warrior
9565,9742,1945.0,The House on 92nd Street
9566,9743,2000.0,Photon: The Idiot Adventures
9567,9744,2001.0,Dust
9568,9745,2001.0,Deuces Wild
9569,9746,2001.0,Made
9570,9747,2005.0,Warm Springs
9571,9748,2000.0,Agent Red
9572,9749,1965.0,Doctor Zhivago: Bonus Material
9573,9750,1999.0,The Turn of the Screw
9574,9751,1999.0,The Prince of Central Park
9575,9752,2000.0,Dragon Inn
9576,9753,1997.0,Dry Cleaning
9577,9754,2001.0,Slashers
9578,9755,1999.0,Blood Dolls
9579,9756,2002.0,Mr. Deeds
9580,9757,1993.0,Homeward Bound: The Incredible Journey
9581,9758,1985.0,Colonel Redl
9582,9759,1998.0,Hush
9583,9761,1967.0,The War Wagon
9584,9762,1987.0,Jaws: The Revenge
9585,9763,2000.0,Time of Favor
9586,9764,1986.0,War of the Shaolin Temple
9587,9765,2003.0,Erasure: Hits! The Videos
9588,9766,1984.0,George Carlin: Carlin on Campus
9589,9767,1980.0,Windwalker
9590,9768,2003.0,Basic
9591,9769,2001.0,Dead in the Water
9592,9770,1997.0,Operation Delta Force 3: Clear Target
9593,9771,2005.0,Black
9594,9772,1996.0,The Ogre
9595,9773,1997.0,A Kid in Aladdin's Palace
9596,9774,1992.0,Twin Peaks: Fire Walk With Me
9597,9775,2001.0,The Back Lot Murders
9598,9776,2000.0,Lost Souls
9599,9777,1941.0,The Superman Collection (Max Fleischer)
9600,9778,2002.0,2009 Lost Memories
9601,9779,2003.0,Michael Jackson: Number Ones
9602,9780,2001.0,Josie and the Pussycats
9603,9781,1998.0,Black & White
9604,9782,1970.0,McKenzie Break
9605,9783,1981.0,Falling in Love Again
9606,9784,1997.0,Men with Guns
9607,9785,1996.0,Beavis and Butt-head Do America
9608,9786,1998.0,Will & Grace: Season 2
9609,9787,1999.0,The Magical Legend of the Leprechauns
9610,9788,1998.0,Antz
9611,9789,2003.0,Sunset Story
9612,9790,2002.0,Quest for the True Cross
9613,9791,1998.0,2 Seconds
9614,9792,1980.0,Lucio Fulci: City of the Living Dead
9615,9793,2005.0,Vaada
9616,9794,1997.0,Sakura Wars
9617,9795,1985.0,Urusei Yatsura Movie 3: Remember My Love
9618,9796,1997.0,Breast Men
9619,9797,1967.0,Divorce American Style
9620,9798,1998.0,A Civil Action
9621,9799,1954.0,Comedy Noir Collection: Beat the Devil / That Uncertain Feeling
9622,9800,2001.0,Shallow Hal
9623,9801,1935.0,Anna Karenina
9624,9802,2004.0,Doobie Brothers: Rockin' Down the Highway: The Wildlife Concert
9625,9803,1937.0,James Cagney Collection: Something to Sing About / Blood on the Sun
9626,9804,1989.0,Legend of Lemnear
9627,9805,1961.0,The Absent-Minded Professor
9628,9806,1975.0,Bucktown
9629,9807,1982.0,Neil Young: In Berlin
9630,9808,1982.0,Prodigal Son
9631,9809,1964.0,Doctor Who: The Dalek Invasion of Earth
9632,9810,1917.0,Chaplin Mutuals: Vol. 1
9633,9811,1977.0,The Nutcracker (Baryshnikov)
9634,9812,1978.0,The Cheap Detective
9635,9813,1963.0,Youth of the Beast
9636,9814,2001.0,Balto 2: Wolf Quest
9637,9815,1992.0,Guns N' Roses: Use Your Illusion I
9638,9816,1999.0,Baadshah
9639,9817,1974.0,Juggernaut
9640,9818,1997.0,L.A. Confidential
9641,9819,1994.0,Macross Plus
9642,9820,1990.0,Berkeley in the Sixties
9643,9821,2003.0,Pulse
9644,9822,2000.0,Chasing Destiny
9645,9823,1997.0,Cadfael: The Raven in the Foregate
9646,9824,1994.0,Street Fighter II: Animated Movie
9647,9825,2003.0,Ancient Egyptians
9648,9826,1953.0,I Love Lucy: Season 3
9649,9827,2004.0,Frankenstein
9650,9828,1981.0,Stripes
9651,9829,1996.0,Styx: Return to Paradise
9652,9830,2004.0,The World of Narue
9653,9831,1971.0,Vanishing Point
9654,9832,2004.0,Globe Trekker: Paris
9655,9833,1990.0,Cyrano de Bergerac
9656,9834,1977.0,Hardware Wars
9657,9835,1962.0,The Beverly Hillbillies Vol. 2: 10 Classic Episodes
9658,9836,1961.0,The Twilight Zone: Vol. 35
9659,9837,1977.0,Amar Akbar Anthony
9660,9838,2002.0,CQ
9661,9839,1979.0,The Tempest
9662,9840,1997.0,Lynyrd Skynyrd: Lyve from Steel Town
9663,9841,2003.0,The Order
9664,9842,1995.0,Degree of Guilt
9665,9843,1979.0,Dallas: Season 3
9666,9844,1995.0,National Lampoon's Senior Trip
9667,9845,2002.0,SpongeBob SquarePants: Tales From the Deep
9668,9846,2004.0,Duran Duran: Arena
9669,9847,2004.0,Wild Things 2
9670,9848,2004.0,Unforgivable Blackness: The Rise and Fall of Jack Johnson
9671,9849,2000.0,Such a Long Journey
9672,9850,2004.0,The Dead Sea Scrolls
9673,9851,1959.0,Never So Few
9674,9852,2003.0,Indigo
9675,9853,2002.0,Chat Room
9676,9854,2002.0,Battle of the X-Planes: Nova
9677,9855,2004.0,The Ranch
9678,9856,2004.0,My Baby's Daddy
9679,9857,1939.0,Laurel & Hardy: Flying Deuces/Utopia
9680,9858,2005.0,Subzero
9681,9859,2002.0,Serving Sara
9682,9860,2002.0,Restless Souls
9683,9861,2003.0,Our Town
9684,9862,1988.0,Return to Snowy River
9685,9863,2000.0,The 6th Day
9686,9864,2004.0,Battlestar Galactica: Season 1
9687,9865,2003.0,Miracles: The Complete Series
9688,9866,1990.0,Campion: Dancers in Mourning
9689,9867,2002.0,Fairly Oddparents: Scary Godparents
9690,9869,1998.0,Occult History of the 3rd Reich #2: The SS Blood & Soil
9691,9870,2004.0,Dirty Filthy Love
9692,9871,2003.0,Curse of the Komodo
9693,9872,1998.0,MTV Unplugged: Ballads
9694,9873,1999.0,Lola & Billy the Kid
9695,9874,2001.0,Discovering France
9696,9875,2000.0,Innocence
9697,9876,2004.0,The Buried Secrets of M. Night Shyamalan
9698,9877,2004.0,Michael W. Smith: Live in Concert: A 20 Year Celebration
9699,9878,2001.0,Happy Accidents
9700,9879,1985.0,The Aviator
9701,9880,2004.0,Blood Angels
9702,9881,2004.0,America's Most Haunted Inns
9703,9882,1997.0,The Fifth Element
9704,9883,1988.0,Hades Project: Zeorymer
9705,9884,2001.0,John Waters Collection: Extras
9706,9885,2002.0,See How They Run
9707,9886,1999.0,Star Wars: Episode I: The Phantom Menace
9708,9887,1990.0,Moon 44
9709,9888,1989.0,Fat Man and Little Boy
9710,9889,1987.0,Heat
9711,9890,2002.0,National Geographic: Egypt Eternal: The Quest for Lost Tombs
9712,9891,1996.0,Three Musketeers (Animated)
9713,9892,2003.0,Lynyrd Skynyrd Lyve: The Vicious Cycle Tour
9714,9893,1998.0,Silent Mobius: Vol. 1
9715,9894,2004.0,Love on the Rocks
9716,9895,1994.0,Babel II: Perfect Collection
9717,9896,2002.0,Wild Australia: The Edge: IMAX
9718,9897,2002.0,Wolfhound
9719,9898,1920.0,Dr. Jekyll and Mr. Hyde
9720,9899,1994.0,China Moon
9721,9900,1994.0,Airheads
9722,9901,1997.0,Just Shoot Me: Seasons 1 & 2
9723,9902,1950.0,Winchester '73
9724,9903,1993.0,House Party 2
9725,9904,1992.0,The Barber of Seville: Rossini: Netherlands Opera
9726,9905,1959.0,Darby O'Gill and the Little People
9727,9906,2000.0,Dreamers
9728,9907,1971.0,Lawman
9729,9908,2005.0,Sometimes in April
9730,9909,2002.0,Friends: Season 9
9731,9910,1982.0,We'll Meet Again
9732,9911,2002.0,Wishmaster 4: The Prophecy Fulfilled
9733,9912,1981.0,All Night Long
9734,9913,2003.0,The Animatrix
9735,9914,1979.0,Crime & Punishment: The Complete Miniseries
9736,9915,2005.0,Tell Them Who You Are
9737,9916,1983.0,Something Wicked This Way Comes
9738,9917,2003.0,The Story of Marie and Julien
9739,9918,1998.0,Dentist 2: Brace Yourself
9740,9919,2001.0,Stanley: Spring Fever
9741,9920,1944.0,Superman Cartoons
9742,9921,2004.0,Everyday People
9743,9922,2005.0,VeggieTales: Minnesota Cuke
9744,9923,2000.0,Tenchi Universe
9745,9924,2001.0,Madeline's Best Manners
9746,9925,1987.0,Doctor Who: Remembrance of the Daleks
9747,9926,1997.0,8 Heads in a Duffel Bag
9748,9927,1986.0,Maximum Overdrive
9749,9928,2002.0,The Barber
9750,9929,1997.0,Buffy the Vampire Slayer: Season 1
9751,9930,1993.0,Working with Orson Welles
9752,9931,2004.0,Comedy Club Superstars
9753,9932,1964.0,It Happened Here
9754,9933,2001.0,The Runaway
9755,9934,2000.0,If I Die Before I Wake
9756,9935,1964.0,The Three Lives of Thomasina
9757,9936,1943.0,Heaven Can Wait
9758,9937,1983.0,Knight Rider: Season 2
9759,9938,2004.0,Brother to Brother
9760,9939,2005.0,Monster-in-Law
9761,9940,1968.0,Night of the Living Dead
9762,9941,1948.0,Sorrowful Jones / The Paleface: Double Feature
9763,9942,2004.0,The Hillz
9764,9943,2002.0,Common Ground
9765,9944,1998.0,Bloodsport 4
9766,9945,2001.0,Melissa Etheridge: Live ... and Alone
9767,9946,1995.0,Saturday Night Live: The Best of Will Ferrell
9768,9947,2001.0,American Legends
9769,9948,2003.0,Dangerous Living
9770,9949,1997.0,Jackie Chan's First Strike
9771,9950,1983.0,Flashdance
9772,9951,1997.0,The Last Don
9773,9952,1964.0,The Naked Kiss
9774,9953,1998.0,The Science of Magic
9775,9954,1948.0,Key Largo
9776,9955,1995.0,Heavy
9777,9956,2001.0,Carman: The Champion
9778,9957,1998.0,Wes Craven Presents: Don't Look Down
9779,9958,1947.0,Monsieur Verdoux
9780,9959,1997.0,The Man Who Knew Too Little
9781,9960,1988.0,Die Hard
9782,9961,2001.0,Monty Python Live!
9783,9962,1943.0,Titanic
9784,9963,1993.0,Daybreak
9785,9964,1964.0,Seven Days in May
9786,9965,2003.0,In Hell
9787,9966,1999.0,Better Than Chocolate
9788,9967,1971.0,The Organization
9789,9968,2002.0,Ice Age: Bonus Material
9790,9969,1998.0,Smokey Robinson: The Greatest Hits Live
9791,9970,2005.0,Aloha Scooby-Doo!
9792,9971,1999.0,Human Resources
9793,9972,1997.0,Into Thin Air: Death on Everest
9794,9973,2004.0,David Bowie: A Reality Tour
9795,9974,1997.0,Fathers' Day
9796,9975,2002.0,Rub & Tug
9797,9977,1982.0,Honkytonk Man
9798,9978,2004.0,Balance Ball for Weight Loss
9799,9979,1975.0,The Hiding Place
9800,9980,2002.0,Copenhagen
9801,9981,1990.0,Twister
9802,9982,2000.0,Bear in the Big Blue House: Party Time With Bear!
9803,9983,2001.0,Murder on a Sunday Morning
9804,9984,1999.0,Saturday Night Live: The Best of Adam Sandler
9805,9985,1996.0,Foxfire
9806,9986,1985.0,After Hours
9807,9987,1983.0,Tender Mercies
9808,9988,1991.0,The Five Heartbeats
9809,9989,2001.0,Festival in Cannes
9810,9990,2004.0,A Panther in Africa: POV
9811,9991,2001.0,Waking Life
9812,9992,1989.0,Cat Chaser
9813,9993,2003.0,The Big O II
9814,9994,1982.0,Faerie Tale Theatre: The Tale of the Frog Prince
9815,9995,2005.0,The Girl in the Cafe
9816,9996,1995.0,Mighty Morphin Power Rangers: The Movie
9817,9997,1984.0,Oh God! You Devil!
9818,9998,1995.0,The Show
9819,9999,1986.0,Breeders
9820,10000,1995.0,Dr. Jekyll and Ms. Hyde
9821,10001,1994.0,Chef!: Series 2
9822,10002,1937.0,The Three Stooges: Dizzy Doctors
9823,10003,1981.0,Charlie Chan and the Curse of the Dragon Queen
9824,10004,1995.0,Ninja Scroll
9825,10005,2004.0,Typhoid Mary: The Most Dangerous Woman in America: Nova
9826,10006,1954.0,Target Earth
9827,10007,2000.0,Two Brothers
9828,10008,1984.0,Sharaabi
9829,10009,2000.0,All My Loved Ones
9830,10010,2004.0,Malevolence
9831,10011,2005.0,Lamb of God: Killadelphia
9832,10012,1989.0,Who's Harry Crumb?
9833,10013,1986.0,Peggy Sue Got Married
9834,10014,1989.0,The Shell Seekers
9835,10015,1990.0,Queen: Live at Wembley Stadium
9836,10016,2004.0,Key West: City of Colors
9837,10017,1996.0,The Journey of August King
9838,10018,1969.0,Z
9839,10019,2001.0,Metropolis
9840,10020,2000.0,Tom and Jerry's Greatest Chases
9841,10021,2001.0,Comedy's Dirtiest Dozen / Heavyweights Of Comedy
9842,10022,1994.0,Greedy
9843,10023,2000.0,Holiday Heart
9844,10024,1987.0,Hello Again
9845,10025,1995.0,Institute Benjamenta
9846,10026,2000.0,RPM
9847,10027,1982.0,Star Trek II: The Wrath of Khan
9848,10028,1976.0,Charlie's Angels: Season 1
9849,10029,1988.0,Watchers / Watchers II: Double Feature
9850,10030,2001.0,Hannibal: Bonus Material
9851,10031,1997.0,For Roseanna
9852,10032,1955.0,Diabolique
9853,10033,1991.0,Teenage Mutant Ninja Turtles II: The Secret of the Ooze
9854,10034,1999.0,Miss Julie
9855,10035,1989.0,Married... with Children: Season 4
9856,10036,2004.0,Chris Rock: Never Scared
9857,10037,1984.0,Swing Shift
9858,10038,1990.0,Lionheart
9859,10039,2000.0,Lady Audley's Secret
9860,10040,1992.0,Stay Tuned
9861,10041,1982.0,Cat People
9862,10042,1981.0,Raiders of the Lost Ark
9863,10043,1936.0,After the Thin Man
9864,10045,1980.0,Little Miss Marker
9865,10046,2002.0,The Backyard
9866,10047,1998.0,Cadfael: The Pilgrim of Hate
9867,10048,1972.0,T-Rex: Born to Boogie: Special Edition
9868,10049,1987.0,Easy Money
9869,10050,2005.0,The Nameless
9870,10051,1997.0,Cinderella
9871,10052,1992.0,Gas Food Lodging
9872,10053,1968.0,Oliver!
9873,10054,1996.0,Everything Relative
9874,10055,1996.0,Flirting with Disaster
9875,10056,2000.0,Dolphins: The Ultimate Guide
9876,10057,1996.0,The Titanic (Documentary)
9877,10058,2000.0,Directors: Clint Eastwood
9878,10059,2001.0,Hard as Nails
9879,10060,1993.0,Andrew Dice Clay: No Apologies
9880,10061,2003.0,Smallville: Season 3
9881,10062,1999.0,Dai-Guard
9882,10063,1985.0,Transformers: Season 2: Part I
9883,10064,2004.0,Godzilla: The Series: Monster Wars Trilogy
9884,10065,2005.0,Nina's Tragedies
9885,10066,1974.0,The Lords of Flatbush
9886,10067,1957.0,Gumby
9887,10068,1987.0,Jem & The Holograms: Season 3: Part 1
9888,10069,1978.0,Perceval
9889,10070,1995.0,The Convent
9890,10071,2005.0,Michael Palin: Himalaya
9891,10072,2004.0,Prime Suspect 6
9892,10073,1996.0,In Love and War
9893,10074,1966.0,Superman the Animated Series: Vol. 1
9894,10075,2002.0,Deathbed
9895,10076,2004.0,WWE: John Cena: Word Life
9896,10077,1948.0,The Snake Pit
9897,10078,1993.0,Indecent Proposal
9898,10079,2004.0,Case Closed: Season 4
9899,10080,2001.0,Six Feet Under: Season 2
9900,10081,2004.0,Reconstruction: The Second Civil War: American Experience
9901,10082,2004.0,Soul Plane
9902,10083,1979.0,The Electric Horseman
9903,10084,1936.0,Mr. Deeds Goes to Town
9904,10085,2002.0,Zus & Zo
9905,10086,1988.0,Jimmy Doolittle: An American Hero
9906,10088,2000.0,Clerks: Uncensored
9907,10089,1999.0,Soccer Dog
9908,10090,1992.0,As Time Goes By: Series 4
9909,10091,1998.0,Tokyo Eyes
9910,10092,1991.0,Inspector Morse 20: Promised Land
9911,10093,2000.0,Time Lapse
9912,10094,1999.0,Angela's Ashes
9913,10095,2000.0,Dawson's Creek: Season 4
9914,10096,1998.0,Last Days
9915,10098,2002.0,Love in the Time of Money
9916,10099,1938.0,Room Service / At the Circus
9917,10100,1993.0,Flesh and Bone
9918,10101,1994.0,Above the Rim
9919,10102,1996.0,Mother
9920,10103,2001.0,The Three Amigos
9921,10104,1980.0,The Young Master
9922,10105,1987.0,The Big Easy
9923,10106,2002.0,Leslie Sansone: Deluxe Walk
9924,10107,1999.0,Balzac: A Life of Passion
9925,10108,1998.0,New Rose Hotel
9926,10109,1994.0,Major League II
9927,10110,1943.0,The Outlaw
9928,10111,1965.0,Sons of Katie Elder
9929,10112,1996.0,As Time Goes By: Series 5
9930,10113,2004.0,The Wiggles: Whoo Hoo! Wiggly Gremlins!
9931,10114,2004.0,De-Lovely
9932,10115,1964.0,The Long Ships
9933,10116,2004.0,Chameli
9934,10117,1986.0,84 Charing Cross Road
9935,10118,1992.0,Sailor Moon: Vol. 9: The Return of the Doom Tree
9936,10119,1973.0,Soylent Green
9937,10120,1981.0,Elephant Parts
9938,10121,1997.0,Homicide: Life on the Street: Season 6
9939,10122,1982.0,Danger Mouse: Seasons 3 & 4
9940,10123,1996.0,Broken Arrow
9941,10124,2004.0,Fathers and Sons
9942,10125,1994.0,Jason's Lyric
9943,10126,1988.0,Midnight Run
9944,10127,2002.0,Underdog: Nemesis
9945,10128,1985.0,Year of the Dragon
9946,10129,2002.0,Paper Soldiers
9947,10130,2003.0,Lost Boys of Sudan
9948,10131,1992.0,Diggstown
9949,10132,2004.0,The White Diamond
9950,10133,1977.0,The Amazing Howard Hughes
9951,10134,1998.0,Hercules: The Legendary Journeys: Season 5
9952,10135,1964.0,Jonny Quest: Season 1
9953,10136,2004.0,Sesame Street: Learning About Numbers
9954,10137,1972.0,Are You Being Served?
9955,10138,2001.0,Lift
9956,10139,2002.0,Evolution
9957,10140,2005.0,Kim Possible Movie: So the Drama
9958,10141,2000.0,Star Trek: Voyager: Season 7
9959,10142,1954.0,The Wild One
9960,10143,1962.0,The Music Man
9961,10144,1978.0,Coma
9962,10145,2000.0,'N Sync: Live at Madison Square Garden
9963,10146,1985.0,The Creation of the Universe
9964,10147,1954.0,Taxi Driver
9965,10148,2000.0,Va Savoir
9966,10149,1999.0,Pups
9967,10150,1966.0,Blues Masters
9968,10151,2002.0,Crank Yankers: Season 1: Uncensored
9969,10152,1998.0,Waking Ned Devine
9970,10153,1999.0,The Adventures of Sebastian Cole
9971,10154,2003.0,Rita
9972,10155,1994.0,I.Q.
9973,10156,2004.0,George W. Bushisms
9974,10157,2002.0,The Lost Battalion
9975,10158,1995.0,Father of the Bride 2
9976,10159,1970.0,Kelly's Heroes
9977,10160,1983.0,Running Brave
9978,10161,2004.0,A Little Snow Fairy Sugar: Special
9979,10162,1973.0,Papillon
9980,10163,2001.0,Indian
9981,10164,1979.0,Danger UXB
9982,10165,2000.0,Supernova
9983,10166,2004.0,Target of Opportunity
9984,10167,1959.0,One Step Beyond
9985,10168,2003.0,The League of Extraordinary Gentlemen
9986,10169,1991.0,Brides of Christ
9987,10170,2001.0,American Pie 2
9988,10171,1995.0,A Kid in King Arthur's Court
9989,10172,1995.0,Never Talk to Strangers
9990,10173,2004.0,Eulogy
9991,10174,1992.0,Consenting Adults
9992,10175,2003.0,The Pact of Silence
9993,10176,1989.0,Weekend at Bernie's
9994,10177,1985.0,Wetherby
9995,10178,2002.0,The Man From Elysian Fields
9996,10179,1937.0,Shall We Dance
9997,10180,1990.0,Blobermouth
9998,10181,1999.0,Godzilla And Other Movie Monsters
9999,10182,2000.0,The Audrey Hepburn Story
10000,10183,2002.0,Boa
10001,10184,2001.0,The Independent
10002,10185,1995.0,Frasier: Season 3
10003,10186,1941.0,Mr. & Mrs. Smith
10004,10187,2002.0,Lenny Kravitz: Live
10005,10188,1996.0,Mysteries of the Deep: Legendary Shipwrecks: Last Voyage of the Lusitania
10006,10189,2003.0,Mambo Italiano
10007,10190,1991.0,Slacker
10008,10191,1952.0,Pat and Mike
10009,10192,1969.0,Mosquito Squadron
10010,10193,1997.0,Bee Gees: One Night Only
10011,10194,2001.0,Visible Secret
10012,10195,1944.0,Charlie Chan: The Chinese Cat
10013,10196,2003.0,Quick Toning: Abs & Buns of Steel
10014,10197,2001.0,Greenmail
10015,10198,2000.0,102 Dalmatians
10016,10199,2003.0,Hall & Oates: Live in Concert
10017,10200,2004.0,Pink Floyd: Inside Pink Floyd: A Critical Review 1967-1974
10018,10201,2003.0,Colosseum: A Gladiator's Story
10019,10202,1982.0,Rudolph and Frosty's Christmas in July
10020,10203,1995.0,Carrington
10021,10204,2004.0,Pursued
10022,10205,2000.0,Galerians: Rion
10023,10206,1974.0,Vampyres
10024,10207,1991.0,God of Gamblers III: Back to Shanghai
10025,10208,1993.0,Attack of the 50 Ft. Woman
10026,10209,1994.0,No Escape
10027,10210,1990.0,All the Vermeers in New York
10028,10211,1965.0,The Avengers '65
10029,10212,1985.0,Weird Science
10030,10213,1979.0,The Who: The Kids Are Alright
10031,10214,1997.0,The Relic
10032,10215,1993.0,New Dominion Tank Police
10033,10216,1951.0,Lullaby of Broadway
10034,10217,1995.0,The Babysitter
10035,10218,1957.0,Pyaasa
10036,10219,1968.0,Flesh (Andy Warhol)
10037,10220,1995.0,Gloria Estefan: Everlasting Gloria
10038,10221,1991.0,Shattered
10039,10222,1953.0,The War of the Worlds
10040,10224,1999.0,The Worst Witch: Sorcery and Chips
10041,10225,1993.0,Groundhog Day
10042,10226,2002.0,13 Conversations About One Thing
10043,10227,2001.0,Sweeney Todd in Concert
10044,10228,2002.0,For Real
10045,10229,2004.0,Vanity Fair
10046,10230,1997.0,Wag the Dog
10047,10231,2004.0,Kung Fu Hustle
10048,10232,1992.0,Guncrazy
10049,10233,2003.0,Wonderland: Bonus Material
10050,10234,1994.0,Trial by Jury
10051,10235,2000.0,Teen Spirit: A Tribute to Kurt Cobain
10052,10236,1985.0,Mad Max Beyond Thunderdome
10053,10237,1990.0,All About Ah-Long
10054,10238,2004.0,Bellydance Fitness for Weight Loss: Too Hip
10055,10239,1955.0,Seven Year Itch
10056,10240,2001.0,Summer Catch
10057,10241,2000.0,The Legend of Bagger Vance
10058,10242,1993.0,Butterfly Sword
10059,10243,2001.0,Ghosts of Mars
10060,10244,1995.0,Hard Bounty
10061,10245,1984.0,Star Trek III: The Search for Spock: Bonus Material
10062,10246,2002.0,Close Your Eyes
10063,10247,2001.0,Crocodile 2: Death Swamp
10064,10248,1999.0,Taxman
10065,10249,1988.0,Stormy Monday
10066,10250,2005.0,National Geographic: Inside Shock and Awe
10067,10251,2005.0,Samurai 7
10068,10252,1973.0,Fat Albert and the Cosby Kids: The Original Animated Series: Vol. 2
10069,10253,1998.0,The Governess
10070,10254,1944.0,Meet Me in St. Louis
10071,10255,1957.0,An Affair to Remember
10072,10256,1997.0,The 6th Man
10073,10257,2002.0,Prehistoric Planet: The Complete Dino Dynasty
10074,10258,2000.0,Die! Die! Die!
10075,10259,2002.0,Greg the Bunny
10076,10260,2001.0,Real Wheels: Truck Adventures
10077,10261,1997.0,Trial & Error
10078,10262,2002.0,The Adventures of Tom Thumb and Thumbelina
10079,10263,2004.0,Common Wealth
10080,10264,1921.0,The Saphead (Silent)
10081,10265,2002.0,Sex Pistols: Never Mind the Bollocks
10082,10266,2004.0,Collateral: Bonus Material
10083,10267,1997.0,Goosebumps: Night of the Living Dummy III
10084,10268,2004.0,Shaolin vs. Evil Dead
10085,10269,1966.0,Dead Heat on a Merry-Go-Round
10086,10270,1993.0,Kung Fu Scholar
10087,10271,1989.0,Chances Are
10088,10272,1995.0,Sliders: Seasons 1 and 2
10089,10273,1954.0,Bad Day at Black Rock
10090,10274,1989.0,Road House
10091,10275,2004.0,The Girl Next Door
10092,10276,1950.0,Rashomon
10093,10277,1948.0,The Bicycle Thief
10094,10278,2000.0,Highlander 4: Endgame
10095,10279,2004.0,Tom and Jerry: Blast Off to Mars
10096,10280,1993.0,Frasier: Season 1
10097,10281,1999.0,Songcatcher
10098,10282,1998.0,Godzilla
10099,10283,2000.0,VeggieTales: King George and the Ducky
10100,10284,1978.0,Doctor Who: The Power of Kroll
10101,10285,2000.0,Ali Zaoua: Prince of the Streets
10102,10286,1989.0,Shag: The Movie
10103,10287,2001.0,Midsomer Murders: Garden of Death
10104,10288,2003.0,Redneck Comedy Roundup
10105,10289,1993.0,Sherlock Holmes: The Last Vampyre
10106,10290,2002.0,Andy Warhol: The Complete Picture
10107,10291,1989.0,Sleepaway Camp III: Teenage Wasteland
10108,10292,2002.0,Noam Chomsky: Distorted Morality: America's War on Terror?
10109,10293,1958.0,House on Haunted Hill
10110,10294,1974.0,The Towering Inferno
10111,10295,1975.0,Shivers
10112,10296,1964.0,The Carpetbaggers
10113,10297,1998.0,Fifteen & Pregnant
10114,10298,2003.0,The Gospel of John
10115,10299,1934.0,L'Atalante
10116,10300,1958.0,Houseboat
10117,10301,2003.0,Soul Hunter
10118,10302,1987.0,Death Wish 4: The Crackdown
10119,10303,1999.0,Cybercity
10120,10304,1974.0,Zardoz
10121,10305,2001.0,Chelsea Walls
10122,10306,1996.0,Crossworlds
10123,10307,1970.0,Quackser Fortune Has a Cousin in the Bronx
10124,10308,1964.0,Ed Sullivan Presents The Beatles
10125,10309,2000.0,Turn It Up
10126,10310,2001.0,Jane White Is Sick & Twisted
10127,10311,1961.0,The Twilight Zone: Vol. 10
10128,10312,2003.0,Girls Kissing
10129,10313,2001.0,Lord of the Rings: The Fellowship of the Ring: Bonus Material
10130,10314,2005.0,The Adventures of Sharkboy & Lavagirl
10131,10315,1960.0,The Millionairess
10132,10316,1981.0,Little House on the Prairie: Season 8
10133,10317,1984.0,Before Stonewall
10134,10318,2002.0,Dream Theater: Metropolis 2000: Scenes From New York
10135,10319,2004.0,Ray Charles: Line in Concert with the Edmonton Symphony
10136,10320,1950.0,Variety Lights
10137,10322,2003.0,Coming Out Party
10138,10323,1986.0,The Shaolin Invincibles
10139,10324,1999.0,Slipknot: Welcome to Our Neighborhood
10140,10325,1997.0,Last Stand at Saber River
10141,10326,1968.0,The Doors: The Doors Are Open
10142,10327,1989.0,Kinjite: Forbidden Subjects
10143,10328,1938.0,The Three Stooges: G.I. Stooge
10144,10329,2004.0,Doing Hard Time
10145,10330,1966.0,The Tale of Tsar Saltan
10146,10331,1989.0,First Emperor of China: IMAX
10147,10332,2001.0,Drive In
10148,10333,2004.0,The Batman: Season 1
10149,10334,2000.0,Slayers: Book of Spells
10150,10335,1988.0,Care Bears: Magical Adventures
10151,10336,2003.0,Best Motoring: Drift Bible
10152,10337,1998.0,Snake Eyes
10153,10338,1965.0,The Agony and the Ecstasy
10154,10339,2004.0,The Grid
10155,10340,1992.0,Sailor Moon: Vol. 6: Adventure Girls
10156,10341,1996.0,Ponette
10157,10342,2002.0,Denise Austin: Pilates for Every Body
10158,10343,1997.0,Out to Sea
10159,10344,1986.0,Crocodile Dundee
10160,10345,1965.0,Cat Ballou
10161,10346,1995.0,Two Bits
10162,10347,2001.0,CKY (Landspeed)
10163,10348,1995.0,Body Chemistry IV: Full Exposure
10164,10349,1999.0,Black Sabbath: The Last Supper
10165,10350,1979.0,Love on the Run
10166,10351,2004.0,The Defender
10167,10352,2003.0,Lord of the Rings: The Return of the King: Bonus Material
10168,10353,1940.0,The Sea Hawk
10169,10354,2001.0,Monarch of the Glen: Series 3
10170,10355,1997.0,Diary of a Serial Killer
10171,10356,1931.0,Woman in the Moon
10172,10357,1985.0,Thundercats: Season 1: Vol. 1
10173,10358,2004.0,Ocean's Twelve
10174,10359,1999.0,Runaway Bride
10175,10360,1937.0,Lost Horizon
10176,10361,1960.0,The Twilight Zone: Vol. 20
10177,10362,2000.0,MTV: Jackass
10178,10363,1998.0,Pi: Faith in Chaos
10179,10364,2002.0,Sister Helen
10180,10365,1980.0,The Dukes of Hazzard: Season 3
10181,10366,2003.0,Mimic 3: Sentinel
10182,10367,1971.0,Everything You Always Wanted to Know About Sex But Were Afraid to Ask
10183,10368,2001.0,Triangle
10184,10370,1998.0,Embrace the Darkness
10185,10371,1998.0,Gods and Monsters
10186,10372,1950.0,All About Eve
10187,10373,1967.0,Something Weird: Special Edition
10188,10374,1997.0,Goosebumps: Scary House
10189,10375,1997.0,My Best Friend's Wedding
10190,10376,2002.0,WWE: King of the Ring 2002
10191,10377,2004.0,Jack O'Lantern
10192,10378,1999.0,The Bone Collector
10193,10379,2001.0,The Score
10194,10380,1996.0,Prisoner of the Mountains
10195,10381,1997.0,Bertie & Elizabeth
10196,10382,1993.0,Heidi
10197,10383,2004.0,Norah Jones and the Handsome Band: Live in 2004
10198,10384,2002.0,Sting of the Black Scorpion
10199,10385,1997.0,Goosebumps: Werewolf of Fever Swamp
10200,10386,1995.0,Top Dog
10201,10387,1967.0,One Million Years B.C.
10202,10388,1997.0,Gridlock'd
10203,10389,2002.0,The Cockettes
10204,10390,2003.0,Midsomer Murders: Painted in Blood
10205,10391,1999.0,The Bridge
10206,10392,1998.0,The Thin Red Line
10207,10393,2000.0,Just One Time
10208,10394,1973.0,The World's Greatest Athlete
10209,10395,1975.0,Breakheart Pass
10210,10396,1999.0,After Life
10211,10397,2005.0,Wild Things: Diamonds in the Rough
10212,10398,2005.0,Curious
10213,10399,1982.0,Idomeneo: Mozart: Metropolitan Opera
10214,10400,2004.0,Gloria Estefan: Live and Unwrapped
10215,10401,1990.0,Aerosmith: The Making of Pump
10216,10402,2005.0,Ethan Mao
10217,10403,1993.0,Amos & Andrew
10218,10404,1984.0,Marlene
10219,10405,1997.0,Don King: Only in America
10220,10406,1995.0,Absolutely Fabulous: Series 3
10221,10407,1995.0,Cutthroat Island
10222,10408,2000.0,I Come
10223,10409,1964.0,633 Squadron
10224,10410,1969.0,The Looking Glass War
10225,10411,2004.0,Strawberry Shortcake: Best Pets Yet
10226,10412,2003.0,MTV: Punk'd: Season 1
10227,10413,2002.0,Clockstoppers
10228,10414,1977.0,Rollercoaster
10229,10415,2002.0,16 December
10230,10416,1943.0,Lady of Burlesque
10231,10417,2000.0,Jesus
10232,10418,1997.0,South Park: Season 1
10233,10419,2000.0,Gossip
10234,10420,1984.0,The Muppets Take Manhattan
10235,10421,2003.0,Scary Movie 3
10236,10422,1999.0,The Legend of Sleepy Hollow
10237,10423,1997.0,Rosewood
10238,10424,1993.0,Carlito's Way
10239,10425,2003.0,Willard
10240,10426,1958.0,Auntie Mame
10241,10427,1971.0,The Best of MusikLaden: Procol Harum
10242,10428,1984.0,Splash: 20th Anniversary Edition
10243,10429,2003.0,Final Destination 2
10244,10430,1994.0,Wagons East
10245,10431,2003.0,Growing up with Winnie the Pooh: A Great Day of Discovery
10246,10432,1988.0,Tibet: Windham Hill
10247,10433,1953.0,Stalag 17
10248,10434,1996.0,Zero Woman: The Accused
10249,10435,1993.0,The Positively True Adventures of the Alleged Texas Cheerleader-Murdering Mom
10250,10436,2000.0,Road Trip
10251,10437,1982.0,Missing
10252,10438,1972.0,The King of Marvin Gardens
10253,10439,1928.0,The Circus
10254,10440,1995.0,Tales from the Crypt: The Robert Zemeckis Collection
10255,10441,2004.0,Fred Rogers: America's Favorite Neighbor
10256,10442,2000.0,Better Living Through Circuitry
10257,10443,1963.0,Bay of Angels
10258,10444,1998.0,Besieged
10259,10445,1963.0,The Andy Griffith Show: Vol 1: High Noon at Mayberry / The Loaded Goat
10260,10446,1993.0,The Remains of the Day
10261,10447,2005.0,Blue's Clues: Blue's Room: Alphabet Power
10262,10448,1993.0,Who's the Man?
10263,10449,2005.0,No Direction Home: Bob Dylan
10264,10450,1943.0,Sherlock Holmes Faces Death
10265,10451,1971.0,A Clockwork Orange
10266,10452,1988.0,Full Moon in Blue Water
10267,10453,1968.0,The Complete Monterey Pop Festival
10268,10454,1998.0,Stonebrook
10269,10455,1993.0,To Dance With the White Dog
10270,10456,1989.0,Campion: Police at the Funeral
10271,10457,1999.0,French: Vol. 1: The Standard Deviants
10272,10458,1955.0,Picnic
10273,10459,2003.0,The Inspector Lynley Mysteries: In the Presence of the Enemy
10274,10460,1988.0,Red Dwarf: Series 1
10275,10461,1993.0,Searching for Bobby Fischer
10276,10462,2001.0,Cruel and Unusual
10277,10463,1995.0,Fist of the North Star
10278,10464,1995.0,Tenchi Muyo! Ryo Ohki
10279,10465,2002.0,Bruce Springsteen and The E Street Band: Live in Barcelona
10280,10466,1955.0,Lady and the Tramp
10281,10467,1997.0,Music From Another Room
10282,10468,1999.0,70 Years of Popeye
10283,10469,2002.0,Malevolent
10284,10470,1999.0,A Saintly Switch
10285,10471,1998.0,Spawn 2
10286,10472,2004.0,Since Otar Left
10287,10473,1979.0,More American Graffiti
10288,10474,1966.0,Khartoum
10289,10475,2002.0,Let's Dance Salsa: Beginning Lessons 2
10290,10476,1932.0,Trouble in Paradise
10291,10477,1965.0,Guide
10292,10478,1999.0,Arthur's Quest
10293,10479,1987.0,Unsolved Mysteries: UFOs
10294,10480,1980.0,The Private Eyes
10295,10481,1999.0,Tail Lights Fade
10296,10482,2002.0,The Adventures of Jimmy Neutron: Jet Fusion
10297,10483,1972.0,Au Pair Girls
10298,10484,1925.0,Sally of the Sawdust
10299,10485,2000.0,Shriek If You Know What I Did Last Friday the 13th
10300,10486,1988.0,Friday the 13th: Part 7: The New Blood
10301,10487,2002.0,Ayurveda: The Art of Being
10302,10488,2004.0,The Ultimate National Geographic WWII Collection
10303,10489,1937.0,The Edge of the World
10304,10490,1999.0,Bravo Two Zero
10305,10491,1962.0,Dr. No
10306,10492,1997.0,Stomp: Stomp Out Loud
10307,10493,1995.0,Hunted
10308,10494,2003.0,The Reagans
10309,10495,2000.0,Land of the Mammoth
10310,10496,1999.0,Thakshak
10311,10497,1981.0,Bustin' Loose
10312,10498,1998.0,Surrender Dorothy
10313,10499,1995.0,Iron Eagle 4: On the Attack
10314,10500,2003.0,Justin Timberlake: Live from London
10315,10501,2004.0,5ive Days to Midnight
10316,10502,1991.0,Critters 4
10317,10503,1994.0,The Cowboy Way
10318,10504,2001.0,And the Band Played On
10319,10505,2000.0,Loser
10320,10506,2003.0,Pinjar
10321,10507,1997.0,Sapnay
10322,10508,2001.0,Classic Albums: Iron Maiden: Number of the Beast
10323,10509,1977.0,Candleshoe
10324,10510,1991.0,Guilty by Suspicion
10325,10511,1974.0,Amazing Grace
10326,10512,2004.0,Las Vegas: Season 2
10327,10513,2001.0,La Repetition
10328,10514,1999.0,Tale of the Mummy
10329,10515,2000.0,But Forever in My Mind
10330,10516,2001.0,Strictly Sinatra
10331,10517,2004.0,When Will I Be Loved?
10332,10518,1999.0,A Man Called Hero
10333,10519,2003.0,The Howlin' Wolf Story
10334,10520,1999.0,Wind in the Willows
10335,10521,2004.0,Cops: Bad Girls
10336,10522,1987.0,Aria
10337,10523,1937.0,Bulldog Drummond Escapes/ Bulldog Drummond's Secret Police
10338,10524,2004.0,NFL Films Super Bowl Collection: Super Bowl XXI-XXX
10339,10525,2003.0,The Heroic Duo
10340,10526,1997.0,McHale's Navy
10341,10527,1998.0,Small Soldiers
10342,10528,1998.0,Night Warriors #1: Darkstalker's Revenge: Alpha
10343,10529,1956.0,The Rainmaker
10344,10530,1999.0,Vaastav
10345,10531,2000.0,Diplomatic Siege
10346,10532,2000.0,Titus: Seasons 1 & 2
10347,10533,2001.0,Hellion: The Devil's Playground
10348,10534,1996.0,Kimera: Vol. 1
10349,10535,2002.0,ECW: Wrestlepalooza '97
10350,10536,1998.0,James Taylor: Live at the Beacon Theatre
10351,10537,2001.0,America: A Tribute to Heroes
10352,10538,2002.0,Citizen Toxie: The Toxic Avenger IV
10353,10539,1985.0,Doctor Who: The Two Doctors
10354,10540,2004.0,Good Night Maisy
10355,10541,1991.0,The Commish: Season 1
10356,10542,1997.0,The Adventures of Paddington Bear
10357,10543,1992.0,Zebrahead
10358,10544,1999.0,The Tavern
10359,10545,2003.0,Love Comes Softly
10360,10546,1973.0,Season of the Witch
10361,10547,1995.0,Swan Lake: Tchaikovsky (Matthew Bourne)
10362,10548,1956.0,Jubal
10363,10549,2000.0,Attention Shoppers
10364,10550,2003.0,Cold Mountain
10365,10551,1999.0,Deterrence
10366,10552,2003.0,The Forsyte Saga: Series 2
10367,10553,2000.0,Rock: The People's Champ: WWF
10368,10554,1959.0,The Diary of Anne Frank
10369,10555,2004.0,Masti
10370,10556,1994.0,Destiny in Space: IMAX
10371,10558,1970.0,Bed and Board
10372,10559,1941.0,Citizen Kane: Bonus Material
10373,10560,1957.0,Witness for the Prosecution
10374,10561,2005.0,Ice Princess
10375,10562,2002.0,The Biggest Fan
10376,10563,2003.0,Killer Rats
10377,10565,2002.0,The Peeping
10378,10566,2002.0,Hellraiser VI: Hellseeker
10379,10567,1999.0,The All New Adventures of Laurel & Hardy: For Love or Mummy
10380,10568,1993.0,National Lampoon's Loaded Weapon
10381,10569,2002.0,To': Day of Days: White Knuckle Extreme
10382,10570,1964.0,The World of Henry Orient
10383,10571,2002.0,Shooters
10384,10572,1999.0,Marianne Faithfull: Dreaming My Dreams
10385,10573,1972.0,Columbo: Season 2
10386,10574,2004.0,The Keys to the House
10387,10575,1962.0,The Twilight Zone: Vol. 6
10388,10576,2004.0,DiG!
10389,10577,2000.0,Stiff Upper Lips
10390,10578,1974.0,The Great Ecstasy of the Sculptor Steiner / How Much Wood Would a Woodchuck Chuck? / La Soufriere
10391,10579,1972.0,Dracula A.D. 1972
10392,10580,1994.0,Baseball
10393,10581,1998.0,Invasion: Earth
10394,10582,2003.0,Oldboy
10395,10583,2003.0,The School of Rock
10396,10584,1999.0,Revolutionary Girl Utena: The Movie
10397,10585,1998.0,Duplicate
10398,10586,1991.0,Red Green: Stuffed and Mounted 5
10399,10587,1994.0,Nightfire
10400,10588,2003.0,Fear X
10401,10589,2005.0,Daphne in the Brilliant Blue
10402,10590,1975.0,Lips of Blood
10403,10591,2000.0,Stardom
10404,10592,2002.0,Skinwalkers
10405,10593,1945.0,And Then There Were None
10406,10594,1997.0,Tower of Terror
10407,10595,1993.0,Bill Monroe: The Father of Bluegrass
10408,10596,2003.0,National Security
10409,10597,2000.0,Inspector Morse 33: The Remorseful Day
10410,10598,2004.0,Chappelle's Show: Season 2
10411,10599,1978.0,Doctor Who: The Androids of Tara
10412,10600,2003.0,Epoch: Evolution
10413,10601,1972.0,The Discreet Charm of the Bourgeoisie
10414,10602,2004.0,800 Bullets
10415,10603,2001.0,Rudolph the Red Nosed Reindeer and the Island of Misfit Toys
10416,10604,1988.0,Dominick and Eugene
10417,10605,1976.0,The Front
10418,10606,1974.0,Little House on the Prairie: Season 1
10419,10607,2002.0,We Were Soldiers
10420,10608,1999.0,Trick
10421,10609,1978.0,Best of The Muppet Show: Harry Belafonte / Linda Ronstadt / John Denver
10422,10610,2002.0,Desert Saints
10423,10611,2004.0,Wrestlemania XX 2004
10424,10612,1960.0,Swiss Family Robinson
10425,10613,1984.0,A Soldier's Story
10426,10614,2003.0,Beethoven's 5th
10427,10615,1979.0,Opening Night
10428,10616,2001.0,Bob & Rose
10429,10617,1963.0,Contempt
10430,10618,1991.0,Cape Fear: Bonus Material
10431,10620,1940.0,The Philadelphia Story
10432,10621,1965.0,Live and Swingin': The Ultimate Rat Pack Collection
10433,10622,2000.0,Bless the Child
10434,10623,2000.0,Tell Me No Lies
10435,10624,1998.0,Savior
10436,10625,2002.0,Windtalkers
10437,10626,1999.0,Sports Bloopers DVD Triple Play
10438,10627,1978.0,Dawn of the Dead
10439,10628,2003.0,MTV's Wuthering Heights
10440,10629,1987.0,Deathstalker 2
10441,10630,1980.0,Tess
10442,10631,1979.0,Beyond the Darkness
10443,10632,1972.0,Score
10444,10633,2003.0,It Runs in the Family
10445,10634,2005.0,Mermaid Forest
10446,10635,2001.0,Go Tigers!
10447,10636,1972.0,The Chinese Connection
10448,10637,1962.0,The Dick Van Dyke Show: Season 2
10449,10638,1997.0,Night Screams
10450,10639,2001.0,Daria: The Movie: Is it Fall Yet?
10451,10640,1976.0,The Duchess of Duke Street: Series 1
10452,10641,1957.0,A Man Escaped
10453,10642,1999.0,Godzilla 2000: Millennium
10454,10643,1992.0,Seinfeld: Season 4
10455,10644,2002.0,The West Wing: Season 4
10456,10645,1995.0,Dracula: Dead and Loving It
10457,10646,1985.0,Secret Admirer
10458,10647,1982.0,The Blue and the Gray
10459,10648,1988.0,The Kiss
10460,10650,2001.0,Little Polar Bear
10461,10651,1998.0,Secrets of War: The Korean Conflict
10462,10652,1998.0,The Great Battles of World War II: Battle for the Beach
10463,10653,1996.0,Werewolf
10464,10654,2001.0,The I Love Lucy 50th Anniversary Special
10465,10655,1991.0,Dogfight
10466,10656,2003.0,Before We Ruled the Earth: Mastering the Beasts
10467,10657,2000.0,Joe Gould's Secret
10468,10658,2001.0,Luck of the Draw
10469,10659,1973.0,The Cheerleaders Collection: The Cheerleaders
10470,10660,1992.0,For a Lost Soldier
10471,10661,1953.0,Tokyo Story
10472,10662,1988.0,Akira
10473,10663,1998.0,Kipper: Friendship Tails
10474,10664,1994.0,Wyatt Earp: Special Edition
10475,10665,2003.0,The Hero
10476,10666,1987.0,Star Trek: The Next Generation: Season 1
10477,10667,2005.0,Stone Cold
10478,10668,1967.0,The Monkees: Favorite Episodes
10479,10669,1993.0,Mystery Science Theater 3000: Manos: Hands of Fate
10480,10670,1997.0,Full Metal Yakuza
10481,10671,1942.0,My Favorite Blonde / Star Spangled Rhythm
10482,10672,1974.0,The House of Exorcism
10483,10673,1991.0,Hot Shots!
10484,10674,1995.0,Dancing in the Dark
10485,10675,1961.0,Phantom Planet
10486,10677,1976.0,Woyzeck
10487,10678,1962.0,Gypsy
10488,10679,1973.0,Zatoichi at Large
10489,10680,1998.0,Hurlyburly
10490,10681,2000.0,Flickering Lights
10491,10682,1962.0,The Twilight Zone: Vol. 38
10492,10683,1997.0,Father Ted: Series 3
10493,10684,1970.0,Hercules in New York
10494,10685,2002.0,Hey Arnold! The Movie
10495,10686,1964.0,The Twilight Zone: Vol. 23
10496,10687,1992.0,Jessica: A Ghost Story
10497,10688,1981.0,Ms. 45
10498,10689,1981.0,Le Nozze di Figaro: Mozart: Drottningholm Court Theatre
10499,10691,1959.0,They Came to Cordura
10500,10692,2004.0,Broadway: The American Musical
10501,10693,1969.0,Benny Hill: Complete and Unadulterated: The Naughty Early Years: Set 2
10502,10694,2003.0,A Little Snow Fairy Sugar
10503,10695,2002.0,Lovely & Amazing
10504,10696,2001.0,Friends and Family
10505,10697,1994.0,Safe Passage
10506,10698,1969.0,Castle Keep
10507,10699,1955.0,Smiles of a Summer Night
10508,10700,2002.0,The Target
10509,10701,1985.0,Gotcha!
10510,10702,1994.0,The Ref
10511,10703,2004.0,Ghost Lake
10512,10704,1990.0,RoboCop 2
10513,10705,1998.0,The Cheap Killers
10514,10706,1967.0,Bolshoi Ballet '67
10515,10707,1992.0,Blue Sky
10516,10708,2003.0,The Long Ride Home
10517,10709,1973.0,Hanzo the Razor: The Snare
10518,10710,1980.0,Tommy & Tuppence: Partners in Crime: Set 1
10519,10711,1997.0,The Myth of Fingerprints
10520,10712,1988.0,Above the Law
10521,10713,1999.0,The Third Miracle
10522,10714,2001.0,Meat Market
10523,10715,2000.0,Shakespeare Tragedies: Origins and Style: The Standard Deviants
10524,10716,1987.0,Unsolved Mysteries: Strange Legends
10525,10717,2001.0,Joe Satriani: Live in San Francisco
10526,10718,1997.0,Habit
10527,10719,2004.0,Carlita's Secret
10528,10720,2002.0,PRIDE Fighting Championships: Championship Chaos
10529,10721,2001.0,Tomcats
10530,10722,1985.0,Creator
10531,10723,1998.0,Carnival of Souls
10532,10724,1993.0,Needful Things
10533,10725,2005.0,Cirque du Soleil: Solstrom
10534,10726,2003.0,Fairly Oddparents: Abra-Catastrophe the Movie
10535,10727,2001.0,Virgil Bliss
10536,10728,2002.0,Python II
10537,10729,1985.0,Ran
10538,10730,2002.0,Gangs of New York
10539,10731,1998.0,Talk of Angels
10540,10732,1971.0,The Beguiled
10541,10733,1989.0,She's Out of Control
10542,10734,1987.0,The Last Emperor
10543,10735,2004.0,Meat Loaf: Live with the Melbourne Symphony Orchestra
10544,10736,1975.0,Escape to Witch Mountain
10545,10737,2000.0,Gimme Some Truth: The Making of John Lennon's 'Imagine' Album
10546,10738,1974.0,Lone Wolf and Cub: White Heaven in Hell
10547,10739,1998.0,The Man in the Iron Mask
10548,10740,2003.0,Rolie Polie Olie: The Baby 'Bot Chase
10549,10741,2002.0,The Last Year
10550,10742,2005.0,Max and Ruby's Halloween
10551,10743,2001.0,Pearl Jam: Touring Band 2000
10552,10744,1999.0,Lain #4: Reset
10553,10745,2001.0,Series 7: The Contenders
10554,10746,2002.0,As Time Goes By: You Must Remember This
10555,10747,1987.0,Can't Buy Me Love
10556,10748,1987.0,Hamburger Hill
10557,10749,1981.0,The Hitchhiker's Guide to the Galaxy: Bonus Material
10558,10750,2001.0,Survivor: Season 2: The Australian Outback
10559,10751,1990.0,Madeline Manners
10560,10752,1993.0,A Year in Provence
10561,10753,1999.0,Invisible Mom 2
10562,10754,1986.0,Adventures of the Galaxy Rangers
10563,10755,2000.0,Abhimaan
10564,10756,2002.0,Kirby: A Dark & Stormy Knight
10565,10757,2005.0,Justice League Unlimited: Saving the World
10566,10758,1996.0,Darkman 3: Die Darkman Die
10567,10759,2004.0,Alexander: Director's Cut
10568,10760,2000.0,The Crocodile Hunter: Croc Files
10569,10761,2001.0,RahXephon
10570,10762,1994.0,The Last Outlaw
10571,10763,2004.0,WWE: Vengeance 2004
10572,10764,1997.0,Star Trek: Voyager: Season 4
10573,10765,2001.0,Rod Steele 0014: You Only Live Until You Die
10574,10766,1988.0,The Navigator: A Time Travel Adventure
10575,10767,1990.0,The Chronicles of Narnia: The Silver Chair
10576,10768,1976.0,The Great Texas Dynamite Chase
10577,10769,1979.0,The Legacy
10578,10770,2001.0,A Gentleman's Game
10579,10771,1993.0,Return to Lonesome Dove
10580,10772,1994.0,Samurai Shodown
10581,10773,2004.0,SpongeBob SquarePants: The Movie
10582,10774,1976.0,Taxi Driver
10583,10775,1963.0,The Haunting
10584,10776,1994.0,The Lion King: Special Edition: Bonus Material
10585,10777,1999.0,Battle Athletes Victory: Vol. 3: Tragedy & Triumph
10586,10778,2001.0,Scrubs: Season 1
10587,10779,1983.0,The Fourth Man
10588,10780,2000.0,Signing Made Easy
10589,10781,2004.0,Airline: Season 1
10590,10782,,Roti Kapada Aur Makaan
10591,10783,1940.0,The Mummy's Hand / The Mummy's Tomb
10592,10784,2003.0,Elf: Bonus Material
10593,10785,2000.0,U-571
10594,10786,1992.0,Brother's Keeper: 10th Anniversary Edition
10595,10787,1980.0,Oh! Heavenly Dog
10596,10788,2000.0,Meat Loaf: Hits Out of Hell
10597,10789,2000.0,Second Skin
10598,10790,1988.0,Crying Freeman
10599,10791,2001.0,Teletubbies: Baby Animals
10600,10792,2003.0,Dora the Explorer: Egg Hunt
10601,10793,1952.0,The Adventures of Ozzie and Harriet
10602,10794,2003.0,The Singing Forest
10603,10796,1969.0,The Oblong Box / Scream and Scream Again (Double Feature)
10604,10797,1936.0,The Three Stooges: Cops and Robbers
10605,10798,1927.0,Alfred Hitchcock: Blackmail and Easy Virtue
10606,10799,1995.0,The Baby Sitters Club
10607,10800,1968.0,Dark Shadows: Vol. 7
10608,10801,1999.0,The Best of the Andy Williams Show
10609,10802,1998.0,The Sex Monster
10610,10803,1967.0,Dragnet '67: Season 1
10611,10804,2000.0,Living It Up
10612,10805,1994.0,The Stoned Age
10613,10806,2000.0,Pola X
10614,10807,1963.0,Petticoat Junction: Ultimate Collection
10615,10808,1979.0,Being There
10616,10809,1995.0,Four Rooms
10617,10810,2002.0,Dragon Ball: General Blue Saga
10618,10811,2004.0,LeapFrog: Talking Words Factory II: The Code Word Caper
10619,10812,2001.0,Laughing Out Loud: Vol. 3
10620,10813,1992.0,The Kennedys: American Experience
10621,10814,2000.0,A History of Britain
10622,10815,1974.0,Don't Touch the White Woman!
10623,10816,1976.0,The House with Laughing Windows
10624,10817,2004.0,Gantz
10625,10818,2003.0,Mystic River: Bonus Material
10626,10819,1995.0,Moonlight and Valentino
10627,10820,1985.0,Back to the Future
10628,10821,2001.0,Mysterious Object at Noon
10629,10822,1966.0,Fantastic Voyage / Voyage to the Bottom of the Sea
10630,10823,2000.0,Eating Well for Optimum Health
10631,10824,1995.0,Sesame Street: Do the Alphabet
10632,10825,1993.0,Red Dwarf: Series 6
10633,10826,2000.0,Shakespeare Tragedies: Othello/ Macbeth/ King Lear: The Standard Deviants
10634,10827,1939.0,Of Mice and Men
10635,10828,1993.0,The Nightmare Before Christmas
10636,10829,2005.0,Masters of Poker: Phil Hellmuth's Million Dollar Online Poker Secrets
10637,10830,1988.0,Scrooged
10638,10831,1972.0,The Thing With Two Heads
10639,10832,1960.0,Psycho
10640,10833,2004.0,Baby Einstein: World Animals
10641,10834,1990.0,Sibling Rivalry
10642,10835,1999.0,Stigmata
10643,10836,1988.0,Return of the Living Dead 2
10644,10837,1985.0,Shoah
10645,10838,2001.0,Transcendence
10646,10840,2004.0,Rated R: Republican in Hollywood
10647,10841,2004.0,He Knew He Was Right
10648,10842,1999.0,Mariah Carey: Around the World
10649,10843,2000.0,City of M
10650,10844,1980.0,The Hunter
10651,10845,1984.0,Hard to Hold
10652,10846,2000.0,Bamboozled
10653,10847,2003.0,Baby Einstein: Numbers Nursery
10654,10848,1992.0,The Distinguished Gentleman
10655,10849,1992.0,The Iceman: Confessions of a Mafia Hitman
10656,10850,1971.0,The Giallo Collection: The Case of the Bloody Iris
10657,10851,1948.0,Red River
10658,10852,1967.0,Star Trek: The Original Series: Vols. 16-28
10659,10853,2003.0,National Lampoon's Blackball
10660,10854,1952.0,Moulin Rouge
10661,10855,1997.0,The Apocalypse
10662,10856,1997.0,Classic Albums: Jimi Hendrix: Electric Ladyland
10663,10857,1988.0,The Men Who Killed Kennedy
10664,10858,2001.0,Britney Spears: Britney: The Videos
10665,10859,1996.0,Alice in Chains: Unplugged
10666,10861,1994.0,Love Affair
10667,10862,1992.0,First Shot
10668,10863,2002.0,Hollywood Ending
10669,10864,1982.0,Night Crossing
10670,10865,1993.0,High Lonesome: The Story of Bluegrass Music
10671,10866,2000.0,Bee Gees: This is Where I Came In
10672,10867,2004.0,Disney Princess Party: Vol. 1: Birthday Celebration
10673,10868,1988.0,Satisfaction
10674,10869,1979.0,Alien: Collector's Edition: Bonus Material
10675,10870,1973.0,Charles Bronson: Chino / Man with a Camera
10676,10871,1971.0,Fantastic Planet
10677,10872,1990.0,Bird on a Wire
10678,10873,2004.0,A Different Loyalty
10679,10874,2004.0,Cirque Du Soleil: Fire Within
10680,10875,1999.0,Shikoku
10681,10876,2003.0,Absolutely Fabulous: Gorgeous Little Things (Bonus Material)
10682,10877,1999.0,Star Wars: Episode I: The Phantom Menace: Bonus Material
10683,10878,1985.0,Buddy Rich: The Lost West Side Story Tapes
10684,10879,1991.0,Scenes from a Mall
10685,10880,1999.0,Pocahontas
10686,10881,1986.0,Haunted Honeymoon
10687,10882,1999.0,Earthly Possessions
10688,10883,1996.0,The Titanic
10689,10884,1958.0,Damn Yankees
10690,10885,2004.0,Dead and Breakfast
10691,10886,1995.0,Waterworld
10692,10888,1990.0,Dil
10693,10889,2000.0,Keeping the Faith
10694,10890,1978.0,Revenge of the Pink Panther
10695,10891,1986.0,Belizaire the Cajun
10696,10892,2001.0,The Unsaid
10697,10893,2004.0,Saturday Night Live: The Best of Christopher Walken
10698,10894,2001.0,Ali
10699,10895,1969.0,Cactus Flower
10700,10896,2000.0,Errol Morris' First Person: The Complete Series
10701,10897,1978.0,Don
10702,10898,1914.0,Cabiria
10703,10899,2005.0,The Wedding Date
10704,10900,1999.0,Broken Vessels
10705,10901,2004.0,The Keeper of Time
10706,10902,1986.0,Crime Story: Season 1
10707,10903,1993.0,Mystery Science Theater 3000: The Brain That Wouldn't Die
10708,10904,1996.0,Tornado!
10709,10905,1994.0,Dream Lover
10710,10906,2004.0,Cellular
10711,10907,1998.0,No Code of Conduct
10712,10908,1997.0,Byzantium: The Lost Empire
10713,10909,2001.0,Our Song
10714,10910,1989.0,The Women of Brewster Place
10715,10911,1985.0,The Emerald Forest
10716,10912,1982.0,Death Wish 2
10717,10913,1994.0,Sleep with Me
10718,10914,1968.0,Ice Station Zebra
10719,10915,2001.0,Roger Waters: In the Flesh: Live
10720,10916,1999.0,Paul McCartney: Live at the Cavern Club
10721,10917,2004.0,All Purpose Cultural Cat Girl
10722,10918,1987.0,Black Adder III
10723,10919,2004.0,Glass Trap
10724,10920,1968.0,Bullitt
10725,10921,2003.0,Just Married
10726,10922,1974.0,The Little Prince
10727,10923,1972.0,Junior Bonner
10728,10924,1948.0,The Street with No Name
10729,10925,1996.0,Mr. Wrong
10730,10926,2004.0,Employee of the Month
10731,10927,1999.0,Hell's Kitchen
10732,10928,1994.0,Ace Ventura: Pet Detective
10733,10929,1990.0,Nuns on the Run
10734,10930,1997.0,Dragon Ball Z: Dead Zone
10735,10931,1989.0,Beware! Children at Play
10736,10932,2003.0,Tough Luck
10737,10933,2001.0,Wooly Boys
10738,10934,1999.0,My Neighbors the Yamadas
10739,10935,1986.0,Running Scared
10740,10936,1990.0,Where the Heart Is
10741,10937,2003.0,Dragon Fighter
10742,10938,1993.0,Ethan Frome
10743,10939,1997.0,The Soong Sisters
10744,10940,1968.0,Candy
10745,10942,1999.0,Sakura Diaries
10746,10943,2001.0,Ben Folds Five: Complete Sessions at West 54th
10747,10944,1985.0,Re-Animator
10748,10945,1997.0,The Land Before Time V: The Mysterious Island
10749,10946,1972.0,Pink Flamingos
10750,10947,2004.0,The Incredibles
10751,10949,2002.0,Grand Teton / Yellowstone
10752,10951,1961.0,Judgment at Nuremberg
10753,10952,1996.0,Heaven's Prisoners
10754,10953,2003.0,Dangerous Liaisons (Short English Version)
10755,10954,1970.0,The Honeymoon Killers
10756,10955,1975.0,The Return of the Pink Panther
10757,10956,1974.0,Phantom of the Paradise
10758,10957,1961.0,Come September
10759,10958,1991.0,Dil Hai Ke Manta Nahin
10760,10959,1987.0,Dorothy L. Sayers Mysteries: Gaudy Night
10761,10960,1996.0,Bad Moon
10762,10961,1986.0,George Carlin: Playing with Your Head
10763,10962,2002.0,Rollerball
10764,10963,1976.0,The Gumball Rally
10765,10964,2005.0,Barbie: Fairytopia
10766,10965,1995.0,Blue in the Face
10767,10966,2001.0,Last Run
10768,10968,2002.0,Gov't Mule: Rising Low
10769,10969,1954.0,Jail Bait
10770,10970,1986.0,Castle in the Sky
10771,10971,1949.0,Thieves' Highway
10772,10972,1995.0,Alien Visitor
10773,10973,2005.0,WWE: Vengeance: Hell in a Cell
10774,10974,1959.0,Teenagers from Outer Space
10775,10975,2003.0,Lost Junction
10776,10976,1991.0,Clarissa
10777,10977,1998.0,Loveblind
10778,10978,1998.0,Cartoon Crazys Goes to War
10779,10979,1949.0,I Was a Male War Bride
10780,10980,1980.0,Shakespeare Comedies: The Tempest
10781,10981,2002.0,Hart's War
10782,10982,1990.0,Twin Peaks: Season 1
10783,10983,1996.0,Teletubbies: Look! Playful Patterns and Simple Shapes
10784,10984,1953.0,The Desert Rats
10785,10985,2003.0,WWE: Undertaker: He Buries Them Alive
10786,10986,2004.0,Before Sunset
10787,10987,2005.0,The Festival: Season 1
10788,10988,1995.0,How to Make an American Quilt
10789,10989,1995.0,Lumiere and Company
10790,10990,2001.0,Huey P. Newton Story
10791,10991,2000.0,Dragonheart: A New Beginning
10792,10992,2001.0,The Doe Boy
10793,10993,2000.0,Boys Life 3
10794,10994,1986.0,King Kong Lives
10795,10995,1977.0,Sorcerer
10796,10996,1992.0,Buffy the Vampire Slayer: The Movie
10797,10997,1989.0,Nadia: Secret of Blue Water
10798,10998,1946.0,Murderers Are Among Us
10799,10999,2000.0,Crime and Punishment in Suburbia
10800,11000,1947.0,Possessed
10801,11001,2005.0,Cross Bones
10802,11002,2005.0,Walt Disney's Timeless Tales: Vol. 1
10803,11003,2003.0,A Certain Kind of Death
10804,11004,1997.0,The Apostle
10805,11005,1996.0,Bed of Roses
10806,11006,1978.0,In a Year with 13 Moons
10807,11007,2004.0,Infernal Affairs II
10808,11008,2003.0,WWE: Judgment Day 2003
10809,11009,1969.0,De Sade
10810,11010,1994.0,Ellen: Season 1
10811,11011,2004.0,Countess Dracula's Orgy of Blood
10812,11012,1999.0,El Coronel No Tiene Quien Le Escriba
10813,11013,2001.0,The Mexican
10814,11014,2004.0,The Last Sign
10815,11015,2004.0,Leslie Sansone: Walk Away the Pounds: Walk & Jog
10816,11016,1999.0,A Clean Kill
10817,11017,1965.0,Father of a Soldier
10818,11018,2004.0,The Foliage
10819,11019,2003.0,Rapid Exchange
10820,11020,1937.0,Stage Door
10821,11021,1986.0,Clockwise
10822,11022,2004.0,Fahrenheit 9/11
10823,11023,1998.0,Bubblegum Crisis
10824,11024,1942.0,For Me and My Gal
10825,11025,1982.0,A Midsummer Night's Sex Comedy
10826,11026,2002.0,Inu-Yasha: The Movie 2: The Castle Beyond the Looking Glass
10827,11027,1998.0,Love After Death
10828,11028,1981.0,Pippin: Special Edition
10829,11029,1998.0,Celebrity
10830,11030,2003.0,Ong-Bak: The Thai Warrior
10831,11031,1998.0,Telling You
10832,11032,2002.0,The Banger Sisters
10833,11033,1992.0,Bloodfist 4: Die Trying
10834,11034,1993.0,Father Hood
10835,11035,1988.0,Tanner '88
10836,11036,2005.0,Billy Blanks: Tae Bo: Total Body Fat Blaster
10837,11037,2004.0,Laffapalooza! #2
10838,11038,1984.0,Places in the Heart
10839,11039,1970.0,Company: Original Cast Album
10840,11040,2003.0,Radio
10841,11041,2003.0,The Weather
10842,11042,1978.0,Coming Home
10843,11043,1970.0,Mary Tyler Moore: Season 1
10844,11044,1961.0,Lola
10845,11045,1984.0,Doctor Who: The Caves of Androzani
10846,11046,2004.0,Noel
10847,11047,1995.0,Outbreak
10848,11048,1992.0,Beta
10849,11049,2002.0,Women vs. Men
10850,11050,1977.0,MASH: Season 6
10851,11051,1982.0,Sophie's Choice
10852,11052,2000.0,Dragon Ball Z: The History of Trunks
10853,11053,2003.0,Entertainer's Basketball Classic at Rucker Park: The Second Season
10854,11054,2004.0,Kaakha Kaakha
10855,11055,2000.0,Directors: Robert Altman
10856,11056,2003.0,Duran Duran: Greatest
10857,11057,1980.0,Sandbaggers: Collection 2
10858,11058,1983.0,A Night in Heaven
10859,11059,1997.0,The Thief
10860,11060,2000.0,The Endurance
10861,11061,1950.0,Halls of Montezuma
10862,11062,1994.0,Shallow Grave
10863,11063,1974.0,The Cheerleaders Collection: The Swinging Cheerleaders
10864,11064,1994.0,Pulp Fiction
10865,11065,1994.0,A Low Down Dirty Shame
10866,11066,1997.0,Just Write
10867,11067,1998.0,Shadowraiders
10868,11068,1996.0,Prime Suspect 5
10869,11069,2002.0,Men in Black II: Bonus Material
10870,11070,1986.0,Class of Nuke 'Em High
10871,11071,1962.0,The Jetsons: Season 1
10872,11072,2000.0,Joseph Campbell: The Hero's Journey
10873,11073,2003.0,Wilder Days
10874,11074,1988.0,Doomed Megalopolis
10875,11075,1951.0,Flying Leathernecks
10876,11076,1992.0,The Heroic Trio
10877,11077,2004.0,Meet the Fockers
10878,11078,2003.0,Allman Brothers: Live at the Beacon Theatre
10879,11079,1971.0,Jimi Hendrix: Rainbow Bridge
10880,11080,1998.0,The Patriot
10881,11081,1943.0,The More the Merrier
10882,11082,1999.0,VH1 Divas Live '99
10883,11084,1986.0,An American Tail
10884,11085,1977.0,Equus
10885,11086,1997.0,Julian Po
10886,11087,1998.0,American Steam
10887,11088,1992.0,Adventures of Batman & Robin: The Joker/Fire & Ice
10888,11090,1999.0,Stir of Echoes
10889,11091,1996.0,3rd Rock from the Sun: Season 2
10890,11092,2000.0,Dragon Ball Z: Trunks Saga
10891,11093,1999.0,Chill Out
10892,11094,1956.0,Helen of Troy
10893,11095,2000.0,The Prime Gig
10894,11096,1998.0,Holy Man
10895,11097,1961.0,The Twilight Zone: Vol. 4
10896,11098,1987.0,Wish You Were Here
10897,11099,1994.0,The Land Before Time II: The Great Valley Adventure
10898,11100,1959.0,It Happened to Jane
10899,11101,1999.0,One Day in September
10900,11102,1998.0,Dogtown
10901,11103,1987.0,Date With an Angel
10902,11104,1945.0,Deanna Durbin: Lady on a Train
10903,11105,1994.0,Mobile Fighter: G Gundam
10904,11106,1994.0,Squanto: A Warrior's Tale
10905,11107,1978.0,Snake in the Eagle's Shadow
10906,11108,2004.0,National Geographic: Inside the U.S. Secret Service
10907,11109,2003.0,Chalte Chalte
10908,11110,2001.0,Down to Earth
10909,11111,1940.0,They Drive by Night
10910,11112,1987.0,Karajan/Mutter: Vivaldi: Four Seasons
10911,11113,1999.0,Jesus and the Shroud of Turin
10912,11115,2000.0,Genesis: The Bible
10913,11117,2004.0,Miracle: Bonus Material
10914,11118,1965.0,Harum Scarum
10915,11119,1997.0,Wild America
10916,11120,1996.0,The Truce
10917,11121,1986.0,The Manhattan Project
10918,11122,1963.0,Fun in Acapulco
10919,11123,2004.0,Thunderbirds
10920,11124,1977.0,21 Up
10921,11125,1975.0,The Jeffersons: Season 1
10922,11126,2000.0,Oz: Season 4
10923,11127,1998.0,Woo
10924,11128,1976.0,New Fist of Fury
10925,11129,1987.0,Celebrating Bird: The Triumph of Charlie Parker
10926,11130,1980.0,Can't Stop the Music
10927,11131,2004.0,Father of the Pride: The Complete Series
10928,11132,2003.0,The Texas Chainsaw Massacre
10929,11133,1995.0,Top Fighter
10930,11134,2005.0,Diary of a Mad Black Woman
10931,11135,1999.0,Dragon Tales: Adventures in Dragon Land
10932,11136,2000.0,Deeply
10933,11137,1996.0,Bogus
10934,11138,1999.0,Spanish: Part 1: The Standard Deviants
10935,11139,1992.0,Passenger 57
10936,11140,2000.0,Peter Pan
10937,11141,1971.0,The Last Picture Show
10938,11142,1991.0,The Casebook of Sherlock Holmes
10939,11143,1989.0,Portrait of Ireland
10940,11144,1983.0,The Wind in the Willows
10941,11145,2005.0,Viruddh
10942,11146,1996.0,Menno's Mind
10943,11147,1977.0,Short Eyes
10944,11148,1996.0,The Land Before Time IV: Journey Through the Mists
10945,11149,2002.0,Maid in Manhattan
10946,11150,1984.0,Faerie Tale Theatre: Aladdin and His Wonderful Lamp
10947,11151,1997.0,Kicked in the Head
10948,11152,1998.0,American History X
10949,11153,1977.0,Jesus of Nazareth
10950,11154,2000.0,Greatest Moments in Super Bowl History
10951,11155,2000.0,UFC Hits: Ultimate Fighting Championship
10952,11156,1976.0,Emanuelle in America
10953,11157,2003.0,WWE: Trish Stratus: 100% Stratusfaction Guaranteed
10954,11158,1993.0,Fatal Instinct
10955,11159,1988.0,Growing up with Winnie the Pooh: Friends Forever
10956,11160,1991.0,Jeeves and Wooster: Season 2
10957,11161,2000.0,The Next Best Thing
10958,11162,2001.0,Kung Fu Master
10959,11163,1998.0,Nazca: Blades of Fate
10960,11164,2000.0,Sex and the City: Season 3
10961,11165,1968.0,2001: A Space Odyssey
10962,11166,2004.0,A Very Long Engagement
10963,11167,2003.0,One Tree Hill: Season 1
10964,11168,1987.0,Opera
10965,11169,1985.0,Wuthering Heights
10966,11170,2001.0,Hush!
10967,11171,1978.0,Jaws 2
10968,11172,1997.0,Kundun
10969,11173,2003.0,21 Grams
10970,11174,1996.0,The War at Home
10971,11175,1991.0,R.E.M.: This Film Is On
10972,11177,1989.0,Worth Winning
10973,11178,1992.0,Brain Donors
10974,11179,1998.0,Secrets of War: Air Wars
10975,11180,1999.0,My Best Fiend: Klaus Kinski
10976,11181,1999.0,Wild Cardz
10977,11182,2003.0,Master and Commander: The Far Side of the World
10978,11183,1991.0,White Fang
10979,11184,1999.0,Ninja Resurrection
10980,11185,1943.0,My Friend Flicka
10981,11186,1992.0,Far and Away
10982,11187,1987.0,21 Jump Street: Season 1
10983,11188,1966.0,That Girl: Vol. 1
10984,11189,2004.0,D-Day: The Total Story
10985,11190,1938.0,Alexander's Ragtime Band
10986,11191,1999.0,South Park: Season 3
10987,11192,1996.0,Escape from L.A.
10988,11193,1995.0,The Big Green
10989,11194,1998.0,Johnny Skidmarks
10990,11195,1956.0,Alexander the Great
10991,11196,2003.0,Outkast: The Videos
10992,11197,1944.0,The Mummy's Ghost / The Mummy's Curse
10993,11198,1999.0,The Cider House Rules
10994,11199,1989.0,The 'Burbs
10995,11200,2004.0,Fairy Tales
10996,11201,1998.0,An Alan Smithee Film: Burn Hollywood Burn
10997,11202,1999.0,Initial D
10998,11203,2004.0,Wishbone: Hot Diggety Dawg
10999,11204,2002.0,Baby Einstein: Neighborhood Animals
11000,11205,1993.0,Inspector Morse 27: The Day of the Devil
11001,11207,1959.0,Invisible Invaders / Journey to the Seventh Planet: Double Feature
11002,11208,1964.0,Gospel According to St. Matthew
11003,11209,1983.0,Risky Business
11004,11210,1973.0,A Charlie Brown Thanksgiving / The Mayflower Voyagers
11005,11211,1997.0,Under the Skin
11006,11212,2004.0,MotoGP 2004
11007,11213,1998.0,Apt Pupil
11008,11214,1987.0,La Bamba
11009,11215,2005.0,Faith of My Fathers
11010,11216,1991.0,Gundam 0083: Stardust Memory
11011,11217,2003.0,The Beatles: Love Me Do
11012,11218,1995.0,Now and Then
11013,11219,1986.0,Legend: The Director's Cut
11014,11220,1958.0,The Rifleman: Collection 1
11015,11221,2003.0,The Music Man
11016,11222,1994.0,Red
11017,11223,1992.0,Mind of a Serial Killer: Nova
11018,11224,1990.0,Good Evening Mr. Wallenberg
11019,11225,1990.0,The Sheltering Sky
11020,11226,2002.0,8 Women
11021,11227,1969.0,True Grit
11022,11228,1999.0,Second Sight: Series 1
11023,11229,2002.0,Lone Hero
11024,11230,1997.0,No. 3
11025,11231,2004.0,The Last Horror Movie
11026,11232,2003.0,Streetball Classics: Vol. 1
11027,11233,1975.0,Baretta: Season 1
11028,11234,1998.0,Simon Birch
11029,11235,1995.0,Shinjuku Triad Society
11030,11236,1989.0,Quantum Leap: Season 2
11031,11237,1996.0,Hercules: The Legendary Journeys: Season 3
11032,11238,2001.0,The NBA's 100 Greatest Plays
11033,11239,2000.0,Rockers
11034,11240,2000.0,Baby Einstein: Language Nursery
11035,11241,2005.0,AC/DC: Family Jewels
11036,11242,1985.0,Brazil
11037,11243,1982.0,Burden of Dreams
11038,11244,1989.0,For Queen & Country
11039,11245,1991.0,A Rage in Harlem
11040,11246,2000.0,Possessed
11041,11247,1997.0,Touching Evil: Series 2
11042,11248,1989.0,The Dream Team
11043,11249,2001.0,The Natural History of the Chicken
11044,11250,2001.0,Say It Isn't So
11045,11251,2002.0,Porn Theatre
11046,11252,1996.0,Cadfael: The Devil's Novice
11047,11253,1994.0,Gate to the Mind's Eye
11048,11254,1999.0,Inspector Gadget
11049,11255,2000.0,Suspicious River
11050,11256,2003.0,Malibu's Most Wanted
11051,11257,1996.0,Original Gangstas
11052,11258,1999.0,First Love and Other Pains / One of Them
11053,11259,1997.0,Shooting Fish
11054,11260,2004.0,Khakee
11055,11261,1936.0,Secret Agent
11056,11262,1999.0,Brokedown Palace
11057,11263,2002.0,The Country Bears
11058,11264,2000.0,Backstage
11059,11265,2001.0,The Princess Diaries (Widescreen)
11060,11266,1993.0,Mad Dog and Glory
11061,11267,1993.0,The Temp
11062,11268,2000.0,Andromeda: Season 1
11063,11269,2002.0,Stricken
11064,11270,1987.0,Magnificent Warriors
11065,11271,1994.0,Friends: Season 1
11066,11272,2003.0,Arthur Saves the Day
11067,11273,1970.0,I Drink Your Blood
11068,11274,1962.0,Cartouche
11069,11275,2001.0,Suze Orman: The Road to Wealth
11070,11276,2002.0,My Wife is an Actress
11071,11277,1997.0,The Rainmaker
11072,11278,1999.0,Fever
11073,11279,2000.0,Frequency
11074,11280,2004.0,Visions of Italy
11075,11281,1958.0,Laurel & Hardy
11076,11282,1988.0,Little Nikita
11077,11283,1994.0,Forrest Gump
11078,11284,2002.0,Casino
11079,11285,2003.0,Triumph the Insult Comic Dog: Come Poop with Me
11080,11286,1994.0,White Fang 2: Myth of the White Wolf
11081,11287,1986.0,The Golden Girls: Season 2
11082,11288,1993.0,Golden Balls
11083,11289,1997.0,Fleetwood Mac: The Dance
11084,11290,2003.0,Bob the Builder: Tool Power!
11085,11291,2004.0,Billy Blanks: Tae Bo: Cardio Circuit 2
11086,11292,1949.0,Little Women
11087,11293,1992.0,Storyville
11088,11294,2000.0,Barney: Come on Over to Barney's House
11089,11295,1997.0,Perfect Blue
11090,11296,1997.0,The Canterville Ghost
11091,11297,2004.0,Janet Jackson: From Janet to Damita Jo: The Videos
11092,11299,2004.0,Gad Guard
11093,11300,2000.0,Out of Time
11094,11301,1973.0,The Wicker Man
11095,11302,2003.0,Joni Mitchell: Woman of Heart and Mind
11096,11303,1985.0,Vision Quest
11097,11304,2003.0,NBA Street Series: Dunks!: Vol. 1
11098,11305,2002.0,Queen: Greatest Video Hits 1
11099,11306,1997.0,Casey's Shadow
11100,11307,2003.0,The Barbarian Invasions
11101,11308,2002.0,Company
11102,11309,2000.0,Ready to Rumble
11103,11310,1954.0,Varietease
11104,11311,2003.0,Red Hot Chili Peppers: Live at Slane Castle
11105,11312,1998.0,Mystery Kids
11106,11313,1996.0,Evita
11107,11314,2004.0,The Manchurian Candidate
11108,11315,2000.0,Rules of Engagement
11109,11316,1999.0,Where the Truth Lies
11110,11317,2001.0,Me Without You
11111,11318,1922.0,Nanook of the North
11112,11319,2003.0,Revenge in Olympia
11113,11320,1992.0,Home Improvement: Season 2
11114,11321,1986.0,Born to Defense
11115,11322,1949.0,Abbott & Costello: Africa Screams
11116,11323,2003.0,Shanghai Knights
11117,11324,2004.0,Comic Party
11118,11325,1999.0,Instinct
11119,11326,2002.0,The Trials of Henry Kissinger
11120,11327,1979.0,Fearless Hyena 2
11121,11328,1999.0,Eric Clapton & Friends in Concert: The Crossroads Benefit
11122,11329,2001.0,Stripped
11123,11330,1950.0,Martin & Lewis: At War with the Army
11124,11331,1989.0,In Country
11125,11332,1955.0,Blackboard Jungle
11126,11334,1994.0,Cirque du Soleil: Saltimbanco
11127,11335,2000.0,Just a Question of Love
11128,11336,1972.0,Doctor Who: The Three Doctors
11129,11337,1999.0,American Pie
11130,11338,1994.0,Little Odessa
11131,11339,2005.0,Larva
11132,11340,1988.0,Johnny Be Good
11133,11341,1984.0,Night Patrol
11134,11342,2004.0,Dev
11135,11343,1995.0,Fall Time
11136,11344,2004.0,Hockey Mom
11137,11345,2004.0,Corpses
11138,11346,1972.0,Fat Albert and the Cosby Kids: The Original Animated Series: Vol. 1
11139,11347,1986.0,Legal Eagles
11140,11348,2004.0,Carmen Electra's Fit to Strip
11141,11349,1986.0,Mr. Vampire 2
11142,11350,2005.0,Urban Legends: Bloody Mary
11143,11351,1997.0,The Haunted Lantern
11144,11352,1973.0,The Day of the Dolphin
11145,11354,1992.0,Mississippi Masala
11146,11355,1966.0,Alvarez Kelly
11147,11356,1987.0,Dragnet
11148,11357,2001.0,Discovering Spain
11149,11358,2001.0,Dead Awake
11150,11359,1950.0,The Flowers of St. Francis
11151,11360,2004.0,Globe Trekker: Scotland
11152,11361,2004.0,Weezer: Video Capture Device
11153,11363,2004.0,Farmingville: POV
11154,11364,2000.0,Homicide: The Movie
11155,11365,1966.0,Gamera: Return of the Giant Monsters / The Magic Serpent
11156,11366,2002.0,The Master of Disguise
11157,11367,2005.0,WWE: Divas 2005
11158,11368,2004.0,Texhnolyze
11159,11369,1996.0,The Vicar of Dibley: Series 2 and Specials
11160,11370,2002.0,Blue's Clues: Get to Know Joe!
11161,11371,2000.0,Survivor Exposed
11162,11372,1990.0,Blue Steel
11163,11373,2004.0,Meet the Creeps: Outrageous Hidden Camera Comedy
11164,11374,1999.0,The Ring Virus
11165,11375,2000.0,The Convent
11166,11376,2003.0,Head of State
11167,11377,2001.0,Chilly Dogs
11168,11378,1934.0,It Happened One Night
11169,11379,1999.0,The Fabulous Story of the Cuban Cigar
11170,11380,1997.0,Edie and Pen
11171,11381,2000.0,Moving Target
11172,11382,2000.0,Longshot
11173,11383,1977.0,George Carlin: On Location With George Carlin
11174,11384,1996.0,Sgt. Bilko
11175,11385,2004.0,Unstoppable
11176,11386,2004.0,Doug Stanhope: Deadbeat Hero
11177,11387,1955.0,Teaserama
11178,11388,1994.0,Quiz Show
11179,11389,2001.0,Princess of Thieves
11180,11390,1971.0,Black Beauty
11181,11391,2003.0,The Work of Director Michel Gondry
11182,11392,1996.0,The Young Poisoner's Handbook
11183,11393,2004.0,Formula One Review 2004
11184,11394,1975.0,The Story of Adele H.
11185,11395,1992.0,Kickboxer 3 / Kickboxer 4: Double Feature
11186,11396,2002.0,Ask This Old House: Season 1
11187,11397,1986.0,Heartburn
11188,11398,1980.0,Airplane!
11189,11399,2002.0,The Chronicles of Riddick: Dark Fury
11190,11400,2002.0,The Quiet American
11191,11401,1999.0,The Thirteenth Floor
11192,11402,2002.0,Clifford: Team Clifford and Rock N' Roll Clifford
11193,11403,1973.0,Day for Night
11194,11404,2002.0,MTV: The Real World You Never Saw: Chicago
11195,11406,1990.0,King of New York: Special Edition (Widescreen)
11196,11407,1997.0,Preaching to the Perverted
11197,11408,2002.0,Love and a Bullet
11198,11409,2001.0,The Holy Child
11199,11410,2004.0,RFK: American Experience
11200,11411,1991.0,To Play or to Die
11201,11412,2002.0,Lone Star State of Mind
11202,11413,1978.0,Who'll Stop The Rain
11203,11414,2000.0,Ocean Oasis: IMAX
11204,11415,1986.0,The Super Ninja
11205,11416,1975.0,Doctor Who: The Ark in Space
11206,11417,1999.0,4 Dogs Playing Poker
11207,11418,1999.0,Bridge of Dragons
11208,11419,1997.0,David Searching
11209,11420,1990.0,Miami Blues
11210,11421,2000.0,Audition
11211,11422,2000.0,The Lost Empire
11212,11423,1998.0,Little Dieter Needs to Fly
11213,11424,1996.0,Zero Woman: Assassin Lovers
11214,11425,2003.0,The Big Empty
11215,11426,2001.0,Pootie Tang
11216,11427,1990.0,Miller's Crossing
11217,11428,2004.0,This So-Called Disaster
11218,11429,1971.0,The Brotherhood of Satan
11219,11430,2005.0,Starforce
11220,11431,1988.0,The Boost
11221,11432,1953.0,Robot Monster
11222,11433,2000.0,The Journey of Jared Price
11223,11434,1994.0,Vive L'Amour
11224,11435,1969.0,Paint Your Wagon
11225,11436,1995.0,Super Atragon
11226,11437,2000.0,Survival: Learn to Become a Survivor in the Wild
11227,11438,1968.0,Doctor Who: The Mind Robber
11228,11439,2000.0,An Everlasting Piece
11229,11440,1998.0,From the Edge of the City
11230,11441,2002.0,Alone
11231,11442,1985.0,Lost in America
11232,11443,2002.0,Harry Potter and the Chamber of Secrets
11233,11444,1957.0,Attack of the Crab Monsters
11234,11445,2002.0,Home Alone 4: Taking Back the House
11235,11446,1994.0,Little Women
11236,11447,1983.0,Doctor Detroit
11237,11448,2004.0,Popeye 75th Anniversary Collector's Edition
11238,11449,1955.0,The Big Knife
11239,11450,2005.0,Andre the Giant
11240,11451,1999.0,The Iron Giant: Special Edition
11241,11452,2001.0,Puni Puni Poemy
11242,11453,2005.0,Suicide Girls: The First Tour
11243,11454,2003.0,9 Souls
11244,11455,1995.0,Boy Meets World: Season 3
11245,11456,1994.0,Babylon 5: Season 1
11246,11457,2001.0,Uprising: Bonus Material
11247,11458,2004.0,Rugrats All Grown Up: Interview with a Campfire
11248,11459,1985.0,'Allo 'Allo!: Series 2
11249,11460,1962.0,Trial and Error
11250,11461,2001.0,Follow the Stars Home
11251,11462,1991.0,Mortal Thoughts
11252,11463,1974.0,Deranged / Motel Hell (Double Feature)
11253,11464,2002.0,Femme Fatale
11254,11465,1926.0,Alfred Hitchcock: Sabotage and The Lodger
11255,11466,2000.0,Nightfall
11256,11467,1962.0,How the West Was Won
11257,11468,2004.0,Layer Cake
11258,11469,1986.0,Sledge Hammer!: Season 1
11259,11470,1998.0,Inspector Morse 32: The Wench Is Dead
11260,11471,2002.0,Incubus: The Morning View Sessions
11261,11472,1979.0,The Long Good Friday
11262,11473,1996.0,The Sorcerer Hunters
11263,11474,2005.0,Before They Were Kings: Vol. 2
11264,11475,2003.0,The Very Best of America's Funniest Comedians
11265,11476,1995.0,Choke
11266,11477,1956.0,D-Day: The Sixth of June
11267,11478,2003.0,Biker Boyz
11268,11479,2001.0,Head Over Heels
11269,11480,1965.0,The Dick Van Dyke Show: Season 5
11270,11481,1994.0,Burned Bridge
11271,11482,1972.0,The Merchant of Four Seasons
11272,11483,2004.0,Strawberry Shortcake: Adventures on Ice Cream Island
11273,11484,2001.0,At Home with the Braithwaites: Series 2
11274,11485,1980.0,The Blue Lagoon
11275,11486,1991.0,Once Around
11276,11487,2005.0,The Wiggles: Sailing Around the World
11277,11488,1975.0,Wodehouse Playhouse: Series 1
11278,11489,1994.0,Sister My Sister
11279,11490,1992.0,A League of Their Own
11280,11491,2004.0,A Perfect Circle: Amotion
11281,11492,2003.0,Sesame Street: Fiesta!
11282,11493,2000.0,Newsbreak
11283,11494,1928.0,Sex in Chains
11284,11495,1975.0,The Stepford Wives
11285,11496,1983.0,Staying Alive
11286,11497,1998.0,Outrage
11287,11498,1980.0,He Knows You're Alone
11288,11499,1960.0,Peter Pan
11289,11500,1978.0,Butterflies: Series 1
11290,11501,2001.0,The Miles Davis Story
11291,11502,2003.0,Blind Horizon
11292,11503,2003.0,Penn & Teller: Bullsh*t!: Season 1
11293,11504,2003.0,Joggers' Park
11294,11505,2003.0,H.H. Holmes: America's First Serial Killer
11295,11506,2000.0,Computer Animation Extravaganza
11296,11507,2001.0,Lizzie McGuire
11297,11508,2003.0,Dennis Miller: The Raw Feed
11298,11509,1990.0,Die Hard 2: Die Harder: Bonus Material
11299,11510,1966.0,Modesty Blaise
11300,11511,1992.0,Basket Case 3: Progeny
11301,11512,1999.0,An Extremely Goofy Movie
11302,11513,1987.0,Vampires in Havana
11303,11514,1998.0,Artemisia
11304,11515,1997.0,Rudyard Kipling's The Second Jungle Book: Mowgli and Baloo
11305,11516,1997.0,Invasion
11306,11517,1991.0,Hangin' with the Homeboys
11307,11518,2002.0,Secret Things
11308,11519,2000.0,Son House and Bukka White: Masters of the Country Blues
11309,11520,2001.0,Tales From the Neverending Story: The Gift
11310,11521,2002.0,Lord of the Rings: The Two Towers
11311,11522,2002.0,Queer as Folk: Season 2
11312,11523,1961.0,The Twilight Zone: Vol. 9
11313,11524,1995.0,You're Invited to Mary-Kate and Ashley's Greatest Parties
11314,11525,1996.0,Aladdin and the King of Thieves
11315,11526,1963.0,The Nutty Professor
11316,11527,1998.0,Teletubbies: Go! Exercise with the Teletubbies
11317,11528,1996.0,Ed
11318,11529,1967.0,Hells Angels on Wheels
11319,11530,1996.0,Last Man Standing
11320,11531,2001.0,Conspiracy
11321,11532,1968.0,The Charge of the Light Brigade
11322,11533,1998.0,The Temptations
11323,11534,1989.0,Edge of Sanity
11324,11535,2001.0,Hyperspace
11325,11536,2005.0,IFC TV Uncut: New Season Sneak Preview
11326,11537,1999.0,Love Stinks
11327,11538,1996.0,Fetishes
11328,11539,1996.0,Dogs: The Rise and Fall of an All Girl Bookie Joint
11329,11540,1958.0,Attack of the Puppet People
11330,11541,1971.0,Jimi Plays Berkeley
11331,11542,1987.0,French & Saunders: The Ingenue Years
11332,11543,2000.0,Two of Us
11333,11544,1987.0,The Witches of Eastwick
11334,11545,2001.0,The Blair Thumb
11335,11546,1957.0,Have Gun Will Travel: Season 1
11336,11547,1997.0,The End of Violence
11337,11548,1988.0,Appleseed
11338,11549,1992.0,The Commish: Season 2
11339,11550,1999.0,A Touch of Frost: Season 6
11340,11551,1995.0,Neon Genesis Evangelion Collection
11341,11552,1998.0,Scooby-Doo on Zombie Island
11342,11553,1999.0,World War II in Color
11343,11554,2003.0,Drive: My Life in Skateboarding
11344,11555,2002.0,Swept Away
11345,11556,2000.0,Biggest Wednesday
11346,11557,1993.0,Wind Named Amnesia
11347,11558,2005.0,WWE: New Year's Revolution
11348,11559,2003.0,Bon Voyage
11349,11560,1985.0,The Coca-Cola Kid
11350,11561,2000.0,The Stepdaughter
11351,11562,1994.0,Titanic: The Complete Story
11352,11563,1989.0,Dragon Ball Z: Imperfect Cell Saga
11353,11564,2005.0,Over There (Pilot)
11354,11565,2004.0,Dead Meat
11355,11566,2002.0,The Jamie Kennedy Experiment: Season 1
11356,11567,1981.0,Death Hunt
11357,11568,2000.0,The Ghost of Spoon River
11358,11569,2004.0,The Hee Haw Collection: Vol. 3
11359,11570,1962.0,Electra
11360,11571,1992.0,The Legend of the Swordsman
11361,11572,2004.0,3 Way
11362,11573,1963.0,The Great Escape
11363,11574,1983.0,Conquest
11364,11575,1971.0,Nicholas and Alexandra
11365,11576,1995.0,A Month by the Lake
11366,11577,1962.0,Barabbas
11367,11578,1939.0,Another Thin Man
11368,11579,2002.0,The Oscar Wilde Collection: Stage Left
11369,11580,1999.0,Total Recall 2070
11370,11581,2004.0,National Geographic's Most Amazing Moments
11371,11582,1992.0,A Midnight Clear
11372,11584,1991.0,Ernest Scared Stupid
11373,11585,1994.0,My Father the Hero
11374,11586,1923.0,Three Ages
11375,11587,1999.0,Animal Farm
11376,11588,1992.0,South Central
11377,11589,1999.0,Dragon Ball Z: Great Saiyaman: Final Round
11378,11590,1995.0,The Celluloid Closet
11379,11591,1969.0,The Wild Child
11380,11592,1996.0,Indian
11381,11593,1995.0,Tom and Huck
11382,11594,2004.0,The Dust Factory
11383,11595,1989.0,Summer's Lease
11384,11596,2001.0,Atlantis: The Lost Empire: Bonus Material
11385,11597,1994.0,Love and a .45
11386,11598,2005.0,Roy Jones Jr.'s Greatest Knockouts
11387,11599,1985.0,Witch from Nepal
11388,11600,1990.0,Boiling Point
11389,11601,1999.0,The Wishing Tree
11390,11602,2001.0,Everyday is Valentine
11391,11603,1986.0,Aliens: Collector's Edition: Bonus Material
11392,11604,1992.0,The Lover
11393,11605,1957.0,Beginning of the End
11394,11606,2003.0,Memories of Murder
11395,11607,2005.0,Hotel Rwanda
11396,11608,1991.0,Cadence
11397,11609,1995.0,The Fear
11398,11610,2002.0,A Brilliant Madness: American Experience
11399,11611,1991.0,How to be a Woman and not Die in the Attempt
11400,11612,1998.0,What Dreams May Come
11401,11613,1974.0,The Man with the Golden Gun
11402,11614,1999.0,Flawless
11403,11615,1988.0,Sunset
11404,11616,1996.0,A Summer's Tale
11405,11617,1993.0,Green Snake
11406,11618,1980.0,The Mountain Men
11407,11619,1961.0,Through a Glass Darkly
11408,11620,1951.0,People Will Talk
11409,11621,2000.0,The Sacrifice / Directed by Andrei Tarkovsky
11410,11622,1982.0,One From the Heart
11411,11623,1996.0,Martian Successor Nadesico
11412,11624,2001.0,Stacy
11413,11625,2000.0,101 Ways (The Things a Girl Will Do to Keep Her Volvo)
11414,11626,1995.0,Texas
11415,11627,1999.0,Warlock 3: The End of Innocence
11416,11628,1962.0,Boccaccio '70
11417,11629,1936.0,Deanna Durbin: Three Smart Girls / Something in the Wind
11418,11630,2002.0,The Crime of Padre Amaro
11419,11631,2002.0,The Brady Bunch in the White House
11420,11632,1996.0,Un Air De Famille (aka Family Resemblances)
11421,11633,1973.0,Yaadon Ki Baaraat
11422,11634,1986.0,Assassin
11423,11635,2000.0,Islam: Empire of Faith
11424,11636,1997.0,Chuck Close: A Portrait in Progress
11425,11637,2002.0,The Inspector Lynley Mysteries: Payment in Blood
11426,11638,1998.0,Sliding Doors
11427,11639,1999.0,EDtv
11428,11640,1937.0,Hal Roach's Rascals #2
11429,11641,1994.0,My So-Called Life
11430,11642,2002.0,Children on Their Birthdays
11431,11643,2000.0,Pie in the Sky: The Brigid Berlin Story
11432,11644,1967.0,The Prisoner
11433,11645,1987.0,The Real Buddy Holly Story
11434,11647,2004.0,Being Julia
11435,11648,1997.0,Good Burger
11436,11649,1999.0,The '60s
11437,11650,1991.0,Saved by the Bell: Seasons 3 & 4
11438,11651,1992.0,Ferngully: The Last Rainforest
11439,11652,1996.0,Dunston Checks In
11440,11653,2005.0,The Presidents
11441,11654,2005.0,State Property 2
11442,11655,2002.0,Cinemania
11443,11656,1965.0,Chemmeen: Malayalam
11444,11657,1998.0,The Quarry
11445,11658,2004.0,Wicker Park
11446,11659,2001.0,Medabots
11447,11660,1991.0,35 Up
11448,11661,1984.0,Friday the 13th: Part 4: The Final Chapter
11449,11662,2004.0,The Sopranos: Season 5
11450,11663,2000.0,Final Destination
11451,11664,1951.0,Sirocco
11452,11665,1999.0,Hide and Seek
11453,11666,1975.0,Breakout
11454,11667,1977.0,Good Times: Season 5
11455,11668,1957.0,Johnny Tremain
11456,11669,2003.0,Bubba Ho-Tep
11457,11670,2004.0,Tripping the Rift: Season 1
11458,11671,1994.0,Beatles: First U.S. Visit
11459,11672,1997.0,The Last Time I Committed Suicide
11460,11673,2002.0,Drumline
11461,11674,1986.0,The Name of the Rose
11462,11675,2002.0,Primal Instinct
11463,11676,2001.0,Jan Dara
11464,11677,2001.0,Swordfish
11465,11678,1992.0,Gladiator
11466,11679,1993.0,Another Stakeout
11467,11680,2004.0,Hiding and Seeking
11468,11681,2001.0,Focus
11469,11682,1998.0,Alexander Calder
11470,11683,1967.0,Casino Royale
11471,11684,1964.0,A Hard Day's Night: Collector's Series: Bonus Material
11472,11685,1993.0,The Silver Stallion
11473,11686,2000.0,Da Hip Hop Witch
11474,11687,1994.0,Street Fighter
11475,11689,1980.0,Ffolkes
11476,11690,2001.0,Soul Survivors
11477,11691,2004.0,Guerrilla: The Taking of Patty Hearst
11478,11692,2004.0,MTV: Pilates Mix
11479,11693,1986.0,Project A-ko
11480,11694,2000.0,The Lost World: Season 2
11481,11695,1992.0,Big Girls Don't Cry ... They Get Even
11482,11696,1999.0,Galaxy Quest
11483,11697,1999.0,A Map of the World
11484,11698,1953.0,The Best of Abbott and Costello: Vol. 4
11485,11699,1997.0,Slayers: Gorgeous
11486,11700,2004.0,Bettie Page: The Girl in the Leopard Print Bikini
11487,11701,1997.0,Contact
11488,11702,1988.0,Hairspray
11489,11703,2001.0,Wynonna: Live in Venice: Music in the High Places
11490,11704,1998.0,Angel Blue
11491,11705,1997.0,VeggieTales: A Snoodles Tale
11492,11706,2000.0,Muddy Waters: Got My Mojo Working
11493,11707,2000.0,Goya in Bordeaux
11494,11708,2001.0,True Blue
11495,11709,1989.0,Parinda
11496,11710,1997.0,Men in Black: Bonus Material
11497,11711,2002.0,Happy Birthday
11498,11712,1939.0,The Mikado
11499,11713,1999.0,Dark Shadows
11500,11715,1989.0,Garfield and Friends: Vol. 4
11501,11716,2003.0,Batman: Mystery of the Batwoman
11502,11717,1997.0,Romy and Michele's High School Reunion
11503,11718,1988.0,Rent-A-Cop
11504,11719,2002.0,Baby Newton: All About Shapes
11505,11720,1978.0,Goin' South
11506,11721,1994.0,The Kung Fu Master
11507,11722,2003.0,Luther
11508,11723,2002.0,For Da Love of Money
11509,11724,1994.0,The Paper
11510,11725,1977.0,Terror Within
11511,11726,1999.0,That '70s Show: Season 2
11512,11727,1999.0,Galapagos: IMAX
11513,11728,2003.0,God and Buddha: A Dialogue
11514,11729,1995.0,Full Throttle
11515,11730,1990.0,Billy Joel: Live at Yankee Stadium
11516,11731,1952.0,Flat Top
11517,11732,2003.0,Good Boy!
11518,11733,2004.0,Twentynine Palms
11519,11734,1994.0,I Like It Like That
11520,11735,1998.0,Phoenix
11521,11736,2003.0,NBA Championship 2003
11522,11737,1987.0,Mr. Vampire 3
11523,11738,1991.0,Rod Stewart: Storyteller 1984-1991
11524,11739,1997.0,Inventing the Abbotts
11525,11740,1990.0,Hamlet
11526,11741,2002.0,Happy Times
11527,11742,2000.0,Horsey
11528,11743,2001.0,Kira's Reason: A Love Story
11529,11744,2002.0,Dragon Ball: Tien Shinhan Saga
11530,11745,2005.0,Elektra
11531,11746,2002.0,The Chateau
11532,11747,1999.0,The Wiggles: Yummy Yummy
11533,11748,2001.0,Def Leppard: Historia/In the Round in Your Face
11534,11749,2001.0,Visions of Sugarplums
11535,11750,1997.0,Clockwatchers
11536,11751,1977.0,Suspiria
11537,11752,1993.0,Alive
11538,11753,2002.0,Spirited Away: Bonus Material
11539,11754,1945.0,Spellbound
11540,11755,2005.0,Schultze Gets the Blues
11541,11756,2003.0,Boys of 2nd Street Park
11542,11757,1976.0,Eat My Dust!
11543,11758,1985.0,Miss Marple Mysteries: A Murder is Announced
11544,11759,1954.0,Young at Heart
11545,11760,1955.0,Pather Panchali
11546,11761,2000.0,Orfeu
11547,11762,1975.0,Doctor Who: Pyramids of Mars (Ep. 82)
11548,11763,1991.0,American Dream
11549,11764,1988.0,Memories of Me
11550,11765,2003.0,The Shape of Things
11551,11766,2001.0,Extreme Limits
11552,11767,2002.0,Hard Cash
11553,11768,2004.0,Alone in a Haunted House
11554,11769,1943.0,Forever and a Day
11555,11770,1948.0,The Naked City
11556,11771,2003.0,Dreamcatcher
11557,11772,1950.0,Mickey & Minnie's Sweetheart Stories
11558,11773,1970.0,Passion of Anna
11559,11774,2004.0,DiG!: Bonus Material
11560,11775,2003.0,The Fighting Temptations
11561,11776,2004.0,Is It True What They Say About Ann?
11562,11777,1995.0,Red Cherry
11563,11778,1990.0,Hum
11564,11779,1994.0,Priest
11565,11780,1936.0,The John Wayne Collection: Vol. 1: Man from Utah / Sagebrush Trail
11566,11781,1984.0,Indiana Jones and the Temple of Doom
11567,11782,1989.0,Lightning!: Nova
11568,11783,1998.0,Dr. Akagi
11569,11784,2005.0,The Divine Bette Midler
11570,11785,1980.0,Pride and Prejudice
11571,11786,1995.0,Murder One: Season 1
11572,11787,2000.0,American Virgin
11573,11788,1992.0,The Naked Truth
11574,11789,1994.0,Nell
11575,11790,2003.0,Devil Winds
11576,11791,1986.0,Sword of Gideon
11577,11792,2000.0,Danger Beneath the Sea
11578,11793,2003.0,Hooked
11579,11794,2003.0,Marion Bridge
11580,11795,1954.0,The Last Time I Saw Paris
11581,11796,2000.0,Street Fighter Alpha
11582,11797,2003.0,The Wiggles: Toot Toot!
11583,11798,1998.0,Ringmaster
11584,11799,1990.0,Decoration Day
11585,11800,1998.0,Fireworks
11586,11801,2004.0,Comic Book: The Movie: Bonus Material
11587,11802,1945.0,Mildred Pierce
11588,11803,2005.0,Zeher
11589,11804,1974.0,The Great Gatsby
11590,11805,2004.0,The Big Bounce
11591,11806,1998.0,The Secret of N-I-M-H 2: Timmy to the Rescue
11592,11807,1995.0,Chinese Odyssey 2: Cinderella
11593,11808,1977.0,Eaten Alive
11594,11809,1996.0,Bob Hope: Hollywood's Brightest Star
11595,11810,2003.0,Reno 911: Season 1
11596,11811,1986.0,The Delta Force
11597,11812,2004.0,Million Dollar Baby
11598,11813,2005.0,Cold & Dark
11599,11814,1935.0,The Good Fairy
11600,11815,1989.0,Quantum Leap: Season 1
11601,11816,2004.0,National Geographic: Beyond the Movie: Alexander the Great
11602,11817,1998.0,Dancing at Lughnasa
11603,11818,1945.0,The Bells of St. Mary's
11604,11819,2004.0,Locked Up
11605,11820,2003.0,Sylvia
11606,11821,1983.0,XTRO
11607,11822,1991.0,The Super
11608,11823,1986.0,Down by Law: Bonus Material
11609,11824,1994.0,Middlemarch
11610,11825,1921.0,The Kid
11611,11826,1991.0,Life Stinks
11612,11827,1999.0,The Runner
11613,11828,2002.0,Strawberry Shortcake: Get Well Adventure
11614,11829,1996.0,James and the Giant Peach
11615,11830,1981.0,A Good Marriage
11616,11831,2001.0,Sade: Sade Live
11617,11832,1944.0,Tall in the Saddle
11618,11833,1997.0,All Over Me
11619,11834,1998.0,Out of the Past
11620,11835,1987.0,Tragic Hero
11621,11836,1952.0,Victory at Sea
11622,11837,1987.0,Three Men and a Baby
11623,11838,2004.0,Omagh
11624,11839,2000.0,Mark Twain
11625,11840,1979.0,Nosferatu the Vampyre
11626,11841,2004.0,Cleopatra
11627,11842,2005.0,Bewafaa
11628,11843,1993.0,NYPD Blue: Season 1
11629,11844,1967.0,Barefoot in the Park
11630,11845,1955.0,Summertime
11631,11846,1985.0,Prizzi's Honor
11632,11847,2005.0,Dust to Glory
11633,11848,1997.0,For Richer or Poorer
11634,11849,1998.0,Earth
11635,11850,2003.0,Dumb and Dumberer: When Harry Met Lloyd
11636,11851,1946.0,The Yearling
11637,11852,1991.0,Return to the Blue Lagoon
11638,11853,1982.0,Privates on Parade
11639,11854,1939.0,Only Angels Have Wings
11640,11855,1967.0,Hombre
11641,11856,1962.0,Half Ticket
11642,11857,2000.0,The Man Show: Season 2
11643,11858,1974.0,Good Times: Season 2
11644,11859,1996.0,Star Trek: First Contact
11645,11860,1976.0,Bruce Lee: Fists of Fury / Chinese Connection
11646,11861,2002.0,National Geographic: Into the Great Pyramid
11647,11862,2002.0,The Real World: Exotic Vacations
11648,11863,1996.0,D3: The Mighty Ducks
11649,11864,1993.0,Gardens of the World with Audrey Hepburn
11650,11865,1987.0,The Hidden
11651,11866,1963.0,The Defilers/ Scum of the Earth!
11652,11867,1994.0,Ed Sullivan: Rock 'n' Roll Forever
11653,11868,1998.0,Major League 3: Back to the Minors
11654,11869,2004.0,The Secret Lives of Adult Stars
11655,11870,2002.0,Big Pun: Still Not a Player
11656,11871,2000.0,Lorna Doone
11657,11872,1969.0,Dark Shadows: Vol. 14
11658,11873,2002.0,Joe and Max
11659,11874,2003.0,Twelfth Night
11660,11875,2000.0,Boiler Room
11661,11876,2004.0,Breakdance Step by Step
11662,11877,1982.0,The Beast Within
11663,11878,2003.0,K Street: The Complete Series
11664,11879,2000.0,Seth the Hard Way
11665,11880,2000.0,Boys Don't Cry
11666,11881,1993.0,For Love or Money
11667,11882,1954.0,Sabrina
11668,11884,1972.0,Scooby-Doo Meets the Harlem Globetrotters
11669,11885,2000.0,Pet Shop Boys: Somewhere
11670,11886,1986.0,Short Circuit
11671,11887,1991.0,Operation Condor
11672,11888,1993.0,In the Line of Fire
11673,11889,1952.0,The Snows of Kilimanjaro
11674,11890,1977.0,Sinbad and the Eye of the Tiger
11675,11891,2003.0,Osama
11676,11892,1967.0,Hour of the Gun
11677,11893,2002.0,The Tracker
11678,11894,2002.0,Taking Sides
11679,11895,2003.0,Kiss: Symphony: Rock and Roll Over: Beethoven
11680,11896,1983.0,The Shaolin Drunken Monk
11681,11897,2003.0,Silent Warnings
11682,11898,1965.0,Bunny Lake Is Missing
11683,11899,1966.0,The Sword of Doom
11684,11900,2001.0,American Astronaut
11685,11901,1955.0,East of Eden: Special Edition
11686,11902,2004.0,A Thief of Time
11687,11903,1950.0,Sunset Boulevard
11688,11904,1960.0,The Magnificent Seven
11689,11905,2002.0,Sam & Janet
11690,11906,1997.0,First Time Felon
11691,11907,1972.0,Cabaret
11692,11908,1994.0,Embrace of the Vampire
11693,11909,1988.0,The Presidio
11694,11910,2004.0,Torque
11695,11911,2004.0,Vera Drake
11696,11912,1978.0,Death on the Nile
11697,11913,1965.0,Darling
11698,11914,2001.0,The Blue Planet: Seas of Life: Tidal Seas - Coasts
11699,11915,1975.0,Rikki-Tikki-Tavi / Yankee Doodle Cricket
11700,11916,2001.0,The Mayor of Casterbridge
11701,11918,1985.0,Agnes of God
11702,11919,1995.0,Georgia
11703,11920,1978.0,The Serpent's Egg
11704,11921,2000.0,Bossa Nova
11705,11922,1964.0,The Twilight Zone: Vol. 17
11706,11923,2004.0,Last Man Standing: Politics - Texas Style: POV
11707,11924,2001.0,Seduced: Pretty When You Cry
11708,11925,2003.0,The Wire: Season 2
11709,11926,1997.0,Mrs. Brown
11710,11927,1991.0,Dark Shadows: The Complete Revival Series
11711,11928,1999.0,Family Values Tour '98
11712,11929,1997.0,Anaconda
11713,11930,1948.0,The Boy with Green Hair
11714,11931,2003.0,Brother Bear (Home Viewing Version)
11715,11932,2001.0,The World History of Organized Crime
11716,11933,1990.0,Agneepath
11717,11934,2004.0,Septem8er Tapes
11718,11935,1973.0,Badlands
11719,11936,2004.0,Love on Lay-Away
11720,11937,1971.0,Escape from the Planet of the Apes
11721,11938,1995.0,Tremors 2: Aftershocks
11722,11939,1997.0,Boogie Nights: Bonus Material
11723,11940,1997.0,Amazon: IMAX
11724,11941,1999.0,A Christmas Carol
11725,11942,1996.0,Profit: Season 1
11726,11943,2000.0,Khauff
11727,11944,1976.0,Kabhi Kabhie
11728,11945,1972.0,Across 110th Street
11729,11946,2004.0,Crunch: Boot Camp Training
11730,11947,1999.0,Deep Purple: Total Abandon: Australia '99
11731,11948,1973.0,Heavy Traffic
11732,11949,1980.0,The Gods Must Be Crazy
11733,11950,2000.0,Double Tap
11734,11951,2001.0,Pressure Point
11735,11952,1999.0,Chaos
11736,11953,2001.0,The Duplicate
11737,11954,1999.0,Titus: Bonus Material
11738,11955,2002.0,The Inspector Lynley Mysteries: Well-Schooled in Murder
11739,11956,2000.0,Tony Hawk's Gigantic Skatepark Tour 2000
11740,11957,1999.0,The Breaks
11741,11958,1964.0,The Twilight Zone: Vol. 24
11742,11959,2001.0,Final Fantasy: The Spirits Within: Bonus Material
11743,11960,2000.0,Adrenaline Drive
11744,11961,1956.0,High Society
11745,11962,2002.0,A Midsummer Night's Rave
11746,11963,1993.0,The Boys of St. Vincent
11747,11964,1969.0,Dark Shadows: Vol. 19
11748,11965,2002.0,Madea's Family Reunion (Stage Play)
11749,11966,1994.0,Cafe au Lait
11750,11967,1992.0,Batman: The Animated Series: The Legend Begins
11751,11968,2001.0,My Kinda' Muzik: Vol. 1
11752,11969,1980.0,The Fog
11753,11970,1974.0,Black Christmas
11754,11971,1994.0,Franz Kafka's It's a Wonderful Life and Other Strange Tales
11755,11972,1983.0,10 to Midnight
11756,11973,1926.0,Son of the Sheik
11757,11974,2003.0,Cat Soup
11758,11975,2005.0,Mad Hot Ballroom
11759,11976,1980.0,Don't Go in the House
11760,11977,2002.0,The Dead Zone
11761,11978,2003.0,Rude Boy
11762,11979,1958.0,Ashes and Diamonds
11763,11980,1966.0,Blow Up
11764,11981,1994.0,Tony Bennett Unplugged
11765,11982,2001.0,The Josephine Baker Story
11766,11984,2003.0,NFL Films Archive Collection: Inside the Vault
11767,11985,1991.0,The Rocketeer
11768,11986,2005.0,Gunslinger's Revenge
11769,11987,2005.0,Lackawanna Blues
11770,11988,2001.0,The Void
11771,11989,2005.0,Lupin the 3rd: Dead or Alive
11772,11990,2004.0,Da Vinci Code Decoded
11773,11991,2001.0,Uncorked
11774,11992,2001.0,Hit and Runway
11775,11993,2000.0,Angels in the Infield
11776,11994,1986.0,A Room with a View: Special Edition
11777,11995,1997.0,Love of Man
11778,11997,2003.0,Baby Looney Tunes' Eggs-traordinary Adventure
11779,11998,1978.0,Convoy
11780,11999,2002.0,The Hot Chick
11781,12000,2000.0,King of the Cage #5: Cage Wars
11782,12001,1995.0,El Callejon De Los Milagros
11783,12002,1988.0,Oliver & Company
11784,12003,1998.0,The X-Files: Fight the Future
11785,12004,1989.0,A Fool and His Money
11786,12005,1984.0,Iceman
11787,12006,2002.0,Just One Look
11788,12007,1968.0,The Detective
11789,12008,1963.0,The Twilight Zone: Vol. 31
11790,12009,1994.0,Space Ghost Coast to Coast: Vol. 1
11791,12010,2000.0,Strangers in Good Company
11792,12011,1959.0,Operation Petticoat
11793,12012,1989.0,Tour of Duty: Season 3
11794,12013,2001.0,The Arena
11795,12014,1997.0,I Know What You Did Last Summer
11796,12015,1992.0,White Men Can't Jump
11797,12016,2005.0,Classic Cartoon Favorites: Starring Chip 'n' Dale
11798,12017,1979.0,Quadrophenia
11799,12018,1969.0,Krakatoa East of Java
11800,12019,2004.0,CSI: New York: Season 1
11801,12020,2001.0,The Best of the Improv: Vol. 1
11802,12021,1987.0,No Man's Land
11803,12022,1999.0,The Great Barrier Reef: IMAX
11804,12023,2001.0,Tupac Shakur: Thug Angel: The Life of an Outlaw
11805,12024,2000.0,The Hunger: Bump in the Night
11806,12025,1994.0,That's Entertainment 3
11807,12026,1996.0,ER: Season 3
11808,12027,1991.0,Naked Lunch: Bonus Material
11809,12028,2001.0,Shaolin Soccer
11810,12029,1972.0,The Pigkeeper's Daughter / Sassy Sue
11811,12030,2000.0,A Bing Crosby Christmas
11812,12032,1984.0,Talking Heads: Stop Making Sense
11813,12033,1986.0,Nightmaster
11814,12034,1980.0,The Shining
11815,12035,2002.0,Oz: Season 5
11816,12036,2000.0,Directors: Terry Gilliam
11817,12037,1987.0,Stevie Nicks: Live at Red Rocks
11818,12038,2000.0,Miracle in Lane 2
11819,12039,1997.0,Commandments
11820,12040,2004.0,Lil' Pimp
11821,12041,2002.0,Ghetto Dawg
11822,12042,1973.0,5 Fingers of Death
11823,12043,2002.0,On Edge
11824,12044,2001.0,The Legend of Suriyothai
11825,12045,1999.0,Tomie
11826,12046,2002.0,Depeche Mode: One Night in Paris: The Exciter Tour 2001
11827,12047,2000.0,Mission: Impossible II
11828,12048,1999.0,Timegate: Tales of the Saddle Tramps
11829,12049,1995.0,John Denver: Wildlife Concert
11830,12050,2001.0,The Master Swordsman
11831,12051,1975.0,The French Connection II
11832,12052,1996.0,Primal Fear
11833,12053,1993.0,Dracula Rising
11834,12054,1988.0,Child's Play
11835,12055,1998.0,Chosen One: Legend of the Raven
11836,12056,2004.0,Twisted
11837,12057,2001.0,American Desi
11838,12058,2001.0,Being Mick: You Would If You Could
11839,12059,2005.0,Unscripted: The Complete Series
11840,12060,2004.0,Bionicle 2: Legends of Metru Nui
11841,12061,1936.0,The Petrified Forest
11842,12062,2002.0,The Wiggles: Wiggly Safari
11843,12063,2003.0,Air Marshal
11844,12064,1963.0,This Sporting Life
11845,12065,1994.0,Hercules: The Legendary Journeys: Season 1
11846,12066,1988.0,Roseanne: Season 1
11847,12067,1994.0,Sugar Hill
11848,12068,2005.0,Funny Ha Ha
11849,12069,1998.0,Lexx: Series 2
11850,12070,2000.0,24 Hours in London
11851,12071,1995.0,Mallrats
11852,12072,1987.0,Project X
11853,12073,2001.0,Rain
11854,12074,1965.0,The Sound of Music
11855,12075,1999.0,Chris Rock: Bigger & Blacker
11856,12076,1989.0,Blaze
11857,12077,1994.0,Blown Away
11858,12078,2005.0,Care Bears: Big Wish Movie
11859,12079,1991.0,Project A 2
11860,12080,2004.0,Josh Groban: Live at the Greek
11861,12081,1987.0,Neo Tokyo
11862,12082,1974.0,Lord Peter Wimsey: The Nine Tailors
11863,12083,2000.0,Thomas and the Magic Railroad
11864,12084,2002.0,Adaptation
11865,12085,1964.0,The Incredible Mr. Limpet
11866,12086,1983.0,Blue Thunder
11867,12087,1965.0,Ship of Fools
11868,12088,2004.0,National Lampoon's Going the Distance
11869,12089,2005.0,Dragons: Metal Ages: The Movie
11870,12090,2001.0,Kate & Leopold
11871,12091,1979.0,Scooby-Doo Goes Hollywood
11872,12092,1997.0,Batman & Robin
11873,12093,2001.0,Spike & Mike's Classic Festival of Animation
11874,12094,2000.0,Pokemon: The Advanced Master's Guide
11875,12095,1972.0,Up the Sandbox
11876,12096,2000.0,State and Main
11877,12097,1988.0,Without a Clue
11878,12098,1975.0,The Secret Garden
11879,12099,1999.0,Word of Mouth
11880,12100,1992.0,Prime Suspect 2
11881,12101,1999.0,Red Dirt
11882,12102,2001.0,Hedwig and the Angry Inch
11883,12103,1955.0,Alfred Hitchcock Presents: Season 1
11884,12104,1997.0,Hero No. 1
11885,12105,2002.0,Lupin the 3rd: The Pursuit of Harimao's Treasure
11886,12106,1992.0,Aladdin: Platinum Edition: Bonus Material
11887,12107,2001.0,The Merchants of Cool: Frontline
11888,12108,2002.0,Swindle
11889,12109,1926.0,Faust
11890,12110,2001.0,No Man's Land
11891,12111,1986.0,G.I. Joe: Season 2: Part 1
11892,12112,1969.0,Change of Habit
11893,12113,1992.0,The Playboys
11894,12114,1995.0,The Outer Limits: The New Series: Mutation & Transformation
11895,12115,1992.0,Toys
11896,12116,2005.0,Hammerhead
11897,12117,2003.0,Cruise Hawaii & Tahiti
11898,12118,2001.0,Sleepless
11899,12119,1974.0,Willie Dynamite
11900,12120,2000.0,Okinawa Rendez-vous
11901,12121,2000.0,Pretty Devils
11902,12122,1990.0,The Dragon from Russia
11903,12123,2004.0,S.I.C.K.
11904,12124,1959.0,The Mummy
11905,12125,2001.0,The Blue Planet: Seas of Life: Open Ocean - The Deep
11906,12126,1992.0,Hoffa
11907,12127,2005.0,The Girl from Monday
11908,12128,1994.0,Intersection
11909,12129,1930.0,Bat Whispers
11910,12130,1977.0,Eraserhead
11911,12131,1973.0,A Doll's House
11912,12132,2002.0,Unconditional Love
11913,12133,1987.0,Redneck Zombies
11914,12134,1995.0,MADtv: Season 1
11915,12135,1974.0,Happy Days: Season 1
11916,12136,2001.0,The Fourth Angel
11917,12137,1977.0,Islands in the Stream
11918,12138,1974.0,Good Times: Season 1
11919,12139,1937.0,A Day at the Races
11920,12140,1983.0,48 Hrs.
11921,12141,1988.0,Casual Sex?
11922,12142,1995.0,Wife
11923,12143,1998.0,Escape Velocity
11924,12144,1975.0,The Terrorists
11925,12145,1981.0,Absence of Malice
11926,12146,1983.0,Dark Habits
11927,12147,1954.0,It Should Happen to You
11928,12148,1919.0,Felix!: Felix the Cat 1919-1930
11929,12149,1997.0,Speed 2: Cruise Control
11930,12150,1991.0,Robin Hood: Prince of Thieves: Bonus Material
11931,12151,1973.0,Five on the Black Hand Side
11932,12152,1991.0,Year of the Gun
11933,12153,1981.0,Les Uns et Les Autres
11934,12154,1994.0,Backbeat
11935,12155,2004.0,Spider-Man 2
11936,12156,1931.0,Tabu: A Story of the South Seas
11937,12157,2004.0,G3: Live in Denver
11938,12158,1995.0,Last of the Dogmen
11939,12159,2003.0,The Tuskegee Airmen: They Fought Two Wars
11940,12160,1993.0,Cliffhanger
11941,12161,2003.0,Big Fish
11942,12162,2002.0,Close to Leo
11943,12163,1995.0,Funny Bones
11944,12164,1987.0,Dead of Winter
11945,12165,2002.0,Amy's O
11946,12166,1936.0,As You Like It
11947,12167,2000.0,La Captive
11948,12168,2001.0,Days
11949,12169,2000.0,Duets
11950,12170,1982.0,Duel to the Death
11951,12171,2000.0,Battlefield Earth
11952,12172,1998.0,Pleasantville
11953,12173,1932.0,The Mummy
11954,12174,1971.0,The Hired Hand
11955,12175,1995.0,Undressed for Success
11956,12176,1999.0,The Fall and Rise of Sherlock Holmes
11957,12177,1998.0,Secrets of War: Intelligence
11958,12178,2000.0,Midsomer Murders: Beyond the Grave
11959,12179,1993.0,Zapped Again!
11960,12180,1964.0,The Outer Limits: The Original Series: Season 2
11961,12181,1995.0,In the Mouth of Madness
11962,12182,1942.0,Random Harvest
11963,12183,1971.0,Donkey Skin
11964,12184,2002.0,Sex and the City: Season 5
11965,12185,2002.0,The Nest
11966,12186,1971.0,The French Connection
11967,12187,1963.0,Fright Night Horror Classics: Vol. 2: Dementia 13
11968,12188,1993.0,The Age of Innocence
11969,12189,1999.0,Spanish Judges
11970,12190,1955.0,Lola Montes
11971,12191,1996.0,The Fan
11972,12192,2004.0,Broadway's Lost Treasures II
11973,12193,2002.0,The Fabulous '50s
11974,12194,1997.0,Smilla's Sense of Snow
11975,12195,1988.0,The Accused
11976,12196,2002.0,OT: Our Town
11977,12197,2003.0,Proteus
11978,12198,2003.0,100 Years of the New York Yankees
11979,12199,1998.0,Secrets of War: Nazi Warfare
11980,12200,1947.0,Song of the Thin Man
11981,12201,2002.0,The Healer
11982,12202,1999.0,Ray Charles in Concert
11983,12203,2004.0,WWE: No Mercy 2004
11984,12204,1940.0,Boris Karloff: The Ape / British Intelligence
11985,12205,2000.0,Running Mates
11986,12206,1994.0,Clerks: First Cut (Not Theatrical Version)
11987,12207,1998.0,Knock Off
11988,12208,2004.0,Mouse
11989,12210,1975.0,Grey Gardens
11990,12211,2005.0,SpongeBob SquarePants: Fear of a Krabby Patty
11991,12212,1987.0,Dolls
11992,12213,1962.0,The 300 Spartans
11993,12214,2000.0,Sinbad: Beyond the Veil of Mists
11994,12215,1975.0,Battle for the Planet of the Apes
11995,12216,1944.0,Ivan the Terrible
11996,12217,1994.0,One Arm Hero
11997,12219,2000.0,Dragon Ball Z: Vegeta Saga 1
11998,12220,2002.0,She Gets What She Wants
11999,12221,1983.0,The Outsiders
12000,12222,1981.0,La Cage aux Folles II
12001,12223,1988.0,Dance 'Til Dawn
12002,12224,1997.0,Scream 2
12003,12225,1959.0,The Killer Shrews/I Bury the Living
12004,12226,2003.0,The Work of Director Spike Jonze
12005,12227,1993.0,Blind Side
12006,12228,1993.0,Poetic Justice
12007,12229,1993.0,Art of Fighting
12008,12230,2002.0,Conviction
12009,12231,1998.0,2 X 4
12010,12232,2003.0,Lost in Translation
12011,12233,2005.0,WWE: Judgment Day 2005
12012,12234,1967.0,Point Blank
12013,12235,1936.0,Libeled Lady
12014,12236,2003.0,First to Die
12015,12237,1944.0,Lifeboat
12016,12238,2002.0,40 Days and 40 Nights
12017,12239,2004.0,WMD: Weapons of Mass Deception
12018,12240,2000.0,Regret to Inform
12019,12241,2003.0,Family Reunion
12020,12242,1963.0,The Twilight Zone: Vol. 14
12021,12243,1999.0,Pushing Tin
12022,12244,2002.0,The Good Girl
12023,12245,2005.0,Bollywood and Vine
12024,12246,1955.0,Rebel Without a Cause: Special Edition
12025,12247,2000.0,A Better Way to Die
12026,12248,1990.0,Tekken
12027,12249,2001.0,Pokemon 3: The Movie
12028,12250,1953.0,The Band Wagon
12029,12251,1970.0,The Andersonville Trial
12030,12252,1975.0,Terror of Mechagodzilla
12031,12253,2000.0,Growing Up Brady
12032,12254,2003.0,National Geographic: Beyond the Movie: Lord of the Rings: Return of the King
12033,12255,1990.0,Navy Seals
12034,12256,2005.0,The Work of Director Anton Corbijn
12035,12257,2003.0,Oswald: On-the-Go Oswald
12036,12258,2000.0,Kippur
12037,12259,1998.0,Something About Sex
12038,12260,1987.0,Barfly
12039,12261,1994.0,I Love Trouble
12040,12262,1965.0,A Charlie Brown Christmas
12041,12263,1988.0,Rambo III: Ultimate Edition
12042,12264,1998.0,Final Justice
12043,12265,1978.0,The Challenge of the Superfriends: Season 1
12044,12266,1941.0,Tarzan's Secret Treasure / Tarzan's New York Adventure (Double Feature)
12045,12267,1948.0,James Cagney Collection: The Time of Your Life
12046,12268,1978.0,Mr. Natwarlal
12047,12269,2000.0,Directors: Robert Zemeckis
12048,12270,1937.0,Hal Roach's Rascals #1
12049,12271,2003.0,Still Bout It
12050,12272,1978.0,Capricorn One
12051,12273,1996.0,Johns
12052,12274,1994.0,Surviving the Game
12053,12275,1988.0,Married to the Mob
12054,12276,1990.0,Bloodfist 2
12055,12277,2000.0,Rugrats in Paris: The Movie
12056,12278,1970.0,Doctor Who: Spearhead from Space
12057,12279,2003.0,D.L. Hughley: Live
12058,12280,1979.0,The Jerk
12059,12281,1963.0,They Saved Hitler's Brain
12060,12282,1940.0,Angels Over Broadway
12061,12283,1995.0,Delta of Venus
12062,12284,2004.0,The Guess Who: Running Back Thru Canada
12063,12285,1992.0,American Me
12064,12286,1974.0,The Nine Lives of Fritz the Cat
12065,12287,2004.0,God Is Brazilian
12066,12288,1993.0,Detonator
12067,12289,1998.0,Kareeb
12068,12290,1987.0,The Dame Edna Experience: Series 1
12069,12291,1957.0,Legend of the Lost
12070,12292,1993.0,The Secret of Roan Inish
12071,12293,1972.0,The Godfather
12072,12294,1998.0,Around the Fire
12073,12295,1956.0,Between Heaven and Hell
12074,12296,1983.0,Deadline Auto Theft / Gone in 60 Seconds 2
12075,12297,1993.0,Weekend at Bernie's 2
12076,12298,1963.0,The Twilight Zone: Vol. 5
12077,12299,2001.0,Along Came a Spider
12078,12300,1954.0,Them!
12079,12301,2002.0,Kissing Jessica Stein
12080,12302,1986.0,Knights of the Zodiac
12081,12303,1998.0,Senseless
12082,12304,1974.0,The Parallax View
12083,12305,1995.0,Mr. Holland's Opus
12084,12306,1988.0,Red Dwarf: Series 1: Bonus Material
12085,12307,1995.0,A Goofy Movie
12086,12308,1983.0,Heat and Dust
12087,12309,1997.0,The Postman
12088,12310,2004.0,Speak
12089,12311,1925.0,The Phantom of the Opera
12090,12312,1968.0,Padosan
12091,12313,1973.0,The Mack
12092,12314,1987.0,The Garbage Pail Kids Movie
12093,12315,2002.0,The Cure: Trilogy
12094,12316,1963.0,The Twilight Zone: Vol. 2
12095,12317,1996.0,The Rock
12096,12318,2005.0,PRIDE Fighting Championships: Championship Chaos 2
12097,12319,2004.0,Great Lodges of the Canadian Rockies
12098,12320,1968.0,The Doors: Live in Europe
12099,12321,2004.0,Burn Up!
12100,12322,1999.0,The End of the Affair
12101,12323,2004.0,Island Girl Dance Fitness Workout for Beginners: Hula
12102,12324,1997.0,Steam: The Turkish Bath
12103,12325,1999.0,The Devil's Arithmetic
12104,12326,2002.0,Kilimanjaro: To the Roof of Africa: IMAX
12105,12327,2001.0,The Little Bear Movie
12106,12328,1992.0,O Pioneers!
12107,12329,2001.0,Double Take
12108,12330,1997.0,Quicksilver Highway
12109,12331,2001.0,Nobody's Baby
12110,12332,1941.0,Road to Zanzibar
12111,12333,1999.0,Infinite Ryvius
12112,12334,2003.0,VeggieTales: Bible Heroes: Stand Up! Stand Tall! Stand Strong!
12113,12335,1998.0,Merlin: Special Edition
12114,12336,1977.0,The Gauntlet
12115,12337,1972.0,Slaughterhouse Five
12116,12338,2004.0,Harry Potter and the Prisoner of Azkaban
12117,12339,1999.0,Dog Park
12118,12340,1999.0,Mark Twain Tonight! (Hal Holbrook)
12119,12341,1960.0,Mughal-E-Azam
12120,12342,1988.0,A Night in the Life of Jimmy Reardon
12121,12343,1988.0,Coming to America
12122,12344,2002.0,Trois 2: Pandora's Box
12123,12345,1993.0,The Philadelphia Experiment 2
12124,12346,2003.0,Sexual Dependency
12125,12347,1988.0,Short Circuit 2
12126,12348,1945.0,I'll Be Seeing You
12127,12349,1993.0,Super Mario Bros.
12128,12350,1994.0,Nicholas' Gift
12129,12351,2002.0,Murder in Portland
12130,12352,1989.0,Immediate Family
12131,12354,1999.0,Genesis: IMAX
12132,12355,2001.0,A.I. Artificial Intelligence
12133,12356,1997.0,Whales: An Unforgettable Journey: IMAX
12134,12357,1998.0,Ride
12135,12358,1986.0,A Room With a View: Special Edition: Bonus Material
12136,12359,2004.0,The Merchant of Venice
12137,12360,2001.0,The Happiness of the Katakuris
12138,12361,1946.0,Film Noir Collection: The Stranger
12139,12362,1986.0,A Hearty Response
12140,12363,1997.0,The Woman in White
12141,12364,2004.0,Nora's Hair Salon
12142,12365,1988.0,Working Girl
12143,12366,2000.0,Everybody's Famous
12144,12367,2005.0,Rize
12145,12368,1971.0,Even Dwarfs Started Small
12146,12369,2002.0,Scorcher
12147,12370,2002.0,Bob the Builder: The Knights of Fix-a-Lot
12148,12371,2000.0,South Park: Timmy!
12149,12372,2000.0,Faithless
12150,12373,2000.0,The Tic Code
12151,12374,2000.0,StarGaze: Hubble's View of the Universe
12152,12375,2003.0,WWE: The Ultimate Ric Flair Collection
12153,12376,1988.0,The Dead Pool
12154,12377,1982.0,Yeh Vaada Raha
12155,12378,2000.0,The Way of the Gun
12156,12379,2005.0,National Geographic: King Tut's Final Secrets
12157,12380,2004.0,Journey of a Lifetime
12158,12381,1989.0,We're No Angels
12159,12382,2000.0,Trading Spaces: They Hated It!
12160,12383,1956.0,Attack!
12161,12384,2001.0,Coupling: Season 2
12162,12385,1995.0,The Autopsy Files
12163,12386,1931.0,The Fanny Trilogy
12164,12387,1978.0,Challenge of the Superfriends: United They Stand
12165,12388,2001.0,Outta Time
12166,12389,1999.0,Foolish
12167,12390,1994.0,Yellowstone: IMAX
12168,12391,1997.0,Ulee's Gold
12169,12392,1985.0,G.I. Joe: Season 1: Part 2
12170,12393,2003.0,Crime Spree
12171,12394,2003.0,Cat and Mouse
12172,12395,2000.0,Nowhere In Sight
12173,12396,1992.0,The Heroic Legend of Arslan
12174,12397,1991.0,Law & Order: Season 2
12175,12398,2004.0,Veronica Mars: Season 1
12176,12399,1998.0,Practical Magic
12177,12400,2004.0,Stargate Atlantis: Rising (Pilot Episode)
12178,12401,2000.0,Nico and Dani
12179,12402,1990.0,The Phantom of the Opera
12180,12403,2001.0,Science of the Swastika
12181,12404,1994.0,Uncovered
12182,12405,2000.0,Holy Smoke
12183,12406,2000.0,Red Shoe Diaries: Strip Poker
12184,12407,2001.0,NBA Now! Showmen of Today
12185,12408,1994.0,The Neverending Story 3: Escape From Fantasia
12186,12409,2005.0,Today You Die
12187,12410,2000.0,Kya Kehna
12188,12411,2003.0,My Architect: A Son's Journey
12189,12412,1989.0,New York Stories
12190,12414,1998.0,Under the Sun
12191,12415,1989.0,Too Beautiful For You
12192,12416,1942.0,Sherlock Holmes and the Voice of Terror
12193,12417,2000.0,Samurai X
12194,12418,2005.0,The Triangle
12195,12419,2002.0,An Amazing Couple: Trilogy 2
12196,12420,1993.0,Khalnayak
12197,12421,2001.0,The Crusades
12198,12422,2004.0,The Murder Room
12199,12424,1994.0,In Search of Dr. Seuss
12200,12425,2004.0,The Apprentice: Season 1
12201,12426,2000.0,Cinderelmo: Sesame Street
12202,12427,1987.0,The Quick and the Dead
12203,12428,2002.0,War Letters: American Experience
12204,12429,1976.0,The Message
12205,12430,2000.0,The Kid
12206,12431,1999.0,Not of This World
12207,12432,1970.0,The Owl and the Pussycat
12208,12433,1961.0,Mr. Sardonicus
12209,12434,1998.0,3 Ninjas: High Noon on Mega Mountain
12210,12435,1989.0,Lethal Weapon 2
12211,12436,1931.0,Le Million
12212,12437,2004.0,Run
12213,12438,2004.0,Gravion Zwei
12214,12439,2005.0,Strawberry Shortcake: Moonlight Mysteries
12215,12440,1932.0,Horse Feathers
12216,12441,1980.0,The Martian Chronicles
12217,12442,1971.0,McCabe & Mrs. Miller
12218,12443,1992.0,Inspector Morse 24: Absolute Conviction
12219,12444,1998.0,Yes Boss
12220,12445,2000.0,For Bad Boys Only
12221,12446,1980.0,The Howling
12222,12447,2001.0,The Land Before Time VIII: The Big Freeze
12223,12448,1998.0,The Girl of Your Dreams
12224,12449,1966.0,Bad Girls Go to Hell/ Another Day Another Man
12225,12450,2003.0,Children of Dune
12226,12451,1941.0,Pot o' Gold
12227,12452,1998.0,I Got the Hook Up
12228,12453,2000.0,Love & Sex
12229,12454,2004.0,7 Days in September
12230,12455,2000.0,Hollywood Screen Tests
12231,12456,2000.0,The Golden Bowl
12232,12457,2002.0,Bark
12233,12458,1999.0,Splendor
12234,12459,1996.0,Fled
12235,12460,1948.0,Portrait of Jennie
12236,12461,1997.0,Keb' Mo': Sessions at West 54th
12237,12462,1973.0,Jimi Hendrix
12238,12463,1970.0,She Killed in Ecstasy
12239,12464,2002.0,KISS: Live in Las Vegas
12240,12465,1999.0,Waterproof
12241,12466,1971.0,Carnal Knowledge
12242,12467,1999.0,Sing a Song With Pooh Bear and Piglet Too: Sing-Along Songs
12243,12468,1977.0,You Light Up My Life
12244,12469,2000.0,Lumumba
12245,12470,1996.0,Twister
12246,12471,2002.0,8 Mile
12247,12472,2004.0,Decoys
12248,12473,1999.0,October Sky
12249,12474,1998.0,Beauty and the Beast: Belle's Magical World
12250,12475,2000.0,Octopus
12251,12476,2002.0,Blade 2
12252,12477,1996.0,Marley Magic
12253,12478,1980.0,Breaker Morant: Masterworks Edition
12254,12479,2002.0,Marriage Is a Crazy Thing
12255,12480,2004.0,The M.O. of the M.I.
12256,12481,1995.0,Beyond the Clouds
12257,12482,1999.0,Scooby-Doo and the Witch's Ghost
12258,12483,2000.0,It's Black Entertainment!
12259,12484,2000.0,Killer Instinct
12260,12485,1999.0,The Last September
12261,12486,1998.0,Saturday Night Live: The Best of Phil Hartman
12262,12487,1991.0,Freddy's Dead: The Final Nightmare
12263,12488,1992.0,Inspector Morse 21: Dead on Time
12264,12489,2004.0,Control
12265,12490,1984.0,The Adventures of Buckaroo Banzai
12266,12491,1964.0,Girl with Green Eyes
12267,12492,1976.0,Wonder Woman: Season 1
12268,12493,2001.0,Spy Game
12269,12494,2001.0,Behind Enemy Lines
12270,12495,1990.0,The Boyfriend School
12271,12496,2000.0,Whispers: An Elephant's Tale
12272,12497,2000.0,Bring It On
12273,12498,1996.0,Goosebumps: Welcome to Dead House
12274,12499,2001.0,Scenes of the Crime
12275,12500,1999.0,Boys Don't Cry
12276,12501,1984.0,The NeverEnding Story
12277,12502,2000.0,Mikado: Gilbert & Sullivan: Stratford Festival
12278,12503,2000.0,Urbania
12279,12504,1953.0,The Stooge
12280,12505,1984.0,Care Bears: Kingdom of Caring
12281,12506,1974.0,Godzilla vs. Mechagodzilla
12282,12507,1987.0,Hello Kitty Goes to the Movies
12283,12508,1968.0,Chitty Chitty Bang Bang
12284,12509,1974.0,Swept Away
12285,12511,1985.0,Mapp and Lucia: Series 1
12286,12512,1989.0,True Believer
12287,12513,1998.0,Star Trek: Insurrection
12288,12514,2002.0,Triggermen
12289,12515,2000.0,Phish: Bittersweet Motel
12290,12516,1983.0,Lovesick
12291,12517,2003.0,Gigli
12292,12518,1998.0,School of Flesh
12293,12519,1988.0,The Ladies Sing the Blues
12294,12520,1986.0,Just Between Friends
12295,12521,1979.0,My Brilliant Career
12296,12522,1975.0,Rancho Deluxe
12297,12523,2002.0,All or Nothing
12298,12524,2004.0,Spider-Man: The Return of the Green Goblin
12299,12525,2002.0,Tai Chi for Beginners
12300,12526,2004.0,Word Wars
12301,12527,2003.0,Newlyweds: Nick & Jessica: Season 1
12302,12528,2001.0,Final
12303,12529,1998.0,Darkness Falls
12304,12530,2004.0,Sex and the City: Season 6: Part 2
12305,12532,2004.0,Sonic Youth: Corporate Ghost: The Videos 1990-2002
12306,12533,1994.0,Country Life
12307,12534,2005.0,Steamboy
12308,12535,2000.0,Maggie and the Ferocious Beast: Let's Go to the Beach!
12309,12536,1981.0,Just Before Dawn
12310,12537,2003.0,Undermind
12311,12538,1985.0,The Black Cauldron
12312,12539,1986.0,The Fly / The Fly 2
12313,12540,2000.0,100 Girls
12314,12541,1990.0,The Adventures of Ford Fairlane
12315,12542,2001.0,Wasabi
12316,12543,2000.0,Time Code
12317,12544,2004.0,Peter Gabriel: Play: The Video Collection
12318,12545,1972.0,Sanford and Son: Season 1
12319,12546,1990.0,Home Alone
12320,12547,2002.0,Gladiator Days: Anatomy of a Prison Murder
12321,12548,2003.0,Waisa Bhi Hota Hai
12322,12549,1999.0,Drop Dead Gorgeous
12323,12550,1997.0,Border
12324,12551,1999.0,Lush
12325,12552,1992.0,Shadows and Fog
12326,12553,2000.0,Legend of Loch Lomond: IMAX
12327,12554,2004.0,G.I. Joe: Valor vs. Venom
12328,12555,2001.0,Tony Hawk's Trick Tips: Vol. 2: Essentials of Street
12329,12556,2002.0,Power and Terror: Noam Chomsky in Our Times
12330,12557,2004.0,Wake of Death
12331,12558,1972.0,Lord Peter Wimsey: Clouds of Witness
12332,12559,1995.0,XTRO 3: Watch the Skies
12333,12560,1982.0,The Dark Crystal
12334,12561,1927.0,October
12335,12562,1996.0,City Hall
12336,12563,2003.0,R.E.M.: In View: The Best of R.E.M. 1988-2003
12337,12564,1992.0,Guns N' Roses: Use Your Illusion II
12338,12565,2002.0,Super Sucker
12339,12566,1981.0,Funhouse
12340,12567,2005.0,The Office: Season 1
12341,12568,1961.0,Hercules in the Haunted World
12342,12569,1981.0,Victory
12343,12570,1980.0,Superman II
12344,12571,1982.0,Gilbert and Sullivan: The Pirates of Penzance
12345,12572,1993.0,Inspector Morse 11: Secret of  Bay 5B
12346,12573,1999.0,Faces of Death / Fact or Fiction?
12347,12574,1960.0,Nude on the Moon
12348,12575,1989.0,Casino Raiders
12349,12576,2001.0,Cirque du Soleil: La Magie Continue
12350,12577,1962.0,Beany and Cecil
12351,12578,1982.0,Fitzcarraldo
12352,12579,1974.0,Demoniacs
12353,12580,1984.0,Revenge of the Nerds / Revenge of the Nerds 2: Double Feature
12354,12581,1929.0,Iron Mask
12355,12582,2003.0,Mystic River
12356,12583,1990.0,After Dark My Sweet
12357,12584,1985.0,Mischief
12358,12585,1937.0,Dead End
12359,12587,2001.0,Shackleton's Antarctic Adventure: IMAX
12360,12588,1992.0,Naked Killer
12361,12589,1995.0,Heat: Special Edition: Bonus Material
12362,12590,1999.0,Phantom the Submarine
12363,12591,1996.0,Beautiful Girls
12364,12592,1936.0,Flash Gordon: Space Soldiers
12365,12593,1982.0,The Verdict
12366,12594,2003.0,X2: X-Men United: Bonus Material
12367,12595,1987.0,Fortunes of War
12368,12596,1975.0,Death Race 2000
12369,12597,1944.0,Once Upon a Time
12370,12598,1974.0,The Odessa File
12371,12599,1991.0,Inspector Morse 17: Fat Chance
12372,12600,1973.0,American Graffiti: Collector's Edition
12373,12601,2004.0,Justice League: The Brave and the Bold
12374,12602,2004.0,Angels and Demons Revealed
12375,12603,2000.0,Bounce: Behind the Velvet Rope
12376,12604,2000.0,Hangman
12377,12605,1978.0,National Lampoon's Animal House
12378,12606,2001.0,Disorder II: Fat Tire Fury: White Knuckle Extreme
12379,12607,1945.0,Flame of Barbary Coast
12380,12608,1982.0,Tex
12381,12609,1968.0,Finian's Rainbow
12382,12610,2002.0,Rachel's Attic
12383,12611,1999.0,Looking for an Echo
12384,12612,1967.0,In Cold Blood
12385,12613,1979.0,Joni Mitchell: Shadows and Light
12386,12614,1999.0,Cleopatra: The First Woman of Power
12387,12615,1970.0,The Boatniks
12388,12616,2003.0,Summer Thunder
12389,12617,2002.0,Boomtown: Season 1
12390,12618,1993.0,Guilty as Sin
12391,12620,2003.0,Masked & Anonymous
12392,12621,1971.0,See No Evil
12393,12622,1999.0,The James Bond Story
12394,12623,2002.0,The Way Home
12395,12624,1984.0,Twin Warriors
12396,12625,1984.0,Boy Meets Girl
12397,12626,1975.0,Picnic at Hanging Rock
12398,12627,2005.0,Saturday Night Live: The Best of Jimmy Fallon
12399,12628,2000.0,Tribulation
12400,12629,1960.0,The Wackiest Ship in the Army
12401,12630,2001.0,The Trumpet of the Swan
12402,12631,2002.0,The Ultimate Beginner Series: Rock Guitar Styles
12403,12632,2003.0,Seaside
12404,12633,1995.0,Copycat
12405,12634,2005.0,Nirvana: Nevermind
12406,12635,1987.0,Cheerleader Camp
12407,12636,1949.0,The Three Stooges: All Time Favorites
12408,12637,2004.0,75th Annual Academy Awards Short Films
12409,12638,2005.0,Queer Eye for the Straight Guy: Thom's Home
12410,12639,1951.0,An American in Paris
12411,12640,2000.0,Godzilla vs. Megaguirus
12412,12641,1976.0,Fantasm
12413,12642,1995.0,A Good Day to Die
12414,12643,1989.0,Dad
12415,12644,1994.0,Aswang
12416,12645,1941.0,High Sierra
12417,12646,2001.0,In Love and War
12418,12647,2002.0,New Order: 511
12419,12648,1998.0,More Tales of the City
12420,12649,2000.0,Attraction
12421,12650,1998.0,Flint the Time Detective: Vol. 1: The Blast from the Past
12422,12651,1946.0,Duel in the Sun
12423,12652,1999.0,SpongeBob SquarePants: SpongeBob Goes Prehistoric
12424,12653,1995.0,Live Nude Girls
12425,12654,1995.0,Wizard of Darkness
12426,12655,1957.0,The Unearthly
12427,12656,1997.0,Drive
12428,12657,1919.0,Chaplin: The Collection: Vol. 5
12429,12658,1999.0,The Vicar of Dibley: Series 3
12430,12659,2000.0,Cut
12431,12660,2004.0,Tarnation
12432,12661,1987.0,Hellraiser
12433,12662,2002.0,The Queen of the Damned
12434,12663,2003.0,The Foreigner
12435,12664,1982.0,La Traviata
12436,12665,1992.0,Men Behaving Badly: Series 1
12437,12666,1992.0,Blown Away
12438,12667,1997.0,The Sweet Hereafter
12439,12668,1999.0,The Straight Story
12440,12669,2004.0,War Feels Like War: POV
12441,12670,2001.0,Absolutely Fabulous: Series 4
12442,12671,1951.0,Strangers on a Train: Special Edition
12443,12672,2001.0,John Q
12444,12673,2002.0,Wisegirls
12445,12674,2004.0,Dracula 3000
12446,12675,1989.0,The Abyss
12447,12676,1982.0,The Secret of N-I-M-H
12448,12677,1991.0,Toy Soldiers
12449,12678,1995.0,Halloween 6: The Curse of Michael Myers
12450,12679,2004.0,Young Adam
12451,12680,2001.0,Disco Pigs
12452,12681,1996.0,Kodocha
12453,12682,1992.0,Candyman
12454,12683,1990.0,Bride of Re-Animator
12455,12684,1992.0,Glengarry Glen Ross: Bonus Material
12456,12685,1990.0,Graffiti Bridge
12457,12686,2004.0,Strapped: The Origins of Tow-In Surfing
12458,12687,1978.0,Battle of the Planets: 25th Anniversary Collection
12459,12688,2004.0,Hellraiser VII: Deader
12460,12689,1961.0,The Dick Van Dyke Show: Season 1
12461,12690,2002.0,Hero
12462,12694,2005.0,The Interpreter
12463,12695,1995.0,Little Bear: Feel Better Little Bear
12464,12696,2004.0,Battle of the Bulge: American Experience
12465,12697,1992.0,Tropical Rainforest: IMAX
12466,12698,2004.0,WOW Hits 2005
12467,12699,1998.0,Ghost Stories #3
12468,12700,1987.0,Elvis '56
12469,12701,2004.0,Rugrats All Grown Up: All Grown Up ... and Loving It!
12470,12702,1955.0,The Desperate Hours
12471,12703,1960.0,Purple Noon
12472,12704,1983.0,Valley Girl: Special Edition
12473,12705,1998.0,Vanished
12474,12706,1971.0,THX 1138: Special Edition: Bonus Material
12475,12707,1977.0,Swami
12476,12708,2000.0,Yoga Conditioning for Weight Loss
12477,12709,1970.0,Too Late the Hero
12478,12710,2004.0,Kino's Journey
12479,12711,1952.0,Limelight
12480,12712,1999.0,Geobreeders
12481,12713,2005.0,Crusader
12482,12714,1978.0,The Great Train Robbery
12483,12716,2003.0,Rosemary & Thyme: Series 1
12484,12717,1974.0,Born Innocent
12485,12718,1994.0,Frasier: Season 2
12486,12719,2001.0,Elling
12487,12720,2000.0,Winter Sleepers
12488,12721,1952.0,Ikiru
12489,12722,2004.0,Tom and Jerry: Spotlight Collection: Vol. 1
12490,12723,1997.0,Taste of Cherry
12491,12724,1967.0,Born Losers
12492,12725,2002.0,Creepy Crawlers
12493,12726,2002.0,The Gathering Storm
12494,12727,1960.0,Little Shop of Horrors
12495,12728,1980.0,Hart to Hart: Season 1
12496,12729,2004.0,Sweet Potato Pie
12497,12730,1999.0,8 1/2 Women
12498,12731,2001.0,Farscape: Season 3
12499,12732,2004.0,Hidalgo
12500,12733,2001.0,Johnny Greyeyes
12501,12734,1991.0,King Ralph
12502,12735,1995.0,Hideaway
12503,12736,1996.0,The Whole Wide World
12504,12737,1996.0,In Cold Blood
12505,12738,1996.0,Microcosmos
12506,12739,2002.0,Max
12507,12740,1998.0,Tales of the Kama Sutra 2: Monsoon
12508,12741,1994.0,The Specialist
12509,12742,1984.0,Cat on a Hot Tin Roof
12510,12743,1989.0,Black Rain
12511,12744,1969.0,Who's That Knocking at My Door?
12512,12745,1986.0,River's Edge
12513,12746,1979.0,Starting Over
12514,12747,2001.0,Time Out
12515,12748,1994.0,Star Trek: Generations
12516,12749,1993.0,Carnosaur
12517,12750,1954.0,Indiscretion of an American Wife
12518,12751,2002.0,Wendigo
12519,12752,1974.0,Pippi Longstocking
12520,12753,2001.0,Classic Albums: Elton John: Goodbye Yellow Brick Road
12521,12754,1994.0,Doomsday Gun
12522,12755,1995.0,WWE: The Monday Night War
12523,12756,2000.0,Once and Again: Season 2
12524,12757,1993.0,Patlabor 2: The Movie
12525,12758,1973.0,Schoolhouse Rock!: Special 30th Anniversary Edition
12526,12759,1997.0,7th Heaven: Season 2
12527,12760,1986.0,Crimes of the Heart
12528,12761,2001.0,Jackie Chan Adventures: The Search for the Talismans
12529,12762,1998.0,Michael Crawford in Concert
12530,12763,1985.0,Enemy Mine
12531,12764,2004.0,Social Distortion: Live in Orange County
12532,12765,1998.0,Black Cat Run
12533,12766,1996.0,It's My Party
12534,12767,1997.0,Mr. Nice Guy
12535,12768,1994.0,Wing Chun
12536,12769,1952.0,Monkey Business
12537,12770,1998.0,The Batman Superman Movie
12538,12771,1981.0,Postman Fights Back
12539,12772,1983.0,Table for Five
12540,12773,1990.0,Henry & June
12541,12774,1971.0,The Andromeda Strain
12542,12775,1988.0,A Pup Named Scooby-Doo
12543,12776,2002.0,The String Cheese Incident: Waiting for the Snow to Fall
12544,12777,1991.0,The Darling Buds of May
12545,12778,1991.0,Thelma & Louise: Special Edition
12546,12779,1999.0,Classic Albums: The Who: Who's Next
12547,12780,2004.0,Alexander: Director's Cut: Bonus Material
12548,12781,2003.0,All the Real Girls
12549,12782,2002.0,Slash
12550,12783,2000.0,Modern Marvels: Engineering Disasters
12551,12784,1989.0,Camille Claudel
12552,12785,2000.0,X-Men
12553,12786,1997.0,Casper: A Spirited Beginning
12554,12787,2001.0,Yoga Sculpting
12555,12788,1996.0,Yu-Gi-Oh
12556,12789,1967.0,Things to Come / Journey to the Center of Time
12557,12790,1998.0,Phantom of the Opera
12558,12791,2003.0,Balseros
12559,12792,2001.0,The Office: Series 1
12560,12793,1987.0,Alf: Season 2
12561,12794,1942.0,The Battle of Midway
12562,12795,1986.0,Salvador
12563,12796,2002.0,Lady Jayne: Killer
12564,12797,2005.0,Strange Days on Planet Earth
12565,12798,2003.0,How to Deal
12566,12799,2004.0,After the Sunset
12567,12800,1939.0,The Hunchback of Notre Dame
12568,12801,1999.0,Biwi No. 1
12569,12802,2001.0,Acceptable Risk
12570,12803,1940.0,The Letter
12571,12804,1999.0,Lain #1: Navi
12572,12805,1967.0,The Forsyte Saga
12573,12806,1998.0,Expect the Unexpected
12574,12807,1994.0,The Magic School Bus: Human Body
12575,12808,1997.0,Velocity Trap
12576,12809,1999.0,The Corndog Man
12577,12810,1989.0,Next of Kin
12578,12811,2000.0,The X-Files: Season 1
12579,12812,2001.0,Madonna: The Drowned World Tour 2001
12580,12813,1999.0,Hum Dil De Chuke Sanam
12581,12814,2000.0,Faust: Love of the Damned
12582,12815,1987.0,The Confessions of Robert Crumb
12583,12816,1995.0,Stormchasers: IMAX
12584,12817,2001.0,Black River
12585,12818,1999.0,Payback
12586,12819,2004.0,The Quick & Dirty Guide to Salsa: Part 1: Beginners
12587,12820,1997.0,See the Sea
12588,12821,2003.0,Ghost Rock
12589,12822,1976.0,That's Entertainment 2
12590,12823,2005.0,Russell Simmons Presents Def Poetry: Season 3
12591,12824,1997.0,4 Little Girls
12592,12825,1995.0,Headless Body in Topless Bar
12593,12826,1989.0,Shintaro Katsu's Zatoichi: The Blind Swordsman
12594,12827,1998.0,Teletubbies: Here Come the Teletubbies
12595,12828,2004.0,Kinsey
12596,12829,1996.0,Last Assassins
12597,12830,2004.0,The 5th Wheel: Naked Dating
12598,12831,2002.0,Barney & Friends: Songs from the Park
12599,12832,1999.0,Gravitation
12600,12833,1996.0,Thinner
12601,12834,2001.0,Family Guy: Vol. 2: Season 3
12602,12835,1941.0,James Stewart: Pot O' Gold/Made for Each Other
12603,12836,2000.0,Seven Days to Live
12604,12837,1999.0,Tumbleweeds
12605,12838,1999.0,The Boondock Saints
12606,12839,1988.0,License to Drive
12607,12840,1962.0,Knife in the Water
12608,12841,1973.0,The Boy in the Plastic Bubble / The Harrad Experiment: Double Feature
12609,12842,2003.0,Pirates of the Caribbean: The Curse of the Black Pearl: Bonus Material
12610,12843,1986.0,Big Trouble in Little China
12611,12844,2004.0,Straight-Jacket
12612,12845,1975.0,Switchblade Sisters
12613,12846,2001.0,The Widow of St. Pierre
12614,12847,2005.0,Mobile Suit Gundam SEED the Movie: The Empty Battlefield
12615,12848,1989.0,Campion: The Case of the Late Pig
12616,12849,1958.0,The Big Country
12617,12851,2003.0,Bionicle: Mask of Light: The Movie
12618,12852,2002.0,To Be and To Have
12619,12853,1967.0,Double Trouble
12620,12854,2004.0,Infamous Times: The Original 50 Cent
12621,12855,2003.0,Tom and Jerry: Hijinks and Shrieks
12622,12856,2004.0,Knots
12623,12857,1997.0,Cold Feet: Season 1
12624,12858,1955.0,Groucho Marx: You Bet Your Life: The Best Episodes
12625,12859,1977.0,Allegro Non Troppo
12626,12860,1998.0,Permanent Midnight
12627,12861,1989.0,Little Monsters
12628,12862,1991.0,Don't Tell Mom the Babysitter's Dead
12629,12863,1997.0,Tidal Wave: No Escape
12630,12864,2004.0,Chokher Bali
12631,12865,2001.0,The Shrink Is In
12632,12866,1984.0,Bolero
12633,12867,1972.0,Last Tango in Paris
12634,12868,1964.0,Seance on a Wet Afternoon
12635,12869,1981.0,The Great Muppet Caper
12636,12870,1993.0,Schindler's List
12637,12871,1926.0,Our Hospitality / Sherlock Jr.
12638,12872,2004.0,Eagles: Farewell I Tour: Live from Melbourne
12639,12873,1982.0,Wrong Is Right
12640,12874,2005.0,Dora the Explorer: Big Sister Dora
12641,12875,1950.0,Treasure Island
12642,12876,2000.0,Rat
12643,12877,1999.0,Smiling Fish and Goat on Fire
12644,12878,2002.0,Frontier House
12645,12879,1985.0,Demons
12646,12881,2001.0,Moulin Rouge
12647,12882,1997.0,Lilith Fair: A Celebration of Women in Music
12648,12883,1998.0,Love and Rage
12649,12885,1981.0,Mephisto
12650,12886,2001.0,VeggieTales: Lyle the Kindly Viking
12651,12887,2000.0,Legend of the Chupacabra
12652,12888,1993.0,Bopha!
12653,12889,1975.0,Race with the Devil
12654,12890,1976.0,Carrie
12655,12891,2003.0,24: Season 3
12656,12892,1995.0,Smoke
12657,12893,2004.0,Driving Miss Wealthy
12658,12894,1960.0,The Time Machine
12659,12895,1997.0,Ivanhoe
12660,12896,1994.0,Bullets Over Broadway
12661,12897,2002.0,Unspeakable
12662,12898,1989.0,Fright Night Part II
12663,12899,1976.0,Pinocchio
12664,12900,2001.0,Reba: Season 1
12665,12901,1998.0,Star Kid
12666,12902,2002.0,Big Trouble
12667,12903,1999.0,Head On
12668,12904,1967.0,You Only Live Twice
12669,12905,1993.0,Paul McCartney: Paul is Live in Concert
12670,12906,1962.0,The Three Stooges in Orbit
12671,12907,1995.0,Nelly and Monsieur Arnaud
12672,12908,1996.0,Faithful
12673,12909,1983.0,A Christmas Story: 20th Anniversary Edition: Bonus Material
12674,12910,1981.0,The Devil & Max Devlin
12675,12911,1999.0,Double Jeopardy
12676,12912,1982.0,Metropolitan Opera: Puccini: La Boheme
12677,12913,1988.0,Funny Farm
12678,12914,2003.0,Dragon Ball Z: Cell Games
12679,12915,2003.0,Jay Jay the Jet Plane: Good Friends Forever
12680,12917,1990.0,Rikyu
12681,12918,1997.0,Men in Black
12682,12919,1970.0,Chisum
12683,12920,1999.0,Attack the Gas Station!
12684,12921,1919.0,Chaplin: The Collection: Vol. 3
12685,12922,1999.0,It's the Rage
12686,12923,1998.0,Boltneck
12687,12924,1994.0,Where the Red Fern Grows 2
12688,12925,1979.0,The Dukes of Hazzard: Season 1
12689,12926,1988.0,Red Heat
12690,12927,1975.0,The Prisoner of Second Avenue
12691,12928,1982.0,National Geographic: Egypt: Quest for Eternity
12692,12929,1944.0,Sherlock Holmes: The Pearl of Death
12693,12930,1998.0,Occult History of the 3rd Reich #1: Enigma of the Swastika
12694,12931,1978.0,Heaven Can Wait
12695,12932,1994.0,Blue Tiger
12696,12933,2002.0,Interstate 60
12697,12934,1989.0,Police Academy 6: City Under Siege
12698,12935,2004.0,Bob Dylan: MTV Unplugged
12699,12936,1999.0,Hollywood Musicals of the '50s
12700,12937,1999.0,Buffy the Vampire Slayer: Season 4
12701,12938,1978.0,Scared Straight!
12702,12939,2001.0,The Best of Primetime Glick
12703,12940,1997.0,Event Horizon
12704,12941,1999.0,Treehouse Hostage
12705,12942,1962.0,Sanjuro
12706,12943,2002.0,The Best of Power Rangers: The Ultimate Rangers
12707,12944,1949.0,A Letter to Three Wives
12708,12945,2001.0,American Outlaws
12709,12946,1992.0,Mystery Science Theater 3000: Hercules Unchained
12710,12947,2000.0,The Day I Became a Woman
12711,12948,1986.0,'Round Midnight
12712,12949,2003.0,Midsomer Murders: A Talent for Life
12713,12950,1973.0,Love & Anarchy
12714,12951,1981.0,Ghost Story
12715,12952,2005.0,The God Who Wasn't There
12716,12953,1972.0,The Getaway
12717,12954,1999.0,Merle Haggard in Concert
12718,12955,2001.0,The Perfect Wife
12719,12956,2000.0,Angel: Season 2
12720,12957,2004.0,Greendale
12721,12958,1991.0,Home Improvement: Season 1
12722,12959,2004.0,Poker: More Secrets of No-Limit Hold 'Em
12723,12960,2001.0,Inspiracion
12724,12961,2000.0,Sally Hemings: An American Scandal
12725,12962,2000.0,Phir Bhi Dil Hai Hindustani
12726,12963,2003.0,Brush With Fate
12727,12964,2005.0,Pride FC: Pride Fighting Legacy: Vol. 2
12728,12965,1974.0,Kolchak: The Night Stalker: The Complete Series
12729,12966,2004.0,The Aviator
12730,12967,2005.0,Elaan
12731,12968,1982.0,Nature: Horses
12732,12969,2000.0,Great Trains of America: Western Railroading
12733,12970,1982.0,Firefox
12734,12971,2003.0,Dracula: Pages from a Virgin's Diary
12735,12972,2000.0,A Regular Frankie Fan: Rocky Horror Lives On
12736,12973,2000.0,Hera Pheri
12737,12974,1993.0,Benny and Joon
12738,12975,1997.0,Open Your Eyes
12739,12977,1974.0,Free to Be You and Me
12740,12978,1931.0,Monkey Business
12741,12979,2002.0,The Adventures of Ociee Nash
12742,12980,2004.0,Life as We Know It: The Complete Series
12743,12981,1992.0,La Sentinelle
12744,12982,2004.0,Craig Shoemaker: Live: That's a True Story!
12745,12983,1995.0,Trainspotting: Collector's Edition: Bonus Material
12746,12984,1951.0,Radar Men from the Moon
12747,12985,2005.0,Tom and Jerry: Spotlight Collection: Vol. 2
12748,12986,1995.0,The Prophecy
12749,12987,1999.0,Lain #3: Deus
12750,12988,1949.0,The Fighting Kentuckian
12751,12989,1986.0,Big Trouble
12752,12990,2000.0,Carnivore
12753,12991,2001.0,The Affair of the Necklace
12754,12992,2005.0,Socha Na Tha
12755,12993,1999.0,The John Wayne Collection: Vol. 3: The Dawn Rider / The Trail Beyond
12756,12994,1998.0,One Tough Cop
12757,12995,1983.0,Andy Kaufman: The Andy Kaufman Show: Soundstage
12758,12996,1997.0,Operation Delta Force 2
12759,12997,2004.0,Seed of Chucky
12760,12998,1979.0,All Quiet on the Western Front
12761,12999,2003.0,Nip/Tuck: Season 1
12762,13000,1983.0,Armored Trooper Votoms Stage 3: Deadworld Sunsa
12763,13001,1983.0,Basket Case
12764,13002,1989.0,A Nightmare on Elm Street 5: The Dream Child
12765,13003,1999.0,The Jaundiced Eye
12766,13004,1972.0,Butterflies Are Free
12767,13005,2001.0,Sacrificio: Who Betrayed Che Guevara?
12768,13006,1979.0,Soap: Season 3
12769,13007,1975.0,Dog Day Afternoon
12770,13008,1997.0,Mrs. Dalloway
12771,13009,2004.0,Yoga: Step by Step
12772,13010,1996.0,Angels and Insects
12773,13011,2000.0,Kaho Naa Pyaar Hai
12774,13012,2003.0,Genius
12775,13013,1982.0,Simon and Garfunkel: Concert in Central Park
12776,13014,1992.0,Forever Knight: The Trilogy: Part 1
12777,13015,1987.0,The Lost Boys: Special Edition
12778,13016,2004.0,Agatha Christie's Poirot: The Hollow
12779,13017,2002.0,Dragon Ball: Commander Red Saga
12780,13018,1968.0,Spirits of the Dead
12781,13019,2004.0,1421: The Year China Discovered America?
12782,13020,1977.0,Jabberwocky
12783,13021,1999.0,Travel the World by Train: North America
12784,13022,1972.0,Lucio Fulci: Don't Torture a Duckling
12785,13023,1990.0,Rosencrantz and Guildenstern Are Dead
12786,13025,2004.0,Cavedweller
12787,13026,1998.0,Raped By an Angel 2: Uniform Fan
12788,13027,2005.0,WWE: The Great American Bash 2005
12789,13028,1992.0,Doing Time on Maple Drive
12790,13029,2005.0,Inside Deep Throat
12791,13030,1999.0,To Serve and Protect
12792,13031,1989.0,Star Trek: The Next Generation: Season 3
12793,13032,2004.0,The Stone Cold Truth
12794,13033,2000.0,Death Row Uncut
12795,13034,1954.0,Knights of the Round Table
12796,13035,2004.0,Mind Hunters
12797,13036,2004.0,Lingerie Bowl 2004: The Ultimate Catfight
12798,13037,1994.0,Main Khiladi Tu Anari
12799,13038,1996.0,Sci-Fighters
12800,13039,1997.0,Paradise Road
12801,13040,1977.0,Day of the Animals
12802,13041,1987.0,The Believers
12803,13042,2001.0,Will & Grace: Season 4
12804,13043,1986.0,Hard Lessons
12805,13044,2003.0,Crunch: Fat-Burning Pilates
12806,13045,1998.0,Don't Let Me Die on a Sunday
12807,13046,2005.0,Mysterious Skin
12808,13047,2002.0,What's New Scooby-Doo?
12809,13048,1969.0,Battle of Britain
12810,13049,2002.0,The Jimmy Show
12811,13050,2002.0,Two Weeks Notice
12812,13051,2004.0,Ghost in the Shell: Stand Alone Complex
12813,13052,1993.0,What's Eating Gilbert Grape
12814,13053,1965.0,The Beast that Killed Women/ The Monster of Camp Sunshine
12815,13054,2004.0,Pingu: Chillin' with Pingu
12816,13055,1981.0,Rocky (Hindi)
12817,13056,1999.0,Bicentennial Man
12818,13057,1942.0,Val Lewton: Cat People / The Curse of the Cat People
12819,13058,1991.0,Backdraft
12820,13059,1983.0,The Man Who Loved Women
12821,13060,2004.0,Rockets Redglare
12822,13061,1973.0,Lady Snowblood
12823,13062,2000.0,Buzz Lightyear of Star Command: The Adventure Begins
12824,13063,1997.0,That Darn Cat
12825,13064,1996.0,Danielle Steel's Remembrance
12826,13065,2004.0,Clifford's Really Big Movie
12827,13066,2000.0,Bullfighter
12828,13067,2004.0,The 24th Day
12829,13068,1997.0,Oscar and Lucinda
12830,13069,2001.0,Learning Guitar for Dummies
12831,13070,2002.0,Down and Out With the Dolls
12832,13071,2000.0,Daydream Believers: The Monkees Story
12833,13072,1987.0,Nuts
12834,13073,1946.0,It's a Wonderful Life
12835,13074,2002.0,The Transporter
12836,13075,2004.0,Inheritance
12837,13076,1948.0,Call Northside 777
12838,13077,1981.0,Friday the 13th: Part 2
12839,13078,2004.0,WWE: Bad Blood '04
12840,13079,1976.0,The Best Way to Walk
12841,13080,1943.0,Destination Tokyo
12842,13081,2004.0,Troy
12843,13082,1974.0,Chinatown
12844,13083,1988.0,A Short Film About Killing
12845,13084,1997.0,Mystery Science Theater 3000: Prince of Space
12846,13085,1991.0,Bikini Summer
12847,13086,1998.0,Relax ... It's Just Sex
12848,13087,2004.0,A Home at the End of the World
12849,13088,1999.0,Mystery Science Theater 3000: The Girl in Gold Boots
12850,13089,1991.0,Talent for the Game
12851,13090,2002.0,Notorious C.H.O.
12852,13091,1993.0,Malice
12853,13092,1975.0,The Hindenburg
12854,13093,1971.0,The Trojan Women
12855,13094,1999.0,SpongeBob SquarePants: Lost at Sea
12856,13095,1998.0,The Rat Pack
12857,13096,1934.0,Twentieth Century
12858,13097,2003.0,Andaaz
12859,13098,2001.0,The Animal
12860,13099,1946.0,The Spiral Staircase
12861,13100,1989.0,Kiki's Delivery Service
12862,13101,1999.0,Short #2: Dreams
12863,13102,2000.0,Coyote Ugly
12864,13103,1998.0,The Dinner Game
12865,13105,2000.0,Manilow: Live
12866,13106,1993.0,Iron Maiden: Raising Hell
12867,13107,1958.0,Touch of Evil
12868,13108,2003.0,Little House on the Prairie: Journey in the Spring
12869,13109,2005.0,Batman vs. Dracula
12870,13110,2000.0,The Book of Stars
12871,13111,1999.0,The Best of Ripley's Believe It or Not
12872,13112,2003.0,Anna in Kung Fu Land
12873,13113,1978.0,The Betsy
12874,13114,1985.0,The Twilight Zone: The 80s: Season 1
12875,13115,2004.0,Raise Your Voice
12876,13116,1979.0,Unidentified Flying Oddball
12877,13117,1987.0,Gunsmoke: Return to Dodge
12878,13118,2000.0,The League of Gentlemen: Christmas Special
12879,13119,1987.0,Ernest Goes to Camp
12880,13120,1988.0,I Love Maria
12881,13121,1946.0,The Strange Love of Martha Ivers
12882,13122,1975.0,Hera Pheri
12883,13123,1976.0,MASH: Season 5
12884,13124,1961.0,The Errand Boy
12885,13125,1988.0,Scooby-Doo and the Ghoul School
12886,13126,2004.0,Relative Evil
12887,13127,2003.0,The Hard Road
12888,13128,1987.0,Wall Street
12889,13129,1998.0,Sex and the City: Season 1
12890,13130,1952.0,Sudden Fear
12891,13131,1978.0,Edward & Mrs. Simpson
12892,13132,1990.0,Hetty Wainthropp: Missing Persons
12893,13133,2000.0,Sunset Strip
12894,13134,1963.0,Three Stooges 75th Anniversary Edition
12895,13135,1976.0,Assault on Precinct 13
12896,13136,2004.0,Thomas & Friends: Thomas and the Jet Engine
12897,13137,2000.0,Two Shades of Blue
12898,13138,2004.0,NFL: History of the Oakland Raiders
12899,13139,1987.0,Maurice
12900,13140,2001.0,Green Dragon
12901,13141,1978.0,Rumpole of the Bailey: Series 1 and 2
12902,13142,2002.0,Elvis: His Best Friend Remembers
12903,13143,2003.0,Selena Live: The Last Concert
12904,13144,1993.0,Mystery Science Theater 3000: Eegah!
12905,13145,1998.0,Ghulam
12906,13146,2004.0,Gunslinger Girl
12907,13147,1915.0,Chaplin's Essanay Comedies: Vol. 1
12908,13148,1995.0,Anatomy of Desire
12909,13149,1940.0,Foreign Correspondent
12910,13150,1996.0,The Odyssey of Life: The Photographer's Secrets: Nova
12911,13152,2001.0,The Concert for New York City
12912,13153,2002.0,Wish You Were Dead
12913,13154,2003.0,The Roman Spring of Mrs. Stone
12914,13155,2000.0,The In Crowd
12915,13156,2000.0,Bloody Beach
12916,13157,2004.0,Poker for Dummies
12917,13158,1999.0,Paul Robeson: Here I Stand
12918,13159,1995.0,Jack-O
12919,13160,1992.0,Roja
12920,13161,2003.0,American Folk Blues Festival: 1962-1966
12921,13162,1969.0,The Doors: Soundstage Performances
12922,13163,2003.0,NHL: Ultimate Gretzky
12923,13164,2001.0,Pokemon: Mewtwo Returns
12924,13165,1987.0,I Was a Teenage Zombie
12925,13166,1971.0,They Call Me Trinity
12926,13167,1990.0,Inspector Morse 14: Driven to Distraction
12927,13168,1972.0,Beware! The Blob
12928,13169,1932.0,The Old Dark House
12929,13170,1986.0,Dragon Ball: King Piccolo Saga: Part 2
12930,13171,2000.0,Solomon and Gaenor
12931,13172,1999.0,Gen-X Cops
12932,13174,1999.0,I'll Take You There
12933,13175,1992.0,Rapid Fire
12934,13176,2002.0,Respiro
12935,13177,2002.0,CSI: Miami: Season 1
12936,13178,1995.0,Ulysses' Gaze
12937,13179,2002.0,Monday Night Mayhem
12938,13180,1998.0,Class Trip
12939,13181,2002.0,Murder in Greenwich
12940,13182,1978.0,Return from Witch Mountain
12941,13183,1974.0,Story of Jacob and Joseph
12942,13184,1988.0,High Spirits
12943,13185,2001.0,Basic Yoga Workout for Dummies
12944,13186,1995.0,Neon Genesis Evangelion: Death and Rebirth
12945,13187,1949.0,Take Me Out to the Ball Game
12946,13188,1977.0,Are You Being Served?: The Movie
12947,13189,2002.0,Cypher
12948,13190,1999.0,To the Moon: Nova
12949,13191,2004.0,Lucky 13
12950,13192,2001.0,Moulin Rouge: Bonus Material
12951,13193,2003.0,Pauly Shore is Dead
12952,13194,1976.0,The Tenant
12953,13195,1997.0,Austin Powers: International Man of Mystery
12954,13196,1997.0,Going All the Way
12955,13197,2004.0,Veer-Zaara
12956,13198,1995.0,Ren & Stimpy: Season 5 and Some More of 4
12957,13199,2001.0,Don't Try This at Home: The Steve-O Video
12958,13200,1995.0,Night Hunter
12959,13201,1993.0,Deadful Melody
12960,13203,2003.0,And Starring Pancho Villa as Himself
12961,13204,1998.0,James Taylor: Pull Over
12962,13205,2004.0,Rescue Me: Season 1
12963,13206,1995.0,Sharpe 6: Sharpe's Gold
12964,13207,1993.0,The Joy Luck Club
12965,13208,1994.0,High Crusade
12966,13210,1992.0,Men Behaving Badly: Series 2
12967,13211,1999.0,Idle Hands
12968,13212,1984.0,The Company of Wolves
12969,13213,1954.0,Casanova's Big Night
12970,13214,1999.0,Shiri
12971,13215,1980.0,Galaxina
12972,13216,1996.0,The Juror
12973,13217,1983.0,Mr. Mom
12974,13218,2003.0,The Complete Holy Bible: King James Version
12975,13219,1996.0,Jane Eyre
12976,13220,2000.0,Once in the Life
12977,13221,1999.0,Rowdy Girls
12978,13222,2005.0,Ghost Watcher 2
12979,13223,1997.0,Heaven's Burning
12980,13224,2002.0,Beauty and the Breast
12981,13225,1997.0,Under Pressure
12982,13226,1988.0,Salsa
12983,13227,1990.0,Marked For Death
12984,13228,1966.0,Frankie and Johnny
12985,13229,2000.0,The Brak Show: Vol. 1
12986,13230,1950.0,Born Yesterday
12987,13232,1991.0,Delirious
12988,13233,1974.0,Electra Glide in Blue
12989,13234,1997.0,Mortal Kombat: Annihilation
12990,13235,2000.0,Lisa Picard Is Famous
12991,13236,1963.0,Raiders of Leyte Gulf
12992,13237,2002.0,Partners in Action
12993,13238,1992.0,The Cement Garden
12994,13239,1998.0,Image of an Assassination: A New Look at the Zapruder Film
12995,13240,2000.0,101 Reykjavik
12996,13241,1993.0,Arctic Blue
12997,13242,1977.0,Audrey Rose
12998,13243,1997.0,Deewana Mastana
12999,13244,1993.0,Striking Distance
13000,13245,1934.0,The John Wayne Collection: Vol. 4: Lawless Frontier / Randy Rides Alone
13001,13246,1999.0,Rollercoaster
13002,13247,1993.0,One Nation Under God
13003,13248,1993.0,Last Action Hero
13004,13249,2003.0,The Butterfly
13005,13250,2000.0,Mother & Son
13006,13251,1970.0,The Aristocats
13007,13252,1967.0,Gamera vs. Monster X / Monster from a Prehistoric Planet: Double Feature
13008,13253,1946.0,Sherlock Holmes: Dressed to Kill
13009,13254,2000.0,Steal This Movie!
13010,13255,2005.0,Crash
13011,13256,2004.0,J.K. Rowling and the Birth of Harry Potter
13012,13257,1993.0,Aaina
13013,13258,2003.0,Gozu
13014,13259,1940.0,Brigham Young
13015,13260,2001.0,The Best of the Improv: Vol. 4
13016,13261,1977.0,The Deep
13017,13262,1991.0,Children of the Night
13018,13264,1994.0,The Bible Collection: Abraham
13019,13265,1991.0,The Dark Wind
13020,13266,1995.0,P.D. James: A Mind to Murder
13021,13267,2002.0,Gorillaz: Phase One Celebrity Take Down
13022,13268,2001.0,Tomorrow Man
13023,13269,1944.0,National Velvet
13024,13270,1958.0,Gigi
13025,13271,2001.0,Double Whammy
13026,13272,2001.0,Gladiator Challenge
13027,13273,2004.0,House of Flying Daggers
13028,13274,1996.0,Daredevil vs. Spiderman
13029,13275,2004.0,Anything But Love
13030,13276,1984.0,The Ice Pirates
13031,13277,1992.0,Iron Eagle 3: Aces
13032,13278,1999.0,Gundress: The Movie
13033,13279,1999.0,Best of the Chris Rock Show: Vol. 1
13034,13280,1995.0,Specimen
13035,13281,2002.0,SuperFire
13036,13282,2004.0,A Tale of Two Sisters
13037,13283,2003.0,The Wiggles: Cold Spaghetti Western
13038,13284,2003.0,Tube
13039,13285,1965.0,Lord Jim
13040,13286,2002.0,Shark Attack 3: Megalodon
13041,13287,1995.0,A Touch of Frost: Season 3
13042,13288,2002.0,All I Want
13043,13289,2005.0,Pride FC: Pride Fighting Legacy: Vol. 1
13044,13290,2002.0,The Legend of Leigh Bowery
13045,13291,2003.0,Son Frere
13046,13292,2001.0,The Truth About Jane
13047,13293,2004.0,Home on the Range
13048,13294,2003.0,Mudvayne: All Access to All Things
13049,13295,2000.0,Free Tibet
13050,13296,1996.0,Slayers: Return
13051,13297,2004.0,Cirque du Soleil: Midnight Sun
13052,13298,1985.0,National Lampoon's European Vacation
13053,13299,2003.0,Mango Yellow
13054,13300,1958.0,Thunder Road
13055,13301,2002.0,9/11
13056,13302,1974.0,Blazing Saddles
13057,13303,1992.0,Andy Kaufman: I'm from Hollywood/My Breakfast with Blassie
13058,13304,1994.0,Little Giants
13059,13305,2001.0,Stage Ghost
13060,13306,1971.0,Guddi
13061,13307,1970.0,Cromwell
13062,13308,2001.0,Born Wild
13063,13309,1995.0,Magic in the Water
13064,13310,2001.0,Come Together: A Night for John Lennon's Words and Music
13065,13311,1989.0,Lock Up
13066,13312,2003.0,Anastasia
13067,13313,1978.0,Battlestar Galactica: Complete Epic Series
13068,13315,2001.0,Harry Potter and the Sorcerer's Stone: Bonus Material
13069,13316,2002.0,Hukkle
13070,13317,2002.0,The Eye
13071,13318,2003.0,The Core
13072,13319,2003.0,Anything Else
13073,13320,2000.0,Maze
13074,13321,2001.0,Kuch Khatti Kuch Meethi
13075,13322,2000.0,Escape Under Pressure
13076,13323,1996.0,Bitter Sugar
13077,13324,1999.0,Elizabeth Cady Stanton & Susan B. Anthony
13078,13325,2004.0,Ultimate Bellydance Fitness Workout
13079,13326,1987.0,House of Games
13080,13327,2001.0,The Tailor of Panama
13081,13328,1994.0,Death and the Maiden
13082,13329,2004.0,WWE: Rob Van Dam: One of a Kind
13083,13330,2002.0,Korn: Live
13084,13331,1995.0,Gamera 1: Guardian of the Universe
13085,13332,2004.0,The Ghosts of Edendale
13086,13333,1989.0,Transylvania Twist
13087,13334,2000.0,Catfish in Black Bean Sauce
13088,13335,2001.0,Marcus Garvey: Look for Me in the Whirlwind: American Experience
13089,13336,2000.0,Merci Pour Le Chocolat
13090,13337,1967.0,Lost in Space: Season 3: Vol. 1
13091,13338,1993.0,Raped by an Angel
13092,13339,1984.0,No Small Affair
13093,13340,2004.0,The Hillside Strangler
13094,13341,2000.0,Pyrokinesis
13095,13342,2003.0,Bulletproof Monk
13096,13343,2002.0,Big Girls Don't Cry
13097,13344,1985.0,Keith Jarrett: Standards
13098,13346,2002.0,Heart: Alive in Seattle
13099,13347,2002.0,Embrace the Darkness 2
13100,13348,1998.0,Jeans: Tamil
13101,13349,1949.0,The Set-Up
13102,13350,1971.0,Murphy's War
13103,13351,2002.0,Harry Potter and the Chamber of Secrets: Bonus Material
13104,13352,1992.0,White Sands
13105,13353,1997.0,Paul McCartney: In the World Tonight
13106,13354,2004.0,Vampires vs. Zombies
13107,13355,2004.0,Dido: Live at Brixton Academy
13108,13356,2002.0,The Order: From Cremaster 3
13109,13357,2004.0,Dale Earnhardt Jr.: Any Given Day
13110,13358,2001.0,Jesus Christ Vampire Hunter
13111,13359,2002.0,Chicago
13112,13360,2003.0,NBA at 50
13113,13361,1998.0,Life of a Gigolo
13114,13362,1997.0,The Fire That Burns
13115,13363,1986.0,Saint Seiya
13116,13365,2003.0,UFC: Ultimate Fighting Championship: Ultimate Knockouts 1 & 2
13117,13366,1989.0,For All Mankind
13118,13367,2002.0,The Mummy: Quest for the Lost Scrolls
13119,13368,1999.0,Sarfarosh
13120,13369,2002.0,PRIDE Fighting Championships: Cold Fury 2
13121,13370,2002.0,Justice League: Paradise Lost
13122,13371,1997.0,Chuck Norris: Private Lesson
13123,13372,2002.0,Code Hunter
13124,13373,2003.0,Berga: Soldiers of Another War
13125,13374,1933.0,Dinner at Eight
13126,13375,1963.0,Andy Griffith Show: Classic Favorites
13127,13376,1989.0,Ram Lakhan
13128,13377,1963.0,Winter Light
13129,13378,1940.0,His Girl Friday
13130,13379,2003.0,Kim Possible: A Sitch in Time
13131,13380,1949.0,Stray Dog
13132,13381,2003.0,Prey for Rock and Roll
13133,13382,1986.0,The Mosquito Coast
13134,13383,2000.0,If These Walls Could Talk 2
13135,13384,1979.0,Kramer vs. Kramer
13136,13385,1994.0,Dandelion Dead
13137,13386,1999.0,Reign: The Conqueror
13138,13387,2004.0,Duran Duran: Sing Blue Silver
13139,13388,1960.0,Breathless
13140,13389,1982.0,The World According to Garp
13141,13390,2003.0,Bad Boys II: Bonus Material
13142,13391,1994.0,True Lies
13143,13392,1983.0,Terms of Endearment
13144,13393,1990.0,Alice
13145,13394,2004.0,John Wayne: American Legend
13146,13395,2002.0,Jessica Simpson: Dream Chaser
13147,13396,2000.0,Trading Spaces: Great Kitchen Designs and More!
13148,13397,2003.0,Scream Bloody Murder
13149,13398,1980.0,Somewhere in Time
13150,13399,1971.0,The Strange Vice of Mrs. Wardh
13151,13400,2004.0,UFC 49: Ultimate Fighting Championship: Unfinished Business
13152,13401,2001.0,The Hidden Half
13153,13402,2002.0,The Count of Monte Cristo
13154,13403,1985.0,When Father Was Away on Business
13155,13404,1968.0,Shame
13156,13405,2005.0,My Wife's Murder
13157,13406,1986.0,Star Trek IV: The Voyage Home: Bonus Material
13158,13407,1966.0,Rudolf Nureyev/ Margot Fonteyn: Tchaikovsky: Swan Lake
13159,13408,1994.0,The Return of the Native
13160,13409,1993.0,A Perfect World
13161,13410,1960.0,The 3 Worlds of Gulliver
13162,13411,1997.0,Koyla
13163,13412,2000.0,Billy Elliot
13164,13413,1996.0,When We Were Kings
13165,13414,1986.0,William S. Burroughs: Commissioner of Sewers
13166,13415,1984.0,The Warrior from Shaolin
13167,13416,1997.0,Inspirations
13168,13417,1997.0,Home Alone 3
13169,13418,1989.0,Ghostbusters 2
13170,13419,1994.0,Vanya on 42nd Street
13171,13420,2004.0,The Assassination of Richard Nixon
13172,13421,2002.0,PRIDE Fighting Championships: Beasts from the East
13173,13422,2000.0,Presidential Bloopers
13174,13423,1998.0,Gia
13175,13424,2004.0,Crash of Flight 111: Nova
13176,13425,1997.0,Israel: A Nation is Born
13177,13426,1962.0,The Beverly Hillbillies: The Ultimate Collection: Vol. 1
13178,13427,1997.0,Slayers: Excellent
13179,13429,1998.0,Getter Robo Armageddon: Vol. 1: Resurrection
13180,13430,2002.0,Moby Dick: The True Story
13181,13431,1974.0,Kora Kagaz
13182,13432,1999.0,The Moonlight Express
13183,13433,1999.0,Blue Streak
13184,13434,1998.0,Beast Cops
13185,13435,2004.0,Madhouse
13186,13436,2001.0,Dragon Tales: Don't Give Up!
13187,13437,2002.0,Dogtown and Z-Boys
13188,13438,1999.0,Captain Jack
13189,13439,1996.0,Swingers
13190,13440,1997.0,Gone Fishin'
13191,13441,1949.0,On the Town
13192,13442,1947.0,Gentleman's Agreement
13193,13443,2003.0,Brian Wilson: Pet Sounds Live in London
13194,13444,2004.0,Hilary Duff: The Girl Can Rock
13195,13445,1962.0,Kiss of the Vampire
13196,13446,1941.0,Walt Disney: On the Front Lines
13197,13447,1994.0,Revenge of the Kung Fu Master
13198,13448,2005.0,Fat Actress: Season 1
13199,13449,1997.0,Squeeze
13200,13450,1997.0,Gang Related
13201,13451,1992.0,The Player
13202,13452,1994.0,Jailbreakers
13203,13453,1994.0,Queen Margot
13204,13454,1952.0,The Big Trees
13205,13455,2004.0,Bryan Kest's Power Yoga
13206,13456,1936.0,Come and Get It
13207,13457,2000.0,Scooby-Doo's Creepiest Capers
13208,13458,1995.0,Virtuosity
13209,13459,1996.0,2 Days in the Valley
13210,13460,1979.0,Yanks
13211,13461,2002.0,Dirty Deeds
13212,13462,1999.0,The General's Daughter
13213,13463,2000.0,The Reduced Shakespeare Company
13214,13464,2002.0,Quicksand
13215,13465,2000.0,In the Beginning
13216,13466,2003.0,Down With Love
13217,13467,2002.0,Samourais
13218,13468,1992.0,Law & Order: Season 3
13219,13469,2000.0,The Gleaners and I
13220,13470,1979.0,Disco Godfather
13221,13471,2004.0,Jersey Girl
13222,13472,2000.0,Price of Glory
13223,13473,1968.0,Death Rides a Horse
13224,13474,2001.0,Bat Thumb
13225,13475,1984.0,Antonio Gaudi
13226,13476,2001.0,Chaos
13227,13477,1997.0,Stephen King's The Shining
13228,13478,1973.0,Ivan Vasilievich: Back to the Future
13229,13479,1986.0,Otello
13230,13480,2004.0,Barney: Now I Know My ABCs
13231,13481,1979.0,The Black Stallion
13232,13483,1964.0,7 Faces of Dr. Lao
13233,13484,1980.0,The Octagon
13234,13485,1984.0,City Heat
13235,13486,1998.0,Out of Sight
13236,13487,1993.0,When the Bough Breaks
13237,13488,2004.0,Ella Enchanted
13238,13489,2000.0,Attila
13239,13490,2000.0,Chopper
13240,13491,2002.0,Jamie Oliver: Jamie's Kitchen
13241,13492,1994.0,The Cool Surface
13242,13493,1989.0,Lean on Me
13243,13494,1996.0,Lynrd Skynyrd: Freebird: The Movie / Tribute Tour
13244,13495,1996.0,Thesis
13245,13496,1997.0,B.A.P.S.
13246,13497,1980.0,Pink Lady and Jeff
13247,13498,1986.0,Defense of the Realm
13248,13499,1999.0,Babylon 5: A Call to Arms
13249,13500,2002.0,Skins
13250,13501,1985.0,Rocky IV
13251,13502,1993.0,The Advocate
13252,13503,2001.0,Journey: 2001
13253,13505,1997.0,The Odyssey
13254,13506,2003.0,Law & Order: Criminal Intent: Season 3
13255,13507,1988.0,Dragons of the Orient
13256,13508,1999.0,The League of Gentlemen: Series 1
13257,13509,1998.0,Little City
13258,13510,1959.0,Last Train from Gun Hill
13259,13511,1993.0,Much Ado About Nothing
13260,13512,1963.0,The Pink Panther
13261,13513,1986.0,No Mercy
13262,13514,1996.0,A Touch of Frost: Season 4
13263,13515,2001.0,Mockingbird Don't Sing
13264,13516,1997.0,Floating
13265,13517,2000.0,Happenstance
13266,13518,1997.0,Kull the Conqueror
13267,13519,2004.0,Envy
13268,13520,1998.0,Bade Miyan Chote Miyan
13269,13521,1965.0,The Greatest Story Ever Told: Bonus Material
13270,13522,1995.0,Underground
13271,13523,1997.0,Kiss Me Guido
13272,13524,2002.0,Enough
13273,13525,1991.0,Judge
13274,13526,1989.0,The Adventures of Baron Munchausen
13275,13527,2003.0,A Thousand Clouds of Peace
13276,13528,1992.0,When It Was a Game 2
13277,13529,1995.0,In Pursuit of Honor
13278,13530,2002.0,Rockthology: Hard and Heavy
13279,13531,2005.0,Wildest Street Brawls 3
13280,13532,1954.0,Carmen Jones
13281,13533,1968.0,She-Devils on Wheels
13282,13534,1988.0,Bull Durham
13283,13535,1983.0,Fraggle Rock: Dance Your Cares Away
13284,13536,1997.0,Young Hercules
13285,13537,1967.0,Otis Redding: Remembering Otis
13286,13538,1989.0,Beyond the Stars
13287,13539,2003.0,Tru Calling: Season 1
13288,13540,1997.0,Bandits
13289,13541,2003.0,Casshan: Robot Hunter 1
13290,13542,1973.0,Sleeper
13291,13543,2003.0,Barney: Best Manners
13292,13544,1974.0,After School Specials: 1974-1976
13293,13545,2002.0,American Family: Season 1
13294,13546,1948.0,Mr. Blandings Builds His Dream House
13295,13547,1996.0,The X-Files: Season 4
13296,13548,2004.0,Dracula III: Legacy
13297,13549,2002.0,Bikini Bandits Experience
13298,13550,2004.0,The Goodbye Girl
13299,13551,1999.0,SLC Punk
13300,13552,1935.0,Famous Western Gunfighters: Desert Trail / Ride Ranger Ride / Roll on Texas Moon
13301,13553,1980.0,Hero at Large
13302,13555,2003.0,Hollywood Homicide
13303,13556,1999.0,The West Wing: Season 2
13304,13557,1995.0,Star Trek: Deep Space Nine: Season 4
13305,13558,1999.0,An American Tail: The Mystery of the Night Monster
13306,13559,2001.0,In the Time of the Butterflies
13307,13560,1996.0,Army
13308,13561,2003.0,Monsieur Ibrahim
13309,13562,1950.0,Rocketship X-M
13310,13563,1971.0,Master with Cracked Fingers
13311,13564,2004.0,Carmen Electra's Aerobic Striptease
13312,13565,2004.0,You Got Served
13313,13566,1996.0,The Magic of Flight: IMAX
13314,13567,2001.0,Battle Royale
13315,13568,2002.0,My Life on Ice
13316,13569,2003.0,Die Mommie Die
13317,13570,2002.0,Blackwoods
13318,13571,1950.0,The Damned Don't Cry
13319,13573,2002.0,Kids in the Hall: Tour of Duty
13320,13574,2005.0,Jiminy Glick in La La Wood
13321,13575,2000.0,The Spring
13322,13576,1991.0,A Kiss Before Dying
13323,13577,1997.0,Mad City
13324,13578,1961.0,Rocky & Bullwinkle & Friends: Season 3
13325,13579,1957.0,The Pajama Game
13326,13580,1988.0,A Fish Called Wanda
13327,13581,2003.0,Blue's Clues: Blue's Big Band
13328,13582,1999.0,Never Been Kissed
13329,13583,1993.0,The Nanny: Season 1
13330,13584,1983.0,Cheech & Chong's Still Smokin
13331,13585,2001.0,Downtown 81
13332,13586,2001.0,Allosaurus: A Walking with Dinosaurs Special
13333,13587,1942.0,In Old California
13334,13588,1964.0,The Dick Van Dyke Show: Season 4
13335,13589,2004.0,Witches of the Caribbean
13336,13590,2000.0,MPD Psycho
13337,13591,1998.0,Legionnaire
13338,13592,1949.0,Classic Cartoon Favorites: Extreme Sports Fun
13339,13593,1997.0,Life Is Beautiful
13340,13594,1990.0,Lord of the Flies
13341,13595,2004.0,Around the Bend
13342,13596,1998.0,Monument Ave.
13343,13597,2001.0,Rough Air
13344,13598,2000.0,The Gospel According to Philip K. Dick
13345,13599,1992.0,Article 99
13346,13600,2002.0,Dragon Tales: It's Cool to Be Me!
13347,13601,1982.0,Hanky Panky
13348,13602,1982.0,The Man from Snowy River
13349,13603,2002.0,Bear in the Big Blue House Live!
13350,13604,2002.0,Monster Garage
13351,13605,1983.0,The Man with Two Brains
13352,13606,1975.0,Deewaar
13353,13607,1992.0,Stop! Or My Mom Will Shoot
13354,13608,1978.0,A Woman Called Moses
13355,13609,2000.0,Clint Eastwood: Out of the Shadows
13356,13610,2003.0,Spider
13357,13611,2004.0,Popeye the Sailor Man: Collector's Edition
13358,13612,1984.0,Cheech & Chong's The Corsican Brothers
13359,13613,2003.0,Best Motoring: Rotary Reborn
13360,13614,1999.0,Office Space
13361,13615,1968.0,The Great Silence
13362,13616,1990.0,Circuitry Man / Circuitry Man 2: Plughead Rewired
13363,13617,2005.0,Jethro Tull: Nothing Is Easy: Live at the Isle of Wight 1970
13364,13618,2000.0,Deewane
13365,13619,2001.0,So Little Time
13366,13620,1976.0,What's Happening!!: Season 1
13367,13621,1960.0,Bells Are Ringing
13368,13622,1994.0,The Client
13369,13623,1966.0,Closely Watched Trains
13370,13624,2000.0,Spooky House
13371,13625,1975.0,Cooley High
13372,13626,1993.0,Mr. Jones
13373,13627,1945.0,Film Noir Collection: Detour
13374,13628,2005.0,Tarzan 2
13375,13629,1951.0,Alice in Wonderland
13376,13630,1982.0,Nature: Dogs
13377,13631,1988.0,The Big Heat
13378,13632,1996.0,Wolverine
13379,13633,1962.0,Girls! Girls! Girls!
13380,13634,1994.0,Fist of Legend
13381,13635,2001.0,The Amazing Race: Season 1
13382,13636,1982.0,Fast Times at Ridgemont High
13383,13637,1998.0,Angel of the Night
13384,13638,2003.0,George of the Jungle 2
13385,13639,2004.0,The Man Show Presents: Girls on Trampolines
13386,13640,2002.0,The Housekeeper
13387,13641,1997.0,Prefontaine
13388,13642,1973.0,Tombs of the Blind Dead
13389,13643,2005.0,Gunner Palace
13390,13644,2000.0,What Planet Are You From?
13391,13645,1988.0,Iron Eagle 2
13392,13646,2000.0,X-Men: Bonus Material
13393,13647,1957.0,Humphrey Bogart: Beat the Devil / Humphrey Bogart on Film
13394,13648,1985.0,Summer Rental
13395,13649,1997.0,Reckless
13396,13650,1992.0,Batman the Animated Series: Secrets of the Caped Crusader
13397,13651,1997.0,Air Force One
13398,13652,1997.0,Project Grizzly
13399,13653,1986.0,The Wraith
13400,13654,2000.0,RoboCop: Meltdown
13401,13655,1990.0,The Blood of Heroes
13402,13656,2003.0,The Hitcher II: I've Been Waiting
13403,13657,1979.0,Christ Stopped at Eboli
13404,13658,1993.0,Star Trek: Deep Space Nine: Season 2
13405,13659,2003.0,The City of No Limits
13406,13660,2000.0,Divine Trash
13407,13661,2002.0,WWE: No Mercy 2002
13408,13662,1994.0,Cobb
13409,13663,2000.0,South Park: Season 4
13410,13664,2002.0,Submarines
13411,13665,2002.0,As Time Goes By: Series 9
13412,13666,1994.0,Bandit Queen
13413,13667,2003.0,The Clash: The Essential Clash
13414,13668,2001.0,Irresponsible Captain Tylor TV Series
13415,13669,1988.0,Red Dwarf: Series 4
13416,13670,1997.0,White Badge
13417,13671,1967.0,Samurai Rebellion
13418,13672,1973.0,Kung Fu: Season 2
13419,13673,1995.0,Toy Story
13420,13674,2001.0,Kandahar
13421,13675,2004.0,Paparazzi
13422,13676,1994.0,Amateur
13423,13677,2003.0,Neverland
13424,13678,1925.0,The Lost World
13425,13679,1986.0,Sting: Bring on the Night
13426,13680,1999.0,Red Dwarf
13427,13681,2001.0,Surviving Gilligan's Island
13428,13682,1984.0,Karajan / Mutter: Beethoven: Violin Concert
13429,13683,1993.0,The Real McCoy
13430,13684,1944.0,The Fighting Sullivans
13431,13685,1944.0,Cover Girl
13432,13686,1944.0,Mr. Skeffington
13433,13687,2005.0,Time Machine: Comic Book Superheroes Unmasked
13434,13688,2004.0,Gungrave
13435,13689,1996.0,English Babu Desi Mem
13436,13690,1953.0,Law and Order
13437,13691,1949.0,The Adventures of Ichabod and Mr. Toad
13438,13692,2003.0,Manchester United: Play Like Champions
13439,13694,1990.0,Campion: Mystery Mile
13440,13695,2002.0,Black Knight
13441,13696,2002.0,Mondays in the Sun
13442,13697,2003.0,Screaming Dead
13443,13698,1965.0,War and Peace
13444,13699,1999.0,Nancherrow
13445,13700,2002.0,Hum Tumhare Hain Sanam
13446,13701,1999.0,The Story of Top Gun
13447,13702,1994.0,Black Beauty
13448,13703,2001.0,Fugazi: Instrument
13449,13704,1976.0,Baa Baa Black Sheep: Season 1
13450,13705,1992.0,Basic Instinct
13451,13706,1988.0,Rocket Gibraltar
13452,13707,1983.0,Scarface
13453,13708,2005.0,Beyond the Gates of Splendor
13454,13709,1970.0,The Out-of-Towners
13455,13710,2002.0,Cheats
13456,13711,1964.0,The Disorderly Orderly
13457,13712,1989.0,Cadillac Man
13458,13713,1969.0,Dark Shadows: Vol. 12
13459,13714,2001.0,Sexual Predator
13460,13715,2004.0,Nurse Witch Komugi
13461,13716,1998.0,Our Mutual Friend
13462,13717,2003.0,Virgin
13463,13718,1998.0,Moby Dick
13464,13719,2001.0,Ek Rishtaa
13465,13720,2000.0,Crocodile
13466,13721,1981.0,Pennies from Heaven
13467,13722,1989.0,Chandni
13468,13723,2001.0,Metrosexuality
13469,13724,1980.0,The Master of Death
13470,13725,2001.0,Tupac Shakur: Before I Wake
13471,13726,1991.0,Deceived
13472,13727,1959.0,Odds Against Tomorrow
13473,13728,2000.0,Gladiator
13474,13729,2003.0,Blue Man Group: The Complex Rock Tour Live
13475,13730,2002.0,A Snake of June
13476,13731,2001.0,Kwik Stop
13477,13732,1962.0,Waltz of the Toreadors
13478,13733,2000.0,Fiza
13479,13734,1956.0,The Eddy Duchin Story
13480,13735,1977.0,Unfinished Piece for the Player Piano
13481,13736,2000.0,Left Behind: The Movie
13482,13737,2000.0,Paragraph 175
13483,13738,1996.0,My Fellow Americans
13484,13739,1991.0,The Fresh Prince of Bel Air: Season 2
13485,13740,2004.0,Denise Austin: Power Zone: The Ultimate Metabolism Boosting Workout
13486,13741,1998.0,Let It Come Down: The Life of Paul Bowles
13487,13742,1931.0,The Public Enemy
13488,13743,1977.0,Wonder Woman: Season 2
13489,13744,1982.0,The Chosen
13490,13745,1954.0,Elephant Walk
13491,13746,2002.0,Ten
13492,13747,1993.0,Wilder Napalm
13493,13748,1996.0,The First Wives Club
13494,13749,1998.0,Random Encounter
13495,13750,2000.0,The Tangerine Bear
13496,13751,1981.0,Cutter's Way
13497,13752,1990.0,Lambada
13498,13753,2002.0,Wolves of Wall Street
13499,13754,1996.0,Profiler: Season 1
13500,13755,2005.0,Mobsters and Mormons
13501,13756,1957.0,Maverick: TV Favorites
13502,13757,1989.0,Triumph of the Spirit
13503,13758,1989.0,Bloodfist
13504,13759,2005.0,The Best of Riverdance
13505,13760,1983.0,A Fine Romance: Set 3
13506,13761,1969.0,Marquis de Sade's Justine
13507,13762,1963.0,55 Days at Peking
13508,13763,1996.0,Jerry Maguire
13509,13764,2000.0,The Girl on the Bridge
13510,13765,2004.0,Gracie's Choice
13511,13766,1972.0,The Discreet Charm of the Bourgeoisie: Bonus Material
13512,13767,1983.0,Gorky Park
13513,13768,1966.0,Masculin Feminin
13514,13769,2000.0,MTV: Inside TRL
13515,13770,2004.0,Transformers: Energon
13516,13771,2001.0,Heist
13517,13772,1986.0,Iron Eagle
13518,13773,1997.0,Video Essentials
13519,13774,2000.0,Birthday Girl
13520,13775,1995.0,Kiss of Death
13521,13776,2000.0,The Ballad of Ramblin' Jack
13522,13777,1987.0,Heaven
13523,13778,1992.0,Rumpole of the Bailey: Series 7
13524,13779,2003.0,The Matrix: Revolutions: Bonus Material
13525,13780,1979.0,Star Blazers: Series 2: The Comet Empire
13526,13782,1999.0,38 Special: Live at Sturgis
13527,13783,1986.0,Fist of the North Star
13528,13784,1968.0,The Producers
13529,13785,2003.0,Tokyo Godfathers
13530,13786,2005.0,Dinotopia: Quest for the Ruby Sunstone
13531,13787,1995.0,Powder
13532,13788,2003.0,Jennifer Lopez: Let's Get Loud
13533,13789,2004.0,Thomas & Friends: New Friends for Thomas
13534,13790,2000.0,City of Lost Souls
13535,13791,1996.0,Irma Vep
13536,13792,1986.0,Biggles: Adventures in Time
13537,13793,1997.0,East Side Story
13538,13794,1988.0,The Nest
13539,13795,1997.0,The Jackal
13540,13796,2004.0,Winnie the Pooh: 123's
13541,13797,2000.0,Jeanne and the Perfect Guy
13542,13798,1920.0,The Last of the Mohicans
13543,13799,1998.0,Legend of Mulan
13544,13800,1991.0,Cream: Strange Brew
13545,13801,1970.0,Night Gallery: Season 1
13546,13803,2003.0,Frazetta
13547,13804,1943.0,Bataan
13548,13805,2002.0,Wilbur Wants to Kill Himself
13549,13806,1980.0,Herbie Goes Bananas
13550,13807,1984.0,The Sidewalks of Bangkok
13551,13808,2003.0,Tibet: Cry of the Snow Lion
13552,13809,2002.0,Far from Heaven
13553,13810,2000.0,I'm the One That I Want
13554,13811,1957.0,Cranes Are Flying
13555,13812,2003.0,The Locals
13556,13813,1994.0,Nobody's Fool
13557,13814,1999.0,The Castle
13558,13815,1973.0,The Bob Newhart Show: Season 2
13559,13816,1960.0,Rocco & His Brothers
13560,13817,1988.0,Troma's War
13561,13818,1980.0,Divine Madness
13562,13819,1985.0,MacGyver: Season 1
13563,13820,1990.0,My Father's Glory
13564,13821,1999.0,The Providence Collection
13565,13822,2001.0,Silly Symphonies
13566,13823,2002.0,Carnage
13567,13824,1994.0,Terminal Velocity
13568,13825,1988.0,The Vanishing
13569,13826,2002.0,Vagina Monologues: Eve Ensler
13570,13827,2001.0,Riding in Cars with Boys
13571,13828,1995.0,Son of Gascogne
13572,13829,1998.0,Playing by Heart
13573,13830,1974.0,The Laughing Policeman
13574,13831,1948.0,Unfaithfully Yours
13575,13832,1999.0,Keep the River on Your Right: A Modern Cannibal Tale
13576,13833,1999.0,Virtual Sexuality
13577,13834,1997.0,National Geographic: Killer Wave: Power of the Tsunami
13578,13835,1992.0,Batman the Animated Series: Vol. 2
13579,13836,2004.0,Mulan 2
13580,13837,1998.0,Jay-Z: Streets Is Watching
13581,13838,1997.0,Dream with the Fishes
13582,13839,2004.0,Love in Thoughts
13583,13840,2000.0,You Can Count on Me
13584,13841,2001.0,Behind the Sun
13585,13842,2001.0,Dark Angel: Season 2
13586,13843,2003.0,15 Minute Workouts for Dummies
13587,13844,1995.0,The Adventurers
13588,13845,2002.0,Tadpole
13589,13846,1999.0,Absence of the Good
13590,13847,2001.0,Donnie Darko: Director's Cut
13591,13848,1974.0,B.B. King: Sweet 16
13592,13849,1998.0,Trans
13593,13850,1992.0,Why Do They Call It Love When They Mean Sex?
13594,13851,2000.0,Ellen DeGeneres: The Beginning
13595,13852,1998.0,A Price Above Rubies
13596,13853,2003.0,Dark Blue
13597,13854,1999.0,Rites of Passage
13598,13855,1974.0,Ali: Fear Eats the Soul
13599,13856,1980.0,Raging Bull
13600,13857,2000.0,The Waiting List
13601,13858,1999.0,Dead or Alive
13602,13859,1965.0,I Saw What You Did
13603,13860,1997.0,Volcano
13604,13861,1993.0,Half Japanese: The Band That Would Be King
13605,13862,1954.0,Jean Renoir: The Golden Coach
13606,13863,2001.0,Kingdom Come
13607,13864,2002.0,Little John
13608,13865,1998.0,Mercury Rising
13609,13866,2003.0,The Even Stevens Movie
13610,13867,1996.0,Phat Beach
13611,13868,1996.0,Kansas City
13612,13869,1987.0,Foxfire
13613,13870,1971.0,Fata Morgana
13614,13871,1998.0,It's in the Water
13615,13872,1987.0,The Dame Edna Experience: Series 2
13616,13873,2001.0,The Breed
13617,13874,2003.0,Little House on the Prairie: There's No Place Like Home
13618,13875,1982.0,Gilbert and Sullivan: The Mikado
13619,13876,2002.0,Triumph of Love
13620,13877,1973.0,Elvis: Aloha from Hawaii
13621,13878,1975.0,Sanford and Son: Season 5
13622,13879,2004.0,The Trip
13623,13880,1984.0,The Far Pavilions
13624,13881,1984.0,Night Court: Season 1
13625,13882,1998.0,Without Limits
13626,13883,1990.0,Memphis Belle
13627,13884,2003.0,The Curse of the Bambino
13628,13885,1990.0,Cyber City Oedo 808: Vol. 1-3
13629,13886,2002.0,Jason X
13630,13887,2004.0,The Princess Diaries 2: Royal Engagement
13631,13888,2001.0,The Bunker
13632,13889,1998.0,Ruby Bridges
13633,13890,1999.0,Touching Evil: Series 3
13634,13891,1991.0,Nymphoid Barbarian in Dinosaur Hell
13635,13892,2004.0,Reversible Errors
13636,13893,2003.0,On Line
13637,13894,2000.0,Cast Away: Bonus Material
13638,13895,1996.0,Homicide: Life on the Street: Season 5
13639,13896,1999.0,Speedway Junky
13640,13897,2002.0,Witch Hunter Robin
13641,13898,1946.0,The Jolson Story
13642,13899,2000.0,Mohabbatein
13643,13900,2000.0,Nightwalker #2: Eternal Darkness
13644,13901,1936.0,Rembrandt
13645,13902,1984.0,The Stone Boy
13646,13903,2003.0,National Geographic: Inside Special Forces
13647,13904,1991.0,Madonna: The Immaculate Collection
13648,13905,1974.0,Captain Kronos: Vampire Hunter
13649,13906,1998.0,The Great Battles of World War II: Battle of Britain
13650,13907,2004.0,Rakht
13651,13908,1978.0,Five Deadly Venoms
13652,13909,1965.0,Onibaba
13653,13910,1991.0,Critters 3
13654,13911,1982.0,Dizzy's Dream Band
13655,13912,1956.0,The Harder They Fall
13656,13913,2003.0,Another Meltdown
13657,13914,2004.0,Bush's Brain
13658,13915,1992.0,Cindy Crawford: Shape Your Body Workout
13659,13916,2003.0,Danny Deckchair
13660,13917,1986.0,Monster in the Closet
13661,13918,1983.0,Nostalghia
13662,13919,1999.0,The Charcoal People
13663,13920,1986.0,Legend: Bonus Material
13664,13921,2002.0,Searching for Debra Winger
13665,13922,2003.0,Little Britain: Series 1
13666,13923,2000.0,Cast Away
13667,13924,2004.0,Slasher
13668,13925,1996.0,Joe's Apartment
13669,13926,2002.0,The Real World: Las Vegas
13670,13927,2002.0,Door to Door
13671,13928,2003.0,Freddy vs. Jason: Bonus Material
13672,13929,2001.0,Pendulum
13673,13930,2005.0,A Lot Like Love
13674,13931,2004.0,INXS: The Best of INXS: I'm Only Looking
13675,13932,1999.0,Tom Sawyer
13676,13933,1998.0,Dream for an Insomniac
13677,13934,1951.0,A Place in the Sun
13678,13935,1978.0,Enter the Fat Dragon
13679,13936,1953.0,Call Me Madam
13680,13937,2002.0,The Short Films of David Lynch
13681,13938,1998.0,Futuresport
13682,13939,1975.0,Jacob the Liar
13683,13941,1993.0,This Boy's Life
13684,13942,2001.0,Bullets of Love
13685,13943,1989.0,The Heist
13686,13944,1998.0,A Good Baby
13687,13945,2002.0,The Gatekeeper
13688,13946,1990.0,Tales from the Crypt: Season 2
13689,13947,2004.0,Mango Kiss
13690,13948,1967.0,The Twilight Zone: Vol. 32
13691,13949,2001.0,Lexx: Series 4
13692,13950,1995.0,Virtual Encounters
13693,13951,2002.0,Unchained Memories: Slave Narratives
13694,13952,1993.0,Iria: Zeiram the Animation
13695,13953,1999.0,Life Beyond Earth
13696,13954,2002.0,Deadly Species
13697,13955,2005.0,The Jacket
13698,13956,2001.0,War Photographer
13699,13957,1999.0,Profiler: Season 4
13700,13958,1998.0,Don't Tell Anyone
13701,13959,1994.0,The Crow
13702,13960,1964.0,Zorba the Greek
13703,13961,1988.0,Wedding in Galilee
13704,13962,2001.0,Dracula: The Dark Prince
13705,13963,1989.0,The Karate Kid Part III / The Next Karate Kid
13706,13964,1957.0,Desk Set
13707,13965,1952.0,Dragnet
13708,13966,1999.0,Bad Company
13709,13967,2001.0,Myths and Logic of Shaolin Kung Fu
13710,13968,1984.0,The Bostonians
13711,13969,2003.0,Patricia Routledge in Three Portraits
13712,13970,2005.0,Man with the Screaming Brain
13713,13971,1946.0,The Strange Love of Martha Ivers / Kirk Douglas on Film: Double Feature
13714,13972,2000.0,The Films of Charles & Ray Eames
13715,13973,2004.0,The Reckoning
13716,13974,1992.0,Poison Ivy
13717,13975,1972.0,Prime Cut
13718,13976,1999.0,Final Voyage
13719,13978,1996.0,The Evening Star
13720,13979,1965.0,A Patch of Blue
13721,13980,2002.0,C.S. Lewis: The Magic Never Ends
13722,13981,1999.0,The Virgin Suicides
13723,13982,1952.0,Casque d'Or
13724,13983,2000.0,Survivor: Season 1: The Greatest and Most Outrageous Moments
13725,13984,1996.0,Timelock
13726,13985,2000.0,Christina Aguilera: My Reflection
13727,13986,1993.0,Just One of the Girls
13728,13987,1996.0,Mad Dog Time
13729,13989,2003.0,Queen: Greatest Video Hits 2
13730,13990,1997.0,The House of Yes
13731,13991,1976.0,Squirm
13732,13992,1995.0,The Peace Hotel
13733,13993,1993.0,Babylon 5: The Gathering
13734,13994,2004.0,Rides: Season 1
13735,13995,2001.0,Violent Cop
13736,13996,1979.0,When a Stranger Calls
13737,13998,1962.0,Mr. Hobbs Takes a Vacation
13738,13999,1960.0,Toby Tyler
13739,14000,1986.0,'Allo 'Allo!: Series 3
13740,14001,2001.0,Puppetry of the Penis
13741,14002,1989.0,DeepStar Six
13742,14003,2004.0,Imaginary Heroes
13743,14004,1998.0,Leonard Bernstein: Reaching for the Note
13744,14005,2003.0,Dora the Explorer: Dora's Map Adventures
13745,14006,1990.0,Loose Cannons
13746,14007,2000.0,Tomie Replay
13747,14008,1967.0,Dark Shadows: Vol. 5
13748,14009,2001.0,Hell House
13749,14010,1994.0,Killing Zoe
13750,14011,1994.0,Scooby-Doo in Arabian Nights
13751,14012,2000.0,Innocents
13752,14013,1963.0,Tom Jones
13753,14014,2002.0,The Locket
13754,14015,2000.0,Kairee
13755,14016,1992.0,Housesitter
13756,14017,1999.0,Batman Beyond: School Dayz / Spellbound
13757,14018,2004.0,Billy Blanks: Tae Bo Strength & Power
13758,14019,1990.0,The Forbidden Dance Is Lambada
13759,14020,1975.0,Barney Miller: Season 1
13760,14021,2000.0,El Bola
13761,14022,2000.0,Gladiator: Bonus Material
13762,14023,1952.0,The Road to Bali
13763,14024,1999.0,Sorcerer on the Rocks
13764,14025,1992.0,Little Nemo: Adventures in Slumberland
13765,14026,2004.0,Billy Blanks: Tae Bo: Contact 1
13766,14027,1978.0,Every Which Way But Loose
13767,14028,2002.0,Great Lodges of the National Parks: Grand Lodges / Canyon Lodges
13768,14029,1986.0,Betty Blue
13769,14030,2004.0,Extreme Engineering: Building Hong Kong's Airport
13770,14031,2002.0,Buffy the Vampire Slayer: Season 7
13771,14032,2001.0,UFOs and Aliens
13772,14033,1997.0,Psychopath
13773,14034,1978.0,The Bad News Bears Go to Japan!
13774,14035,1993.0,Italian Movie
13775,14036,1998.0,Twilight of the Ice Nymphs / Archangel
13776,14037,1997.0,Burn Up Excess: Vol. 4: The Case of the Black Diamonds
13777,14038,2001.0,Goodnight Moon
13778,14039,1963.0,The Birds
13779,14041,2001.0,Chasing Holden
13780,14042,2001.0,Mulholland Drive
13781,14043,2002.0,Shoot or Be Shot
13782,14044,2000.0,Edge of Seventeen
13783,14045,2001.0,Mind Meld: Secrets Behind the Voyage of a Lifetime
13784,14046,2005.0,World War I in Color
13785,14047,2003.0,Tears of the Sun
13786,14048,2004.0,Bush Family Fortunes: The Best Democracy Money Can Buy
13787,14049,2003.0,Lost in Time
13788,14050,1971.0,Willy Wonka & the Chocolate Factory
13789,14051,1989.0,Why Has Bodhi Dharma Left for the East?
13790,14052,1983.0,Mansfield Park
13791,14053,2003.0,Paparazzi
13792,14054,1969.0,Jethro Tull: New Day Yesterday: 25th Anniversary Collection: 1969 - 1994
13793,14055,1983.0,The Texas Chainsaw Massacre 2
13794,14056,1959.0,Ben-Hur: Collector's Edition
13795,14057,1938.0,Angels with Dirty Faces
13796,14058,1991.0,Inspector Morse 18: Who Killed Harry Field?
13797,14059,1980.0,The Beach Boys: Good Timin': Live at Knebworth
13798,14060,2004.0,Alexander: Theatrical Cut
13799,14061,1991.0,Record of Lodoss War
13800,14062,1980.0,Humanoids from the Deep
13801,14063,1937.0,Nothing Sacred
13802,14064,1965.0,Morituri
13803,14065,1994.0,Little Big League
13804,14066,1986.0,Firewalker
13805,14067,2004.0,Baby Einstein: Baby MacDonald: A Day on the Farm
13806,14068,1982.0,Angel
13807,14069,1999.0,The Lost Son
13808,14070,1977.0,The Last Wave
13809,14071,2005.0,Thomas & Friends: Calling All Engines
13810,14072,1981.0,Dragonslayer
13811,14073,2000.0,Forgive and Forget
13812,14074,2001.0,Novocaine
13813,14075,2002.0,A Rumor of Angels
13814,14076,2004.0,Stephen Lynch: Live at the El Rey
13815,14077,2000.0,Los Angeles Lakers: NBA Finals 2000
13816,14078,2004.0,America Beyond the Color Line
13817,14079,1991.0,The Very Best of the Ed Sullivan Show: Vol. 1: Unforgettable Performances
13818,14080,1990.0,Exorcist 3
13819,14081,2004.0,Stratos 4
13820,14082,2005.0,Strawberry Shortcake: Seaberry Beach Party
13821,14083,2004.0,Blade: Trinity: Bonus Material
13822,14084,2000.0,Leonardo DiCaprio: Double Feature
13823,14085,1999.0,Deep Purple: In Concert with The London Symphony Orchestra
13824,14086,1999.0,Dawson's Creek: Season 3
13825,14087,1983.0,Inspector Gadget: The Gadget Files
13826,14088,1997.0,The Pillow Book
13827,14089,2004.0,Mo'Nique: One Night Stand
13828,14090,2004.0,Peace One Day
13829,14091,1992.0,Lorenzo's Oil
13830,14092,2000.0,Nice Guys Sleep Alone
13831,14093,2001.0,Best of the Blues Brothers
13832,14094,2002.0,Cathouse
13833,14095,1968.0,Elvis Presley: Elvis: '68 Comeback Special
13834,14096,2003.0,Step Into Liquid
13835,14097,2003.0,MTV: The Real World: Hook-Ups
13836,14098,1979.0,Love at First Bite
13837,14099,2001.0,A Galaxy Far Far Away
13838,14100,2004.0,Maxim: The Real Swimsuit DVD: Vol. 1
13839,14101,1972.0,Trinity Is Still My Name
13840,14102,1990.0,Without You I'm Nothing
13841,14103,2004.0,The Notebook
13842,14104,1968.0,Anzio
13843,14105,2004.0,Gypsy 83
13844,14106,2002.0,MTV: The Real World You Never Saw: Las Vegas
13845,14107,1997.0,The Mafia: An Expose - Coming to America/Al Capone
13846,14108,2004.0,Naach
13847,14109,1990.0,Total Recall
13848,14110,2001.0,My Best Friend's Wife
13849,14111,1999.0,Angel: Season 1
13850,14112,1953.0,From Here to Eternity
13851,14113,2003.0,Stitch! The Movie
13852,14114,1972.0,Emergency!: Season 1
13853,14115,1995.0,A Family Thing
13854,14116,2004.0,NBA Ultimate Jordan: 20th Anniversary Collector's Edition
13855,14117,2002.0,Ryan Adams: Live in Jamaica: Music in High Places
13856,14118,1995.0,Money Train
13857,14119,1995.0,Dilwale Dulhania Le Jayenge
13858,14120,1992.0,Macross 2: The Movie
13859,14121,2004.0,Deadline
13860,14122,1981.0,Lion of the Desert
13861,14123,1960.0,Love and the Frenchwoman
13862,14124,1987.0,Beauty and the Beast
13863,14125,2004.0,Jubei Chan 2: The Counter Attack of Siberia Yagyu
13864,14126,2002.0,Fear Dot Com
13865,14127,1999.0,New Port South
13866,14128,2000.0,Spent
13867,14129,2003.0,Journey of Man
13868,14130,2005.0,Murder at the Presidio
13869,14131,2003.0,Dickie Roberts: Former Child Star
13870,14132,1991.0,Company Business
13871,14133,1981.0,Meantime
13872,14134,1947.0,Miracle on 34th Street
13873,14135,2005.0,High Tension
13874,14136,1999.0,Hook'd Up
13875,14137,1995.0,Johnny Mnemonic
13876,14138,2002.0,Janet: Live in Hawaii
13877,14139,2003.0,Cambridge Spies
13878,14140,2003.0,La Femme Musketeer
13879,14141,1993.0,Gypsy
13880,14142,1951.0,The Idiot
13881,14143,2002.0,Fuehrer Ex
13882,14144,1997.0,Suicide Kings
13883,14145,1995.0,Kavanagh Q.C.: Diplomatic Baggage
13884,14146,1996.0,The Chamber
13885,14147,1970.0,Catch 22
13886,14148,1991.0,Legend of the Dragon Kings: Blue Dragon
13887,14149,1998.0,Enemy of the State
13888,14150,2002.0,Spriggan
13889,14151,2002.0,Sonatine
13890,14152,1993.0,Fire on the Amazon
13891,14153,2003.0,Acacia
13892,14154,1996.0,Don't Be a Menace to South Central While Drinking Your Juice in the Hood
13893,14155,1946.0,The Best Years of Our Lives
13894,14156,1998.0,Southie
13895,14157,2003.0,Life After All
13896,14158,1989.0,The Package
13897,14159,2003.0,Cock & Bull Story
13898,14160,1965.0,Cinderella: Rodgers & Hammerstein's
13899,14161,1955.0,Kiss Me Deadly
13900,14162,1997.0,Wax Mask
13901,14163,2002.0,Martin Scorsese Presents: The Blues: A Musical Journey
13902,14164,2000.0,I Dreamed of Africa
13903,14165,1999.0,Spawn 3: The Ultimate Battle
13904,14166,1990.0,My Blue Heaven
13905,14167,2002.0,They
13906,14168,2003.0,Snake in Eagle's Shadow
13907,14169,1991.0,The Guyver
13908,14170,2004.0,French & Saunders: Back with a Vengeance
13909,14171,2003.0,Chicago: City of the Century: American Experience
13910,14173,1996.0,Ridicule
13911,14174,1987.0,The Belly of an Architect
13912,14175,1980.0,Where the Buffalo Roam
13913,14176,1997.0,Switchback
13914,14177,1943.0,The Three Stooges: Spook Louder
13915,14178,1998.0,Tango
13916,14179,2004.0,Luther Vandross: From Luther with Love
13917,14180,2005.0,Shackles
13918,14181,2003.0,The Nazi Officer's Wife
13919,14182,2002.0,Air Jaws 1 and 2: Sharks of South Africa
13920,14183,1946.0,My Darling Clementine
13921,14184,1967.0,Spider-Man: The '67 Classic Collection
13922,14185,1964.0,Mary Poppins
13923,14186,1992.0,Bitter Moon
13924,14187,2002.0,Robin Williams: Live on Broadway
13925,14188,1995.0,The Crossing Guard
13926,14189,1989.0,Patlabor: The Mobile Police: The TV Series
13927,14190,1992.0,The Jacksons: An American Dream
13928,14191,2003.0,Joan of Arcadia: Season 1
13929,14192,1997.0,Starship Troopers
13930,14193,1989.0,Pink Cadillac
13931,14194,1992.0,Captain Ron
13932,14195,1984.0,Highway to Heaven: Season 1
13933,14196,1980.0,Dario Argento Collection: Vol. 1: Inferno
13934,14197,2002.0,Revengers Tragedy
13935,14198,1996.0,Trainspotting: Collector's Edition
13936,14199,2001.0,South Pacific
13937,14200,2000.0,Down from the Mountain
13938,14201,2003.0,The Berenstain Bears: Fun Lessons to Learn
13939,14202,1960.0,Barefoot Adventure
13940,14203,1995.0,Batman Forever
13941,14204,2003.0,NBA Street Series: Ankle Breakers: Vol. 1
13942,14205,2004.0,Would I Lie to You?
13943,14206,1992.0,Poirot: One Two Buckle My Shoe
13944,14207,2000.0,Jill the Ripper
13945,14208,2001.0,A.I. Artificial Intelligence: Bonus Material
13946,14209,2000.0,Pitch Black
13947,14210,1988.0,Grave of the Fireflies
13948,14211,1984.0,Stranger than Paradise
13949,14212,1994.0,Only You
13950,14213,1958.0,God's Little Acre
13951,14214,1997.0,Star Trek: Deep Space Nine: Season 6
13952,14215,2004.0,Sky Captain and the World of Tomorrow
13953,14216,1999.0,Children of Heaven
13954,14217,2003.0,200 American
13955,14218,1990.0,Misery
13956,14219,1983.0,The King of Comedy
13957,14220,1964.0,Dead Ringer
13958,14221,1998.0,Caught Up
13959,14222,1999.0,Madonna: The Video Collection 1993-1999
13960,14223,1999.0,Extremely Dangerous
13961,14224,1996.0,A Century of Science Fiction
13962,14225,1978.0,Three's Company: Season 3
13963,14226,2000.0,The Crew
13964,14227,1983.0,Spacehunter
13965,14228,2002.0,Jay Jay the Jet Plane: Liking Yourself Inside and Out
13966,14229,1971.0,Klute
13967,14230,1983.0,D.C. Cab
13968,14231,1981.0,Dreadnaught
13969,14232,1998.0,Act of War
13970,14233,2002.0,Dirty Pretty Things
13971,14234,1975.0,The Rocky Horror Picture Show: Bonus Material
13972,14235,1951.0,I Love Lucy: Season 1
13973,14236,1971.0,The Persuaders!: Set 1
13974,14237,2001.0,The Turandot Project
13975,14238,2004.0,The Work and the Glory
13976,14239,1973.0,Last of the Summer Wine
13977,14240,2003.0,Lord of the Rings: The Return of the King
13978,14241,1996.0,Ghosts of Mississippi
13979,14242,1966.0,Alfie
13980,14243,2004.0,Court TV: The Best of Forensic Files
13981,14244,1966.0,Doctor Who: Doctor Who and the Daleks
13982,14245,1996.0,Tina Turner: Live in Amsterdam
13983,14246,1992.0,A Scene at the Sea
13984,14247,1985.0,Trancers
13985,14248,1994.0,D2: The Mighty Ducks
13986,14250,1990.0,Jacob's Ladder
13987,14251,1965.0,Bloody Pit of Horror
13988,14252,2001.0,The Corrs: Live in London
13989,14253,1997.0,Lolita
13990,14254,1977.0,A Bridge Too Far
13991,14255,1994.0,Yeh Dillagi
13992,14256,1981.0,The Dogs Of War
13993,14257,1997.0,The Life of Jesus
13994,14258,1960.0,Peeping Tom
13995,14259,1996.0,Breaking the Waves
13996,14260,1995.0,Invisible Mom
13997,14261,1999.0,Bjork: Volumen
13998,14262,1939.0,Gunga Din
13999,14263,1970.0,Cotton Comes to Harlem
14000,14265,1993.0,The Crush
14001,14266,2000.0,Cutey Honey
14002,14267,2000.0,There's Something About McConkey
14003,14268,1985.0,Coming Through
14004,14269,1974.0,The Gambler
14005,14270,2000.0,The Four Noble Truths
14006,14271,2001.0,Km. 0 (Kilometer Zero)
14007,14272,1979.0,The Dukes of Hazzard: Season 2
14008,14273,2004.0,Marianne Williamson: Everyday Grace
14009,14274,2004.0,I Heart Huckabees
14010,14275,1990.0,Elvis Presley: Great Performances: Vol. 1: Center Stage
14011,14276,2000.0,Our Lips Are Sealed
14012,14277,2002.0,The Piano Teacher
14013,14278,1947.0,Dark Passage
14014,14279,2004.0,Witness to a Kill
14015,14280,1969.0,Butch Cassidy and the Sundance Kid
14016,14281,1958.0,A Night to Remember
14017,14282,1971.0,McMillan and Wife: Season 1
14018,14283,1994.0,The Best of Friends: Vol. 3
14019,14284,1994.0,Lightning Jack
14020,14285,1984.0,Until September
14021,14286,1974.0,Hanzo the Razor: Who's Got the Gold?
14022,14287,2001.0,Hidden Agenda
14023,14288,1999.0,Midsomer Murders: Death's Shadow
14024,14289,1955.0,To Hell and Back
14025,14291,1997.0,Judwaa
14026,14292,2001.0,Earth vs. The Spider
14027,14293,1965.0,Alphaville
14028,14294,1966.0,The Complete Daimajin
14029,14295,1987.0,Andy Warhol
14030,14296,1999.0,The Thomas Crown Affair
14031,14297,1986.0,Murphy's Law
14032,14298,2004.0,Kinsey: American Experience
14033,14299,2004.0,Hum Tum
14034,14300,1992.0,City of Joy
14035,14301,1971.0,Sunday Bloody Sunday
14036,14302,2000.0,The Sopranos: Season 2
14037,14303,1960.0,North to Alaska
14038,14304,1973.0,A Brief Vacation
14039,14305,1992.0,Wild Orchid 2
14040,14306,1971.0,Big Doll House
14041,14307,2001.0,Felicity: Season 4
14042,14308,2003.0,I Accuse
14043,14309,1977.0,3 Women
14044,14310,2005.0,The Wickeds
14045,14311,1986.0,Operation Condor 2: Armour of the Gods
14046,14312,1993.0,Jurassic Park
14047,14313,2000.0,The Patriot
14048,14314,2002.0,The Nightmare Room: Scareful What You Wish For
14049,14315,2004.0,Baadasssss!
14050,14316,1997.0,The Ugly
14051,14317,2003.0,View from the Top
14052,14318,2005.0,Disney's Little Einsteins: Our Big Huge Adventure
14053,14319,1978.0,Fingers
14054,14320,1973.0,MASH: Season 2
14055,14321,2003.0,World Poker Tour: Battle of Champions
14056,14322,1987.0,Scooby-Doo Meets the Boo Brothers
14057,14323,2004.0,Cirque Du Soleil: La Nouba
14058,14324,2001.0,Nostradamus: His Life and Prophecies
14059,14325,2003.0,Rugrats Go Wild
14060,14326,1994.0,Children of the Corn 3: Urban Harvest
14061,14328,1992.0,Straight Talk
14062,14329,1996.0,Occasional Hell
14063,14330,2001.0,Fulltime Killer
14064,14331,1997.0,What the Deaf Man Heard
14065,14332,1959.0,The Hideous Sun Demon
14066,14333,2002.0,Night at the Golden Eagle
14067,14334,1992.0,Unlawful Entry
14068,14335,1975.0,Barry Lyndon
14069,14336,1996.0,Different for Girls
14070,14337,1988.0,Qayamat Se Qayamat Tak
14071,14338,2001.0,Blood Moon
14072,14339,1949.0,The Story of Seabiscuit
14073,14340,1942.0,Commandos Strike at Dawn
14074,14341,1987.0,An Autumn's Tale
14075,14342,1996.0,Lone Star
14076,14343,2001.0,Get Over It
14077,14344,1985.0,The Bride
14078,14345,1974.0,Frightmare
14079,14346,1994.0,The Century of Warfare
14080,14347,2000.0,Running Free
14081,14348,1996.0,The Wright Stuff: American Experience
14082,14349,2004.0,America's Heart and Soul
14083,14350,1974.0,Turkish Delight
14084,14351,1970.0,They Call Me Mr. Tibbs
14085,14352,1996.0,Elvis: The Complete Story
14086,14353,1955.0,The Purple Plain
14087,14354,1990.0,Deathstalker 4
14088,14355,1999.0,Bowfinger
14089,14356,1999.0,The Mysteries of Egypt: IMAX
14090,14357,2005.0,H.G. Wells' The War of the Worlds: The Real Story
14091,14358,1975.0,Monty Python and the Holy Grail
14092,14359,1967.0,In Like Flint
14093,14360,2004.0,Otogi Zoshi
14094,14361,1999.0,SpongeBob SquarePants: Absorbing Favorites
14095,14362,1980.0,Battle Creek Brawl
14096,14363,1997.0,Stargate SG-1: Season 1
14097,14364,2003.0,What a Girl Wants
14098,14365,1978.0,The Wiz
14099,14366,1987.0,Dorothy L. Sayers Mysteries: Have His Carcase
14100,14367,1998.0,Lethal Weapon 4
14101,14368,2005.0,Building the Alaska Highway: American Experience
14102,14369,1990.0,Cover Up
14103,14370,1996.0,Body Without Soul
14104,14371,1991.0,Motorama
14105,14372,1946.0,Brief Encounter
14106,14373,2000.0,The Operator
14107,14374,1991.0,A Murder of Quality
14108,14375,2005.0,To the Extreme
14109,14376,2001.0,The Believer
14110,14377,1998.0,Home Fries
14111,14378,1961.0,Beast of Yucca Flats
14112,14379,1942.0,You Were Never Lovelier
14113,14380,1934.0,Born to Be Bad
14114,14381,2001.0,Law & Order: Criminal Intent: The First Year
14115,14382,1987.0,Raising Arizona
14116,14383,1993.0,Homicide: Life on the Street: Seasons 1 & 2
14117,14384,1973.0,Ziggy Stardust and the Spiders From Mars: The Motion Picture
14118,14385,1999.0,Get Bruce!
14119,14386,1985.0,The Velveteen Rabbit
14120,14387,2001.0,Intacto
14121,14388,2003.0,Lucia Lucia
14122,14389,2002.0,The Skulls 2
14123,14390,2004.0,The Firm Body Sculpting System: Total Muscle Shaping
14124,14391,1995.0,French Kiss
14125,14392,1980.0,Wholly Moses
14126,14393,1978.0,The Last Waltz
14127,14394,1999.0,Fist Power
14128,14395,2005.0,Dawn Anna
14129,14396,2002.0,Visions of Greece
14130,14397,2000.0,Cheaters
14131,14398,1985.0,Guilty Conscience
14132,14399,1990.0,Vincent & Theo
14133,14400,2004.0,Big Bird in China
14134,14401,2002.0,Ranma 1/2: Ranma Forever: Vol. 5: Wretched Rice Cakes of Love
14135,14402,2004.0,Exorcist: The Beginning
14136,14403,1996.0,The Long Kiss Goodnight
14137,14404,2004.0,5 Children and It
14138,14405,2001.0,Tease
14139,14406,2001.0,How to Make a Monster
14140,14407,2001.0,The Last Castle
14141,14408,1981.0,The French Lieutenant's Woman
14142,14409,2001.0,Everything Put Together
14143,14410,2002.0,Spider-Man
14144,14411,2003.0,Boy Meets Boy: Season 1
14145,14412,1975.0,Fawlty Towers: The Complete Set
14146,14413,1998.0,Billboard Dad
14147,14414,2005.0,Infection
14148,14415,2000.0,Haunted Junction
14149,14416,1990.0,Shaolin Idiot
14150,14417,1974.0,The Best of Benny Hill
14151,14419,1952.0,The Crimson Pirate
14152,14420,2002.0,Hell on Heels: The Battle of Mary Kay
14153,14421,1997.0,The Gambler
14154,14422,2004.0,National Lampoon's Holiday Reunion
14155,14423,1998.0,Wind River
14156,14424,2001.0,Discovering Italy
14157,14425,1980.0,Shogun
14158,14426,1962.0,An Occurrence at Owl Creek Bridge
14159,14427,1985.0,The Dream Is Alive: IMAX
14160,14428,2003.0,Dragon Ball Z: Babidi
14161,14429,2004.0,The Inspector Lynley Mysteries: A Cry for Justice
14162,14430,1987.0,Black Widow
14163,14431,1943.0,Shadow of a Doubt
14164,14432,1993.0,Mystery Science Theater 3000: Beginning of the End
14165,14433,1963.0,Petticoat Junction: Four Classic Episodes
14166,14434,1963.0,McLintock! Collector's Edition
14167,14435,2005.0,The Nomi Song
14168,14436,1996.0,Frasier: Season 4
14169,14437,1982.0,Smiley's People
14170,14438,1997.0,Habitat
14171,14439,1973.0,Live and Let Die
14172,14440,1969.0,Love Is Colder than Death
14173,14441,2004.0,The Wool Cap
14174,14442,2004.0,Ex-Driver: The Movie
14175,14443,2004.0,Foolproof
14176,14444,1965.0,The Hallelujah Trail
14177,14445,1962.0,La Notte
14178,14446,2001.0,Century Hotel
14179,14447,1999.0,The Simple Life of Noah Dearborn
14180,14448,1998.0,The Staircase
14181,14449,1992.0,Moody Blues: A Night at Red Rocks
14182,14450,1952.0,Another Man's Poison
14183,14451,2005.0,Pit Fighter
14184,14452,1999.0,Mercy
14185,14453,2003.0,Pokemon Heroes: The Movie
14186,14454,2003.0,Kill Bill: Vol. 1
14187,14455,1997.0,Mrityudand
14188,14456,1966.0,The Professionals
14189,14457,1993.0,What's Love Got to Do with It
14190,14458,2001.0,Harvard Man
14191,14459,1989.0,Uncle Buck
14192,14460,1996.0,Poldark
14193,14461,2003.0,New England Patriots: NFL Super Bowl XXXVIII Champions
14194,14462,1989.0,She Shoots Straight
14195,14463,1978.0,I Spit On Your Grave
14196,14465,2003.0,The Iceman Interviews
14197,14466,2004.0,Pokemon: Jirachi Wish Maker
14198,14467,2003.0,In the Cut
14199,14468,2004.0,The Dead Zone: Season 3
14200,14469,1998.0,Soldier - World Wide Entertainment
14201,14470,2002.0,Gods of Olympia
14202,14471,2000.0,Santitos
14203,14472,1971.0,Play Misty for Me
14204,14473,1940.0,Gaslight
14205,14474,1975.0,The Enigma of Kaspar Hauser
14206,14475,1998.0,Hilary and Jackie
14207,14476,2004.0,Barbershop 2: Back in Business
14208,14477,1998.0,How Stella Got Her Groove Back
14209,14478,1994.0,The Ultimate Beginner Series: Keyboard Basics
14210,14479,1960.0,Never on Sunday
14211,14480,1996.0,Tin Cup
14212,14481,1993.0,Army of One
14213,14482,1995.0,12 Monkeys
14214,14483,1954.0,White Christmas
14215,14484,1988.0,The Naked Gun
14216,14485,1983.0,Rock and Rule
14217,14486,2003.0,Gunparade March
14218,14487,2003.0,The Simple Life: Season 1
14219,14488,1929.0,TCM Archives: Buster Keaton Collection
14220,14489,2005.0,Lies My Mother Told Me
14221,14490,2005.0,Broadway's Lost Treasures III: The Best of the Tony Awards
14222,14491,1999.0,The Emperor and the Assassin
14223,14492,1994.0,Forever Knight: The Trilogy: Part 2
14224,14494,1968.0,For Love of Ivy
14225,14495,1973.0,Hell Up in Harlem
14226,14496,1992.0,Mystery Science Theater 3000: Attack of the Giant Leeches
14227,14497,1998.0,The Last Don II
14228,14498,1973.0,Godspell
14229,14499,1999.0,The Alchemists
14230,14500,1968.0,Heidi
14231,14501,2000.0,Malcolm in the Middle: Season 1
14232,14502,2005.0,Naked Fame
14233,14503,1986.0,Wanted Dead or Alive
14234,14504,1986.0,Manhunter
14235,14505,1994.0,The War
14236,14506,1983.0,Doctor Who: The Five Doctors
14237,14507,1999.0,Any Given Sunday
14238,14509,2002.0,UK/DK: A Film About Punks and Skinheads
14239,14510,2000.0,Tell Me Something
14240,14511,1964.0,Topkapi
14241,14512,1956.0,Love Me Tender
14242,14513,1996.0,Daylight
14243,14514,2002.0,Tokyo Underground
14244,14515,1961.0,The Andy Griffith Show: Season 2
14245,14516,2000.0,Rockapella
14246,14517,1999.0,Robert Rauschenberg: Inventive Genius
14247,14518,2005.0,WWE: Unforgiven 2005
14248,14519,1999.0,Saturday Night Live: 25th Anniversary
14249,14520,1986.0,Vamp
14250,14521,2001.0,Roswell: Season 3
14251,14522,1992.0,Blame It on the Bellboy
14252,14523,1969.0,Coming Apart
14253,14524,1971.0,The Brady Bunch: Season 3
14254,14525,1970.0,Little Big Man
14255,14526,2003.0,Coral Reef Adventure
14256,14527,2001.0,Hannibal
14257,14528,2002.0,Eight Legged Freaks
14258,14529,2002.0,Once Upon a Time in the Midlands
14259,14530,1989.0,Hitcher in the Dark
14260,14531,2002.0,Equilibrium
14261,14532,2003.0,New Suit
14262,14533,2002.0,The Office: Series 2
14263,14534,1995.0,Roommates
14264,14535,1994.0,From Beijing with Love
14265,14536,1993.0,Inspector Morse 12: Infernal Serpent
14266,14537,1989.0,Garfield and Friends: Vol. 3
14267,14538,2003.0,How to Lose a Guy in 10 Days
14268,14539,2000.0,Groove
14269,14540,2001.0,Bear in the Big Blue House: Visiting the Doctor with Bear
14270,14541,2000.0,Dracula 2000
14271,14542,2000.0,A Time for Dancing
14272,14543,2001.0,Janet Jackson: Design of a Decade
14273,14544,2004.0,Mana: Beyond Belief
14274,14545,2004.0,King Arthur
14275,14546,2004.0,Lipstick & Dynamite
14276,14547,1969.0,Ring of Bright Water
14277,14548,1992.0,Amityville 1992: It's About Time
14278,14549,2003.0,Last Life in the Universe
14279,14550,1994.0,The Shawshank Redemption: Special Edition
14280,14551,2001.0,Happy Campers
14281,14552,1999.0,To Walk with Lions
14282,14553,1978.0,Les Miserables
14283,14554,1965.0,In Harm's Way
14284,14555,1982.0,Parasite
14285,14556,1997.0,Mission to Mir: IMAX
14286,14557,2005.0,Fraggle Rock: Live by the Rule of the Rock
14287,14558,2004.0,Breaking Vegas
14288,14559,2001.0,Alice in Chains: Music Bank: The Videos
14289,14560,1950.0,Kon-Tiki
14290,14561,1999.0,Superman: The Lost Episodes
14291,14562,1966.0,Green Acres: Season 2
14292,14563,2002.0,Chrysanthemum and More Kevin Henkes Stories
14293,14564,1995.0,Balto
14294,14565,1971.0,Two English Girls
14295,14566,2005.0,Spider-Man: The Venom Saga
14296,14567,1959.0,Ben-Hur: Collector's Edition: Bonus Material
14297,14568,1991.0,New Jack City: Special Edition
14298,14569,1963.0,Judy Garland: Live at the London Palladium
14299,14570,2003.0,Pride Fighting Championships: Bushido 1
14300,14571,1999.0,Toy Story 2
14301,14572,2000.0,Fake
14302,14573,1972.0,Baron Blood
14303,14574,1998.0,You've Got Mail
14304,14575,1970.0,Quiet Days in Clichy
14305,14576,2003.0,DysFunktional Family
14306,14577,1970.0,The Private Life of Sherlock Holmes
14307,14578,1952.0,The Greatest Show on Earth
14308,14579,2002.0,Kung Pow: Enter the Fist
14309,14580,2001.0,Shake It All About
14310,14581,2004.0,Magic Kitchen
14311,14582,2000.0,Best of Travels in Europe with Rick Steves: British Isles
14312,14583,2003.0,Peacemaker
14313,14585,2004.0,Reconstruction
14314,14586,2000.0,Pandaemonium
14315,14587,2001.0,Asoka
14316,14588,2003.0,Bob Marley: Spiritual Journey
14317,14589,1961.0,Top Cat: The Complete Series
14318,14590,1995.0,Die Hard With a Vengeance
14319,14591,1998.0,Battle Athletes Victory: Vol. 7: The Last Dance
14320,14592,1991.0,Benjamin's Woman
14321,14593,1993.0,My Life
14322,14594,1996.0,Dragon from Shaolin
14323,14595,1979.0,Baaton Baaton Mein
14324,14596,2002.0,The Outsider
14325,14597,2003.0,Aquanoids
14326,14598,2004.0,Late Night with Conan O'Brien 10th Anniversary Special
14327,14599,1965.0,The Shop on Main Street
14328,14600,2003.0,Aileen: Life and Death of a Serial Killer
14329,14601,1971.0,Harold and Maude
14330,14602,1995.0,Sabrina
14331,14603,1979.0,Time After Time
14332,14604,2000.0,The St. Francisville Experiment
14333,14605,2002.0,Hum Kisise Kum Nahin
14334,14606,2002.0,Analyze That
14335,14607,1965.0,The Three Stooges: The Outlaws Is Coming
14336,14608,2005.0,Power Rangers S.P.D.
14337,14609,2004.0,NFL: History of the Philadelphia Eagles
14338,14610,1998.0,Cartoon Crazys Kids' All Time Favorites
14339,14611,1941.0,Birth of the Blues / Blue Skies: Double Feature
14340,14613,2003.0,Valentin
14341,14614,2003.0,Gate Keepers 21
14342,14615,2001.0,Abraham and Mary Lincoln: A House Divided: American Experience
14343,14616,1973.0,White Lightning
14344,14617,1965.0,The Three Stooges Cartoons
14345,14618,1998.0,The Truman Show
14346,14619,1996.0,Rodgers & Hammerstein: The Sound of Movies
14347,14620,1993.0,Flight of the Innocent
14348,14621,2001.0,Shrek (Full-screen)
14349,14622,1994.0,The Gambler V: Playing for Keeps
14350,14623,1971.0,Godzilla vs. Hedorah
14351,14624,1981.0,Body Heat
14352,14625,2003.0,Good Charlotte: Video Collection
14353,14626,2004.0,Vampires: Out for Blood
14354,14627,1963.0,Fractured Flickers
14355,14628,1976.0,Cannonball
14356,14629,1974.0,The Sugarland Express
14357,14630,2004.0,Yes: 35th Anniversary Concert: Songs from Tsongas
14358,14631,2001.0,Scooby-Doo and the Cyber Chase
14359,14632,1987.0,Roy Orbison: Black & White Night
14360,14633,1986.0,The Last Days of Frank & Jesse James
14361,14634,1999.0,The Wood
14362,14635,1998.0,In the Footsteps of Alexander the Great
14363,14636,1945.0,Sherlock Holmes: In Pursuit to Algiers
14364,14637,1989.0,Jesus of Montreal
14365,14638,1994.0,The Shawshank Redemption: Special Edition: Bonus Material
14366,14639,2000.0,Passion of Mind
14367,14640,2002.0,Rugrats: Mysteries
14368,14641,2003.0,NFL Films: Ice Bowl / Green Bay Packers History
14369,14642,1952.0,High Noon
14370,14643,2004.0,3: The Dale Earnhardt Story
14371,14644,2004.0,The Stepford Wives
14372,14645,1997.0,Behind the Lines
14373,14646,1989.0,Pet Sematary
14374,14647,2001.0,The Quickie
14375,14648,2003.0,Finding Nemo (Full-screen)
14376,14649,1997.0,Nazi Medicine / The Cross and the Star: Double Feature
14377,14650,2000.0,Dr. Bell and Mr. Doyle: The Dark Beginnings of Sherlock Holmes
14378,14651,1999.0,Himalaya
14379,14652,1985.0,Desperately Seeking Susan
14380,14653,1993.0,Made in America
14381,14654,1991.0,Bugsy
14382,14655,1978.0,The Billion Dollar Hobo
14383,14656,2000.0,Poirot: Lord Edgware Dies
14384,14657,1992.0,Tetsuo: The Iron Man
14385,14658,2000.0,Wrestlemania Anthology: Vol. 4
14386,14659,2005.0,Pokemon: Destiny Deoxys
14387,14660,1998.0,The Waterboy
14388,14661,2001.0,Samurai Jack: Season 1
14389,14662,2001.0,Suspended Animation
14390,14663,1989.0,Three Fugitives
14391,14664,1986.0,Labyrinth
14392,14665,1969.0,Benny Hill: Complete and Unadulterated: The Naughty Early Years: Set 3
14393,14666,1956.0,The Wrong Man
14394,14667,1989.0,Field of Dreams
14395,14668,2001.0,The Feast of All Saints
14396,14669,1974.0,Harry and Tonto
14397,14670,1989.0,Batman
14398,14671,2004.0,Downfall
14399,14672,1976.0,Grizzly
14400,14673,2000.0,Skipped Parts
14401,14674,2000.0,Sonic Impact
14402,14675,2004.0,Murder
14403,14676,2003.0,Tere Naam: The Movie
14404,14677,1987.0,I'll Take Manhattan
14405,14678,1990.0,Inspector Alleyn Mysteries: Set 1
14406,14679,1999.0,Donna Summer: Live and More Encore
14407,14680,2003.0,Zameen
14408,14681,1990.0,Paris Is Burning
14409,14682,1995.0,Eternal Evil of Asia
14410,14683,2002.0,Elaine Stritch: At Liberty
14411,14684,1997.0,Chick Corea & Friends: Live
14412,14685,1963.0,Irma La Douce
14413,14686,1999.0,The White Pony
14414,14687,1915.0,Chaplin's Essanay Comedies: Vol. 2
14415,14688,1962.0,David and Lisa
14416,14689,1952.0,Son of Paleface
14417,14690,2001.0,Fast Sofa
14418,14691,1999.0,The Matrix
14419,14692,1919.0,Chaplin: The Collection: Vol. 1
14420,14693,2003.0,Colour of the Truth
14421,14694,1937.0,Topper / Topper Returns: Double Feature
14422,14695,2003.0,Brother Bear: On My Way: Sing-Along Songs
14423,14696,2002.0,ABBA: The Winner Takes It All
14424,14697,1997.0,Pervirella
14425,14698,2002.0,White Oleander
14426,14699,1999.0,Harem
14427,14700,2001.0,A.K.A. Cassius Clay
14428,14701,1996.0,Dragon Ball Z: Great Saiyaman: Declaration
14429,14702,1967.0,Guess Who's Coming to Dinner
14430,14703,2004.0,ABBA: Super Troupers
14431,14704,1948.0,The Red Shoes
14432,14705,1996.0,Tai Chi 2
14433,14706,1993.0,Mystery Science Theater 3000: Gunslinger
14434,14707,2002.0,1 Giant Leap
14435,14708,2004.0,BET 4 Play: Rhapsody
14436,14709,1988.0,Star Trek: The Next Generation: Season 2
14437,14710,2004.0,The Very Best of Ghost Hunters: Vol. 1: Most Bizarre Episodes & Scariest Moments
14438,14711,2000.0,Cowboys and Angels
14439,14712,2001.0,Tomb Raider
14440,14713,1988.0,Off Limits
14441,14714,2004.0,Gone Dark
14442,14715,2000.0,William Gibson: No Maps For These Territories
14443,14716,1959.0,Pillow Talk
14444,14717,2000.0,Confusion of Genders
14445,14718,2002.0,XXX: Special Edition
14446,14719,1957.0,Sweet Smell of Success
14447,14720,1950.0,Fancy Pants
14448,14721,1998.0,The Bird People in China
14449,14722,2002.0,Bug
14450,14723,2002.0,Darkness
14451,14724,1957.0,Sayonara
14452,14725,1999.0,Austin Powers: The Spy Who Shagged Me
14453,14726,2000.0,Piano Grand: A Smithsonian Celebration
14454,14727,1975.0,The Eiger Sanction
14455,14728,1950.0,Quicksand
14456,14729,2004.0,Smallville: Season 4
14457,14730,1949.0,Young Man with a Horn
14458,14731,1993.0,The Good Son
14459,14732,1999.0,Butterfly
14460,14733,1994.0,Chasers
14461,14734,1996.0,One Fine Day
14462,14735,2001.0,Autumn Spring
14463,14736,1986.0,Amazons
14464,14737,2002.0,The Sweetest Thing
14465,14738,2002.0,Formula 51
14466,14739,2005.0,Martha Stewart Holidays: Classic Thanksgiving
14467,14740,1998.0,Seamless
14468,14741,1957.0,A Face in the Crowd
14469,14742,2000.0,The X-Files: Season 2
14470,14743,2004.0,Short Cut to Nirvana
14471,14744,1989.0,The Phantom of the Opera
14472,14745,1998.0,Dragon Ball Z: The World's Strongest
14473,14747,1990.0,Creature Comforts
14474,14748,2000.0,Scooby-Doo and the Alien Invaders
14475,14749,1980.0,Heartland
14476,14750,1978.0,Doctor Who: The Pirate Planet
14477,14751,1991.0,Red Green: Stuffed and Mounted 3
14478,14752,2001.0,Prison Song
14479,14753,1998.0,Dil Se
14480,14754,1999.0,Pokemon: The First Movie
14481,14755,1999.0,The Blair Witch Project
14482,14756,1987.0,White Water Summer
14483,14757,2005.0,Palindromes
14484,14758,1999.0,My Favorite Broadway: The Leading Ladies
14485,14759,2002.0,K-19: The Widowmaker
14486,14760,1998.0,Kissing a Fool
14487,14761,1993.0,Visions of Light
14488,14762,2005.0,Devour
14489,14763,1998.0,Everest: The Death Zone
14490,14764,1958.0,The Defiant Ones
14491,14765,1993.0,Surgeon
14492,14766,1998.0,Andrew Lloyd Webber: The Royal Albert Hall Celebration
14493,14767,1981.0,Graduation Day
14494,14768,2002.0,Nine Inch Nails: And All That Could Have Been
14495,14769,1999.0,Cotton Mary
14496,14770,1957.0,The Prince and the Showgirl
14497,14771,1993.0,32 Short Films About Glenn Gould
14498,14772,1996.0,Zion Canyon: Treasure of the Gods: IMAX
14499,14773,2004.0,Coupling: Season 4: Bonus Material
14500,14774,1973.0,Female Vampire
14501,14775,2003.0,Vicious
14502,14776,1956.0,The Ten Commandments
14503,14777,1992.0,Eric Clapton Unplugged
14504,14778,1941.0,The Shanghai Gesture
14505,14779,1986.0,The Mission: Special Edition
14506,14780,1988.0,Beetlejuice
14507,14781,2004.0,"Ron White: They Call Me ""Tater Salad"""
14508,14782,2000.0,The Book of Pooh: Stories From the Heart
14509,14783,1998.0,A Town Has Turned to Dust
14510,14784,2001.0,Picture Claire
14511,14785,1987.0,Big Bad Mama 2
14512,14786,1974.0,Female Trouble
14513,14787,1969.0,The Assassination Bureau
14514,14788,1960.0,G.I. Blues
14515,14789,1930.0,The Big Trail
14516,14790,2003.0,Motley Crue: Greatest Video Hits
14517,14791,2003.0,Trailer Park Boys: Season 3
14518,14792,2004.0,CIA: Shocking Stories Behind the Headlines
14519,14793,1991.0,The Comfort of Strangers
14520,14794,2002.0,Fubar: The Movie
14521,14795,1996.0,Celtic Pride
14522,14796,1990.0,Avalon
14523,14797,2002.0,The Vector File
14524,14798,1997.0,Masters of Russian Animation #4
14525,14799,1997.0,Mystery Science Theater 3000: Space Mutiny
14526,14800,1997.0,A Touch of Frost: Season 5
14527,14801,1992.0,Highlander: Season 1
14528,14802,1999.0,Bob Marley & the Wailers: Catch a Fire
14529,14803,2004.0,Donnie McClurkin Story: From Darkness to Light
14530,14804,1980.0,Brubaker
14531,14805,2005.0,National Geographic: China's Lost Girls
14532,14806,2001.0,Angel: Season 3
14533,14807,1997.0,Sharpe 13: Sharpe's Justice
14534,14808,2004.0,Viva La Bam: Seasons 2 and 3
14535,14810,2000.0,Dolphins: IMAX
14536,14811,2000.0,St. Patrick: The Irish Legend
14537,14812,1989.0,Traffik
14538,14813,1991.0,The Rapture
14539,14814,1995.0,Bloodfist 7: Manhunt
14540,14815,1968.0,Hang 'Em High
14541,14816,1983.0,The Entity
14542,14817,2003.0,My Big Fat Greek Life: The Entire Series
14543,14818,1993.0,Chef!: Series 1
14544,14819,2001.0,Thomas & Friends: Best of Percy
14545,14820,1997.0,Deconstructing Harry
14546,14821,1977.0,The American Friend
14547,14822,1997.0,Anastasia
14548,14823,1994.0,Cracker: Series 3
14549,14824,1998.0,Battle Athletes Victory: Vol. 1: Training
14550,14825,1975.0,The Man Who Would Be King
14551,14826,1984.0,Secret Honor
14552,14827,1999.0,For Love of the Game
14553,14828,1937.0,Grand Illusion
14554,14829,2004.0,The United States of Leland
14555,14830,2000.0,The Circle
14556,14831,2001.0,Steve Harvey: One Man
14557,14832,1983.0,Under Fire
14558,14833,1993.0,Puppetmaster
14559,14834,1958.0,Leonard Bernstein's Young People's Concerts
14560,14835,1997.0,Stephen Hawking's Universe
14561,14836,1988.0,Care Bears: Bears Share a Scare
14562,14837,2004.0,Samaritan Girl
14563,14838,2004.0,Petite Princess Yucie
14564,14839,1949.0,Jolson Sings Again
14565,14840,2002.0,Get a Clue
14566,14841,2000.0,Final Encounter
14567,14842,2004.0,Stage Beauty
14568,14843,2003.0,Secondhand Lions: Bonus Material
14569,14844,1988.0,Gotham
14570,14845,2004.0,Backlash 2004
14571,14846,1922.0,Cyrano de Bergerac
14572,14847,1994.0,Ellen: Season 2
14573,14848,2000.0,Play It to the Bone
14574,14849,1995.0,Man of the Year
14575,14850,1988.0,A Very British Coup
14576,14851,1996.0,Jay Jay the Jet Plane: Supersonic Pals
14577,14852,2000.0,The Contender
14578,14853,1951.0,The Browning Version
14579,14854,2004.0,Australia the Beautiful
14580,14855,1992.0,Glengarry Glen Ross
14581,14856,1995.0,Dead Man Walking
14582,14857,2002.0,First Shot
14583,14858,1995.0,Babe
14584,14859,1986.0,The Return of Sherlock Holmes
14585,14860,1988.0,Murphy Brown: Season 1
14586,14861,2001.0,Bruce Lee's Jeet Kune Do
14587,14862,1984.0,Once Upon a Time in America
14588,14863,1986.0,Entrails of a Beautiful Woman
14589,14864,2002.0,Garage Days
14590,14865,1996.0,Mary Reilly
14591,14866,2003.0,A Woman Hunted
14592,14867,2000.0,King of the Jungle
14593,14868,2005.0,Lilo and Stitch 2
14594,14869,1982.0,Blade Runner
14595,14870,1992.0,Sleepwalkers
14596,14871,1936.0,The Amazing Adventure
14597,14872,2001.0,Denise Austin: Power Yoga Plus
14598,14873,1992.0,School Ties
14599,14874,1980.0,Spetters
14600,14875,2003.0,Baby Galileo: Discovering the Sky
14601,14876,2000.0,Hendrix
14602,14877,1985.0,Krush Groove
14603,14878,1997.0,Chachi 420
14604,14879,1999.0,Barney: Let's Play School
14605,14880,2000.0,Frozen in Fear
14606,14881,2000.0,Anne of Green Gables: The Continuing Story
14607,14882,2001.0,Session 9
14608,14883,1976.0,Best of The Muppet Show: Diana Ross / Brooke Shields / Rudolph Nuryev
14609,14884,1998.0,Sweet Jane
14610,14885,2000.0,Caillou: Caillou's Summertime and Other Adventures
14611,14886,1985.0,American Flyers
14612,14887,1998.0,Buttcrack
14613,14888,1996.0,Ayane's High Kick
14614,14889,1995.0,Species
14615,14890,2004.0,Team America: World Police
14616,14891,2002.0,The Rutles 2: Can't Buy Me Lunch
14617,14892,2003.0,Three Blind Mice
14618,14893,1986.0,Girls School Screamers
14619,14894,1990.0,Problem Child / Problem Child 2
14620,14895,1976.0,J.D.'s Revenge
14621,14896,2000.0,Michael Flatley: Gold
14622,14897,1998.0,Beast Wars Transformers: Season 3
14623,14898,2003.0,Looney Tunes: Back in Action
14624,14899,1969.0,Dark Shadows: Vol. 18
14625,14900,1993.0,George Balanchine's The Nutcracker
14626,14901,1994.0,Guinevere
14627,14902,2004.0,Doggy Poo
14628,14903,2003.0,Warren Miller's: Ride
14629,14904,2003.0,Rivers and Tides
14630,14905,1978.0,Soap: Season 2
14631,14906,1993.0,Linnea in Monet's Garden
14632,14907,2001.0,Kaze no Yojimbo
14633,14908,1999.0,Mariah Carey: #1's
14634,14909,1998.0,City of Angels
14635,14910,1995.0,Wild Bill
14636,14911,2002.0,The Shield: Season 1
14637,14912,2001.0,Bad Guy
14638,14913,1999.0,Rocky Marciano
14639,14914,1988.0,A Soldier's Tale
14640,14915,2005.0,Mail Order Wife
14641,14916,2004.0,Dogville
14642,14917,2000.0,The Dream Catcher
14643,14918,2001.0,Gosford Park
14644,14919,2003.0,Grind
14645,14920,2003.0,Monsieur N.
14646,14921,2003.0,Rosenstrasse
14647,14922,1996.0,Boys Over Flowers
14648,14923,1997.0,Campfire Tales
14649,14924,2001.0,Undeclared: The Complete Series
14650,14925,1991.0,Flirting
14651,14926,2002.0,Baby Beethoven: Symphony of Fun
14652,14927,1974.0,Trial of Billy Jack
14653,14928,1989.0,Dead Poets Society
14654,14929,1995.0,Angela
14655,14930,1998.0,Pearl Jam: Single Video Theory
14656,14931,1987.0,Near Dark
14657,14932,1969.0,Saturday Morning with Sid & Marty Krofft
14658,14933,1979.0,Magnificent Butcher
14659,14934,2003.0,The Bells of Innocence
14660,14935,2001.0,The Luzhin Defence
14661,14936,1990.0,Longtime Companion
14662,14937,2000.0,Anna Karenina
14663,14938,2003.0,Coldplay: Live 2003
14664,14939,1952.0,The White Sheik
14665,14940,2004.0,Without a Paddle
14666,14941,2000.0,Vandread
14667,14942,1995.0,Unzipped
14668,14943,1972.0,1776
14669,14944,2000.0,Run the Wild Fields
14670,14945,1967.0,Fathom
14671,14946,1988.0,Mobile Suit Gundam: Char's Counterattack
14672,14947,1995.0,Bombay
14673,14948,2003.0,Pearl Jam: Live at the Garden
14674,14949,2002.0,CKY2K
14675,14950,1997.0,Keeping the Promise
14676,14951,1989.0,Urotsukidoji
14677,14952,1977.0,Martin
14678,14953,1986.0,Pretty in Pink
14679,14954,2004.0,Plain Truth
14680,14955,2004.0,Intermission
14681,14956,1990.0,Spandau Ballet: Live
14682,14957,2004.0,The Vault
14683,14958,1995.0,Fluke
14684,14959,1999.0,The Jack Bull
14685,14960,1986.0,Three Amigos
14686,14961,2003.0,Lord of the Rings: The Return of the King: Extended Edition
14687,14962,1999.0,Kiss Toledo Goodbye
14688,14963,1979.0,Norma Rae
14689,14964,1954.0,Stranger from Venus
14690,14966,1961.0,One Eyed Jacks
14691,14967,1950.0,Night and the City
14692,14968,1950.0,Father of the Bride
14693,14969,1997.0,The Best of the Andy Griffith Show
14694,14970,1995.0,Assassins
14695,14971,1998.0,Bubblegum Crisis Tokyo 2040
14696,14972,1954.0,Brigadoon
14697,14973,1988.0,Tequila Sunrise
14698,14974,2000.0,The League of Gentlemen: Series 2
14699,14975,2000.0,America's National Parks
14700,14976,2002.0,Crazy Little Thing
14701,14977,1984.0,Streets of Fire
14702,14978,1967.0,The Dirty Dozen
14703,14979,1968.0,Rolling Stones: Sympathy for the Devil
14704,14980,2002.0,Angelina Ballerina: The Lucky Penny
14705,14982,2001.0,Intimacy
14706,14983,1967.0,Camelot
14707,14984,2004.0,Billy Connolly: Erect for 30 Years
14708,14985,1998.0,Almost Heroes
14709,14986,2000.0,More Dogs Than Bones
14710,14987,2002.0,Bowling for Columbine: Bonus Material
14711,14988,2000.0,Eat Man '98
14712,14989,2004.0,Yuva
14713,14990,1987.0,Pee-Wee's Playhouse: Vol. 2
14714,14991,2004.0,The Thing Below
14715,14992,2004.0,Freestyle: The Art of Rhyme
14716,14993,1961.0,Human Condition III: A Soldier's Prayer
14717,14994,2005.0,Life of Rayful Edmond: The Rise & Fall 1
14718,14995,1992.0,GWAR: Phallus in Wonderland
14719,14996,1999.0,Blind Date: Uncensored
14720,14997,1953.0,The Captain's Paradise
14721,14998,1985.0,The Mean Season
14722,14999,2003.0,Monster
14723,15000,1987.0,The Big Town
14724,15001,2002.0,Ai Yori Aoshi
14725,15002,1997.0,Frozen
14726,15003,2003.0,Marines
14727,15004,1987.0,Street Smart
14728,15005,1989.0,Cameron's Closet
14729,15006,1985.0,Mishima: A Life in Four Chapters
14730,15007,1980.0,Any Which Way You Can
14731,15008,2005.0,My Big Phat Hip Hop Family
14732,15009,1998.0,The General
14733,15010,2003.0,My House in Umbria
14734,15011,2004.0,Brave New Girl
14735,15012,2001.0,Dog Days
14736,15013,2003.0,Dora the Explorer: Rhymes and Riddles
14737,15014,2003.0,Angel: Season 5
14738,15015,1989.0,Miracle Mile
14739,15016,1928.0,The Passion of Joan of Arc
14740,15017,2002.0,The Glow
14741,15018,1971.0,The Giallo Collection: Short Night of Glass Dolls
14742,15019,1970.0,MASH: Bonus Material
14743,15020,2002.0,Blue Vinyl
14744,15021,1995.0,The Piano Lesson
14745,15022,2004.0,Wishbone: Paw Prints of Thieves
14746,15024,2001.0,Cowboy Up
14747,15025,1999.0,Seventh Sense
14748,15026,1964.0,The Americanization of Emily
14749,15027,2001.0,Midsomer Murders: Who Killed Cock Robin?
14750,15028,2004.0,Boo!
14751,15029,2001.0,The Son's Room
14752,15030,2002.0,The 4th Tenor
14753,15031,1998.0,Sports Night
14754,15032,1959.0,Human Condition I: No Greater Love
14755,15033,1965.0,The Greatest Story Ever Told
14756,15034,2001.0,Heartbreakers
14757,15035,1998.0,Babylon 5: Season 5
14758,15036,1960.0,The Flintstones: Season 1
14759,15037,1951.0,The Day the Earth Stood Still
14760,15038,2003.0,Livin' tha Life
14761,15039,1999.0,A Walk on the Moon
14762,15040,1997.0,Rage Against the Machine
14763,15041,1995.0,Slam Dunk Ernest
14764,15042,1963.0,The Avengers '63
14765,15043,2004.0,Salem's Lot
14766,15044,2001.0,Glitter
14767,15045,2002.0,Yossi & Jagger
14768,15046,1972.0,The Hot Rock
14769,15047,1944.0,The Bridge of San Luis Rey
14770,15048,1991.0,City Slickers
14771,15049,1988.0,Red Dwarf: Series 4: Bonus Material
14772,15050,1999.0,Delta Force One: The Lost Patrol
14773,15051,2005.0,Fighter Pilot: Operation Red Flag
14774,15052,1972.0,Frogs
14775,15053,1991.0,F/X 2
14776,15054,1982.0,Roy Orbison: Live at Austin City Limits
14777,15055,1993.0,Short Cuts
14778,15056,1998.0,Mom's Outta Sight!
14779,15057,1985.0,Witness
14780,15058,1999.0,Notting Hill
14781,15059,1983.0,Boogeyman 2
14782,15060,1999.0,Xena #1: Girls Just Want to Have Fun: Multipath Adventure
14783,15061,1985.0,Night on the Galactic Railroad
14784,15062,1978.0,Grease
14785,15063,2004.0,White Chicks
14786,15064,1988.0,Dangerous Liaisons
14787,15065,1984.0,Black Flag: Live
14788,15066,1982.0,The Draughtsman's Contract
14789,15067,1995.0,The Wayans Bros.: Season 1
14790,15068,1998.0,Phantoms
14791,15069,1991.0,The Presidents Collection: The Democrats
14792,15070,1999.0,Sex and the City: Season 2
14793,15071,1995.0,The Outer Limits: The New Series: Sex and Science Fiction
14794,15072,2004.0,Two Brothers and a Bride
14795,15073,1966.0,The Avengers '66
14796,15074,1973.0,The Baby
14797,15075,2005.0,Rock School
14798,15076,1981.0,Continental Divide
14799,15077,2000.0,Sin Dejar Huella
14800,15078,1995.0,Jumanji
14801,15079,1969.0,H.R. Pufnstuf: The Complete Series
14802,15080,1997.0,One Night Stand
14803,15081,2000.0,The Chieftains: Live Over Ireland: Water from the Well
14804,15082,2003.0,Ed Sullivan: Muppets Magic
14805,15083,2001.0,Mulva: Zombie Ass Kicker! / Filthy McNasty (Double Feature)
14806,15084,1995.0,Leaving Las Vegas
14807,15085,1982.0,The BRD Trilogy: Veronika Voss
14808,15086,1974.0,The World at War
14809,15087,1987.0,Mr. India
14810,15088,1996.0,Yamamoto Yohko: Starship Girl
14811,15089,2000.0,800 Leagues Down the Amazon
14812,15090,2002.0,Pilates Conditioning for Weight Loss
14813,15091,1987.0,Gardens of Stone
14814,15092,1992.0,Annie Lennox: Totally Diva
14815,15093,2003.0,Poolhall Junkies
14816,15094,1996.0,The Stupids
14817,15095,2001.0,Manna from Heaven
14818,15096,2004.0,The Inspector Lynley Mysteries: In Pursuit of the Proper Sinner
14819,15097,2003.0,Blue Citrus Hearts
14820,15098,1995.0,Annie Lennox: Live in Central Park
14821,15099,2003.0,Kangaroo Jack
14822,15100,2003.0,Before We Ruled the Earth: Hunt or Be Hunted
14823,15101,1999.0,Crazy in Alabama
14824,15102,2002.0,World Traveler
14825,15103,2004.0,Bon Jovi: This Left Feels Right: Live
14826,15104,1987.0,Anne of Green Gables: The Sequel
14827,15105,1991.0,My Girl
14828,15106,2003.0,Noam Chomsky: Rebel Without a Pause
14829,15107,2001.0,Ocean's Eleven
14830,15108,1995.0,Witchboard: The Possession
14831,15109,1993.0,Mystery Science Theater 3000: I Accuse My Parents
14832,15110,2004.0,Resident Evil: Apocalypse
14833,15111,1949.0,Film Noir Collection: Killer Bait
14834,15112,1980.0,Midnight Madness
14835,15113,1968.0,Madigan
14836,15114,1980.0,Coal Miner's Daughter: Collector's Edition
14837,15115,1960.0,Horror Hotel
14838,15116,2004.0,Miracle
14839,15117,2001.0,Big Brother and the Holding Company With Janis Joplin: Nine Hundred Nights
14840,15118,2000.0,Lucky Town
14841,15120,2000.0,Voodoo Academy
14842,15121,2003.0,National Geographic: Surviving West Point
14843,15123,1995.0,Godzilla vs. Destroyah / Godzilla vs. Space Godzilla (Double Feature)
14844,15124,1996.0,Independence Day
14845,15125,1994.0,8 Seconds
14846,15126,2001.0,Johnson County War
14847,15127,2002.0,Pokemon Master Quest: Collector's Box: Quest 1
14848,15128,1988.0,1969
14849,15129,1939.0,Mr. Smith Goes to Washington
14850,15130,1968.0,The Best of Rowan & Martin's Laugh-In
14851,15131,1992.0,The Chieftains: An Irish Evening
14852,15132,2000.0,The Dish
14853,15133,1999.0,Resurrection
14854,15134,1986.0,Nothing in Common
14855,15135,2004.0,Striptease: The Greatest Exotic Dancers of All Time
14856,15136,2000.0,Alfred Stieglitz: The Eloquent Eye
14857,15137,1992.0,Dead Alive
14858,15138,1998.0,Great Blunders of WWII
14859,15139,1973.0,Lemora: A Child's Tale of the Supernatural
14860,15140,2001.0,Lightning: Fire from the Sky
14861,15141,1989.0,Tarzan in Manhattan
14862,15142,1980.0,Times Square
14863,15143,1986.0,MacGyver: Season 2
14864,15144,1998.0,Alabama: For the Record: 41 Number One Hits
14865,15145,2004.0,With God on Our Side: George W. Bush and the Rise of the Religious Right in America
14866,15146,1963.0,Beach Party / Bikini Beach
14867,15147,1972.0,Fellini's Roma
14868,15148,2005.0,Genshiken
14869,15149,2004.0,Goo Goo Dolls: Live in Buffalo
14870,15150,1959.0,The Brain That Wouldn't Die
14871,15151,2004.0,Walking Tall
14872,15152,1985.0,Punky Brewster: Season 2
14873,15153,1990.0,Flashback
14874,15154,1999.0,Chill Factor
14875,15155,1988.0,Red Dwarf: Series 2
14876,15156,1993.0,The Firm
14877,15157,2000.0,Amazing Nurse Nanako
14878,15158,2001.0,Driven
14879,15159,1951.0,Dragnet
14880,15160,1966.0,Our Man Flint
14881,15161,2002.0,Eight Crazy Nights: Bonus Material
14882,15162,2000.0,Rage Against the Machine: Live at the Grand Olympic Auditorium
14883,15163,1998.0,The Prince of Egypt
14884,15164,2000.0,The X-Files: Season 8
14885,15165,2002.0,100 Women
14886,15166,2005.0,Descent
14887,15167,2005.0,Raincoat
14888,15168,1999.0,Neil Young: Silver & Gold
14889,15169,1973.0,One Little Indian
14890,15170,2001.0,The Fluffer
14891,15171,1994.0,Wes Craven's New Nightmare
14892,15172,1999.0,Britney Spears: Star Baby Scrapbook
14893,15173,2004.0,10 Minute Solution: Target Toning for Beginners
14894,15175,1971.0,Asylum of Satan / Satan's Children
14895,15176,2002.0,Joint Security Area
14896,15177,1988.0,A Nightmare on Elm Street 4: The Dream Master
14897,15178,2004.0,Starkweather
14898,15179,1981.0,Road Games
14899,15180,1999.0,Suckers
14900,15181,1998.0,Slums of Beverly Hills
14901,15182,2001.0,Saving Silverman
14902,15183,1975.0,MASH: Season 4
14903,15184,2003.0,Angelic Layer
14904,15185,2004.0,Crutch
14905,15186,1997.0,Gummo
14906,15187,2005.0,The Work of Director Jonathan Glazer
14907,15188,2005.0,Childstar
14908,15189,1995.0,The Outer Limits: The New Series: Fantastic Androids & Robots
14909,15190,2000.0,The Sid Caesar Collection: Inside the Writer's Room
14910,15191,2003.0,Figure 17
14911,15192,1982.0,Nature: Reptiles: Snakes and Lizards
14912,15194,2001.0,Killer Bud
14913,15195,1999.0,Dragon Ball Z: Great Saiyaman: Gohan's Secret
14914,15196,2002.0,The Pennsylvania Miners' Story
14915,15197,1994.0,Danielle Steel's Once in a Lifetime
14916,15198,1999.0,Why Dogs Smile and Chimpanzees Cry
14917,15199,2004.0,Wild Side
14918,15200,1995.0,The Quick and the Dead
14919,15201,1982.0,The Atomic Cafe
14920,15202,1969.0,Kill!
14921,15203,2002.0,Point of Origin
14922,15204,1987.0,North Shore
14923,15205,2004.0,The Day After Tomorrow
14924,15206,2000.0,Outlaw Star: Vol. 3
14925,15207,1999.0,Sidney Poitier: One Bright Light
14926,15208,2004.0,Chop Socky: Cinema Hong Kong
14927,15209,1993.0,Dazed and Confused
14928,15210,2002.0,A.M. and P.M. Yoga
14929,15211,2000.0,The Filth and the Fury: A Sex Pistols Film
14930,15212,2003.0,Sasquatch
14931,15213,1999.0,Sonic the Hedgehog: The Movie
14932,15214,1961.0,Il Posto
14933,15215,2003.0,Pollyanna
14934,15216,2000.0,Circus
14935,15217,2005.0,Baki the Grappler
14936,15219,1975.0,Walking Tall: Part II
14937,15220,2001.0,The Cliburn: Playing on the Edge
14938,15221,2002.0,The Third Wheel
14939,15222,1986.0,The Guyver
14940,15223,2001.0,Osmosis Jones
14941,15224,2000.0,Screwed
14942,15225,2004.0,Curious George Rides a Bike
14943,15226,2002.0,Sopranos Unauthorized: Shooting Sites Uncovered
14944,15227,1999.0,A Paradise Under the Stars
14945,15228,1978.0,House Calls
14946,15229,1979.0,All Creatures Great and Small: Series 2
14947,15230,1994.0,The Ultimate Beginner Series: Electric Guitar Basics
14948,15231,1998.0,Ruth Rendell: Road Rage
14949,15232,2004.0,Gokusen
14950,15233,2001.0,Zoolander
14951,15234,2000.0,Red Planet
14952,15235,2003.0,Fellini: I'm a Born Liar
14953,15236,2002.0,The Magnificent Ambersons
14954,15237,2001.0,The Forsaken
14955,15238,1998.0,Ishq
14956,15239,1978.0,Autumn Sonata
14957,15240,1975.0,The Naughty Stewardesses
14958,15241,1957.0,Kiss Them for Me
14959,15242,2000.0,Mifune
14960,15243,2001.0,High Heels and Low Lifes
14961,15244,1988.0,My Stepmother is an Alien
14962,15245,1996.0,Hetty Wainthropp Investigates: Series 1
14963,15246,1992.0,Alien 3: Collector's Edition
14964,15247,2003.0,Consequence
14965,15248,1983.0,The Key: Special Edition
14966,15249,2003.0,Battlefield Baseball
14967,15250,1938.0,Alexander Nevsky
14968,15251,2003.0,Crank Yankers: Season 2: Vol. 1
14969,15252,1985.0,That Was Then .. This is Now
14970,15253,1970.0,The Great White Hope
14971,15254,2000.0,You Are Here
14972,15255,2002.0,e-Dreams
14973,15256,1990.0,The Russia House
14974,15257,1997.0,Lost Highway
14975,15258,1987.0,Sam Kinison: Family Entertainment Hour
14976,15259,1964.0,Strait Jacket
14977,15260,2001.0,The Million Dollar Hotel
14978,15261,1947.0,Railroaded
14979,15262,2003.0,K-Hole
14980,15263,1993.0,Mystery Science Theater 3000: Mr. B's Lost Shorts
14981,15264,1941.0,Penny Serenade
14982,15265,1972.0,Napoleon & Samantha
14983,15266,1999.0,The Blood Oranges
14984,15267,1998.0,Babylon 5: In the Beginning
14985,15268,1985.0,The Hills Have Eyes 2
14986,15269,1989.0,Mystery Science Theater 3000: The Crawling Hand
14987,15270,1997.0,The Pretender: Season 2
14988,15271,1998.0,Paul Taylor: Dancemaker
14989,15272,1990.0,Wild Orchid
14990,15273,1982.0,The Irish R.M.: Series 1
14991,15275,1983.0,Harmagedon
14992,15276,2003.0,The Land Before Time X: The Great Longneck Migration
14993,15277,1997.0,Night Falls on Manhattan
14994,15278,1988.0,Degrassi Junior High: Season 2
14995,15279,1964.0,Paris When it Sizzles
14996,15280,1983.0,Eurythmics: Sweet Dreams
14997,15281,1995.0,Blue Seed
14998,15282,1993.0,Sharpe 1: Sharpe's Rifles
14999,15283,1983.0,Pauline at the Beach
15000,15284,2000.0,Amazing Earth
15001,15285,1984.0,Missing in Action
15002,15286,1996.0,Diabolique
15003,15287,2003.0,Sex and the Single Mom
15004,15288,2002.0,Vovochka
15005,15289,1970.0,Joe
15006,15290,1996.0,The Watermelon Woman
15007,15291,1984.0,'Allo 'Allo!: Series 1
15008,15292,1998.0,Nazca: Blood Rivals
15009,15293,1948.0,The Best of Bud Abbott & Lou Costello: Vol. 3
15010,15294,1978.0,George Carlin Again!
15011,15295,2004.0,Trauma
15012,15296,2001.0,Band of Brothers
15013,15297,1984.0,Fists and Guts
15014,15298,1990.0,Crazy People
15015,15299,2003.0,Deep Shock
15016,15300,1953.0,Calamity Jane
15017,15301,1949.0,Whirlpool
15018,15302,2002.0,Smokers Only
15019,15303,1952.0,Umberto D.
15020,15304,1979.0,The Wanderers
15021,15305,1996.0,Eddie Izzard: Definite Article
15022,15306,2003.0,Sealab 2021: Season 3
15023,15307,1996.0,The Best of Friends: Season 3
15024,15308,2001.0,The Last Warrior
15025,15309,1990.0,Darkman
15026,15310,1990.0,French & Saunders: Gentlemen Prefer French & Saunders
15027,15311,1962.0,Follow That Dream
15028,15312,2002.0,Carl Perkins and Friends
15029,15313,2004.0,In Enemy Hands
15030,15314,2004.0,The End of Suburbia
15031,15315,1956.0,Around the World in 80 Days: Special Edition
15032,15316,2000.0,Monarch of the Glen: Series 1
15033,15317,1993.0,Red Rock West
15034,15318,1925.0,Tumbleweeds
15035,15319,2000.0,Directors: Barbra Streisand
15036,15320,2000.0,Lord Stanley's Cup: Hockey's Ultimate Prize
15037,15321,2001.0,The Bernie Mac Show: Season 1
15038,15322,1998.0,Xena: Warrior Princess: Season 4
15039,15323,1994.0,The Cool and the Crazy
15040,15324,2004.0,The Aviator: Bonus Material
15041,15325,1971.0,Plaza Suite
15042,15326,1965.0,Alley Cats
15043,15327,1998.0,Wiseguy: Prey for the City
15044,15328,2001.0,The Seagull's Laughter
15045,15329,1986.0,Raw Deal
15046,15330,1957.0,Kronos
15047,15331,1932.0,The Bela Lugosi Collection: Murders in Rue Morgue / The Black Cat / The Raven
15048,15332,1943.0,A Lady Takes a Chance
15049,15334,1973.0,Don't Look Now
15050,15335,1983.0,Never Cry Wolf
15051,15336,1994.0,Highlander 3: The Final Dimension
15052,15337,2001.0,Sound of the Sea
15053,15338,1935.0,Barbary Coast
15054,15339,1999.0,Three Kings
15055,15340,1992.0,Trial
15056,15341,1997.0,Godmoney
15057,15342,1991.0,What About Bob?
15058,15343,2000.0,Uzumaki
15059,15344,1994.0,Aftermath / Genesis: Double Feature
15060,15345,2003.0,Intolerable Cruelty
15061,15346,1988.0,Return of the Killer Tomatoes
15062,15347,1993.0,House of Cards
15063,15348,2003.0,V-Day: Until the Violence Stops
15064,15349,2001.0,Octopus 2: River of Fear
15065,15350,1999.0,WWF: Hell Yeah: Stone Cold's Saga Continues
15066,15351,1972.0,Superfly
15067,15352,2002.0,Fidel: The Castro Project
15068,15353,1945.0,Sherlock Holmes: The House of Fear
15069,15354,2003.0,In Search of Shakespeare
15070,15355,1995.0,Foreign Land
15071,15356,1992.0,Last Hero In China
15072,15357,1966.0,Mondo Bizarro / Mondo Freudo: Double Feature
15073,15358,1996.0,Killer Condom
15074,15359,1942.0,To Be or Not To Be
15075,15360,2003.0,Journey: Greatest Hits DVD 1978-1997
15076,15361,2001.0,Iris
15077,15362,1986.0,Friday the 13th: Part 6: Jason Lives
15078,15363,1995.0,Xena: Warrior Princess: Season 1
15079,15364,2000.0,The Guilty
15080,15365,1991.0,Flight of the Intruder
15081,15366,1982.0,The Thing
15082,15367,1974.0,A Woman Under the Influence
15083,15368,1998.0,Blackjack
15084,15369,2003.0,Cheerleader Ninjas
15085,15370,1980.0,The Apple
15086,15371,1979.0,Murder by Decree
15087,15373,2001.0,The One
15088,15374,1973.0,Sigmund and the Sea Monsters
15089,15375,1996.0,The Preacher's Wife
15090,15376,2004.0,Best Motoring: Fuji Fast!
15091,15377,1998.0,Deep Rising
15092,15378,1989.0,Mystery Train
15093,15379,2004.0,Suburban Madness
15094,15380,2004.0,Silver Hawk
15095,15381,1999.0,The Insider
15096,15382,2000.0,Sam Kinison: Breaking the Rules
15097,15383,1993.0,Jack the Bear
15098,15384,1934.0,The Chronological Donald: Vol. 1
15099,15385,1997.0,Amistad
15100,15386,1998.0,Martian Successor Nadesico: The Motion Picture: Prince of Darkness
15101,15387,1990.0,Stanley & Iris
15102,15388,1987.0,Critical Condition
15103,15389,1993.0,The Bride with White Hair
15104,15390,1987.0,Eric Clapton & Friends: Live 1986
15105,15391,1998.0,Dead Silence
15106,15392,1971.0,All in the Family: Season 1
15107,15393,1999.0,Big Daddy
15108,15394,2000.0,Traffic
15109,15395,2000.0,Unknown Peter Sellers
15110,15396,1986.0,Dragon Ball: King Piccolo Saga: Part 1
15111,15397,1989.0,The Trial of the Incredible Hulk
15112,15398,1993.0,Dragon Half
15113,15399,2002.0,100 Mile Rule
15114,15400,2000.0,Dragon Ball Z: Androids
15115,15402,1995.0,Madame Butterfly
15116,15403,2005.0,Balto 3: Wings of Change
15117,15404,2000.0,Dark Days
15118,15406,1991.0,The House of Eliott: Series 1
15119,15407,2000.0,Harold Robbins' Body Parts
15120,15408,1973.0,Schoolhouse Rock!: Special 30th Anniversary Edition: Bonus Material
15121,15409,2004.0,Eurotrip
15122,15410,2002.0,The Dancer Upstairs
15123,15411,1972.0,Fat Albert's Greatest Hits: The Ultimate Collection
15124,15412,2002.0,Mango Souffle
15125,15413,2004.0,Miss Cast Away and the Island Girls
15126,15414,2001.0,The Mangler 2
15127,15415,1984.0,Thief of Hearts
15128,15417,2003.0,Stander
15129,15418,2003.0,Weird Al Yankovic: The Ultimate Video Collection
15130,15419,1998.0,Profiler: Season 3
15131,15420,1995.0,Flamenco
15132,15421,1995.0,Sense and Sensibility
15133,15422,1985.0,Fletch
15134,15423,2003.0,Dragon Ball Z: Garlic Jr.
15135,15425,1998.0,The Big Lebowski
15136,15426,1995.0,Michael Jackson: Video Greatest Hits: History #2
15137,15427,2001.0,Girl from Rio
15138,15428,2003.0,The Last Samurai: Bonus Material
15139,15429,1981.0,The Fox and the Hound
15140,15430,1999.0,The Acid House
15141,15431,1954.0,Creature from the Black Lagoon: Special Edition
15142,15432,2003.0,Cenizas del Paraiso
15143,15433,1992.0,Bikini Summer 2
15144,15434,2001.0,In the Shadows
15145,15435,2004.0,Dean Martin: The One and Only
15146,15436,1998.0,A Perfect Murder
15147,15437,2002.0,South Park: Season 6
15148,15438,2004.0,The Off Season
15149,15439,1979.0,Erotica
15150,15440,1995.0,Just Cause
15151,15441,1987.0,Boyfriends & Girlfriends
15152,15442,1994.0,Bjork: MTV: Unplugged & Live
15153,15443,1983.0,Superman III
15154,15444,1995.0,The Indian in the Cupboard
15155,15445,1986.0,Ruthless People
15156,15446,2001.0,Black Point
15157,15447,1989.0,Valmont
15158,15448,2000.0,The Opponent
15159,15449,2005.0,Man of the House
15160,15450,2001.0,The Man Who Wasn't There
15161,15451,1981.0,SCTV Network 90: Vol. 1
15162,15452,2003.0,Guns N' Roses: Welcome to the Videos
15163,15453,1992.0,Robert Johnson: The Search for Robert Johnson
15164,15454,2001.0,Slap Shot 2: Breaking the Ice
15165,15455,1993.0,Point of No Return
15166,15456,1926.0,The Black Pirate
15167,15457,2003.0,Jeff Foxworthy: You Might Be a Redneck / Check Your Neck
15168,15458,1980.0,Shakespeare Comedies: The Taming of the Shrew
15169,15459,2001.0,Spider's Web
15170,15460,1970.0,A Man Called Horse
15171,15461,1991.0,The Allman Brothers Band: Live at Great Woods
15172,15462,1991.0,Queens Logic
15173,15463,1997.0,Touching Evil: Series 1
15174,15464,2001.0,Further Tales of the City
15175,15465,1980.0,Friday the 13th
15176,15466,1998.0,Firestorm
15177,15467,2003.0,Jhankaar Beats
15178,15468,1997.0,Mahalia Jackson: The Power and the Glory
15179,15469,1999.0,Steel Angel Kurumi
15180,15470,1986.0,Hot Shot
15181,15471,2003.0,Phone Booth
15182,15472,1996.0,Ransom
15183,15473,1993.0,Hot Shots! Part Deux
15184,15474,2001.0,Rock Star
15185,15475,1943.0,The Ox-Bow Incident
15186,15476,1998.0,Secrets of War: Vietnam
15187,15477,2000.0,Girlfight
15188,15478,2002.0,Manchild: The Complete First Season
15189,15479,2000.0,Hamara Dil Aapke Paas Hai
15190,15480,2004.0,Farscape: The Peacekeeper Wars: Bonus Material
15191,15481,2001.0,See Spot Run
15192,15482,2003.0,Madea's Class Reunion
15193,15483,2001.0,Texas Rangers
15194,15484,2004.0,Love's Enduring Promise
15195,15485,1995.0,The Pebble and the Penguin
15196,15486,2001.0,Sesame Street: Elmo's World: Wild Wild West
15197,15487,1985.0,Highway to Heaven: Season 2
15198,15488,1997.0,Vaudeville
15199,15489,1957.0,Mother India
15200,15490,2004.0,This Old Cub
15201,15491,1984.0,Racing with the Moon
15202,15492,2002.0,The Pilot's Wife
15203,15493,2000.0,Sidewalks of New York
15204,15494,1963.0,The Mouse on the Moon
15205,15495,2002.0,The Fraternity
15206,15496,1969.0,Easy Rider
15207,15497,2001.0,Bride of the Wind
15208,15498,1995.0,Magic Knight Rayearth 2
15209,15499,1975.0,Animals Are Beautiful People
15210,15500,2001.0,Gilmore Girls: Season 2
15211,15501,1985.0,Dance with a Stranger
15212,15502,1997.0,Dance with the Devil
15213,15504,1930.0,Murder!
15214,15505,1997.0,Moon Over Broadway
15215,15506,2001.0,I Love You Baby
15216,15507,1945.0,State Fair
15217,15508,1994.0,Dead Tired
15218,15509,2004.0,Entourage: Season 1
15219,15510,1999.0,Bad Trip
15220,15511,2002.0,Last Orders
15221,15512,2001.0,Mindstorm
15222,15513,2004.0,Facing Windows
15223,15514,2002.0,Behind the Red Door
15224,15515,1998.0,Belly
15225,15516,1992.0,Sarafina!
15226,15517,2001.0,How to Kill Your Neighbor's Dog
15227,15518,1995.0,Kavanagh Q.C.: Mute of Malice
15228,15519,1980.0,House on the Edge of the Park
15229,15520,2005.0,Michael & Me
15230,15521,2004.0,Without Conscience
15231,15522,2004.0,The Winning Season
15232,15523,2004.0,The Inspector Lynley Mysteries: A Traitor to Memory
15233,15524,2001.0,A Woman's a Helluva Thing
15234,15525,1979.0,H.O.T.S.
15235,15526,1985.0,Live Aid
15236,15527,1999.0,Golfballs!
15237,15528,2003.0,The Hulk: Bonus Material
15238,15529,1997.0,Money Talks
15239,15530,1992.0,Howards End
15240,15531,1996.0,Courage Under Fire
15241,15532,1999.0,She's All That
15242,15533,2004.0,Jay-Z: Fade to Black
15243,15534,2001.0,Inu-Yasha: The Movie: Affections Touching Across Time
15244,15535,1999.0,Mysteries of the Deep: Legendary Shipwrecks: Lost Ships of the Mediterranean
15245,15536,2004.0,Decasia: The State of Decay
15246,15537,1949.0,Impact
15247,15538,2004.0,Fullmetal Alchemist
15248,15539,2002.0,Suicide Club
15249,15540,1989.0,Born on the Fourth of July
15250,15541,1994.0,Bloodfist 6: Ground Zero
15251,15542,1994.0,Legend of the Red Dragon
15252,15543,2004.0,Nature: Sharks
15253,15544,2004.0,Head-On
15254,15545,1997.0,Selena
15255,15546,1998.0,The Real Blonde
15256,15547,1999.0,Fortress 2
15257,15548,1969.0,H.R. Pufnstuf
15258,15549,2000.0,The Skulls
15259,15550,1987.0,Hello Kitty Becomes a Princess
15260,15551,1953.0,Beneath the 12-Mile Reef
15261,15552,1932.0,The Three Stooges: Greatest Hits & Rarities
15262,15553,2001.0,Promises
15263,15554,1999.0,Mystery Science Theater 3000: Boggy Creek II: And the Legend Continues
15264,15555,2003.0,Duplex (Full-screen)
15265,15556,1967.0,Weekend
15266,15557,1999.0,Futurama: Vol. 3
15267,15558,2001.0,All About Lily Chou-Chou
15268,15559,1980.0,The Grim Reaper
15269,15560,2000.0,Turbulence 3: Heavy Metal (Special Edition)
15270,15561,1996.0,VeggieTales: The Toy That Saved Christmas
15271,15562,2000.0,XChange
15272,15563,2003.0,Mona Lisa Smile
15273,15564,2003.0,Looney Tunes: Stranger Than Fiction
15274,15565,1978.0,Dawn of the Dead: Documentaries
15275,15566,2000.0,Eye of the Killer
15276,15567,1987.0,Grateful Dead: Ticket to New Year's
15277,15568,1984.0,Cheers: Season 3
15278,15569,1985.0,Miss Marple Mysteries: A Pocketful of Rye
15279,15570,1999.0,Passport to Paris
15280,15571,2001.0,Johnny Cash: The Anthology
15281,15572,2004.0,Tsukihime Lunar Legend
15282,15573,2005.0,Rise of the Undead
15283,15574,1994.0,Marmalade Boy: Ultimate Scrapbook: Vol. 2
15284,15575,1951.0,Royal Wedding
15285,15576,1994.0,Bad Girls
15286,15577,2001.0,Ski Movie II: High Society
15287,15578,1996.0,Black Sheep
15288,15579,1999.0,Sheryl Crow: Rockin' the Globe Live
15289,15580,1999.0,Robbie the Reindeer in Hooves of Fire and the Legend of the Lost Tribe
15290,15581,1973.0,Detroit 9000
15291,15582,2002.0,Sweet Home Alabama
15292,15583,1983.0,Beethoven: Symphony No. 9: Karajan
15293,15584,2003.0,Rugrats All Grown Up: Growing Up Changes Everything
15294,15585,2001.0,Ajnabee
15295,15586,1993.0,A Man in Uniform
15296,15587,2005.0,Mythical Detective Loki Ragnarok
15297,15588,1998.0,Reagan: American Experience
15298,15589,1959.0,Classic Sci-Fi Movies: In the Year 2889 / They Came From Beyond Space / Teenagers From Outer Space
15299,15590,2002.0,Jam Miami: A Celebration of Latin Jazz
15300,15591,2001.0,Extreme Days
15301,15592,1994.0,Camp Nowhere
15302,15593,1965.0,Color Me Blood Red
15303,15594,1972.0,MASH: Season 1
15304,15595,2001.0,The Omen Legacy
15305,15596,2001.0,Irresponsible Captain Tylor OVA
15306,15597,1985.0,Day of the Dead
15307,15598,1999.0,The Basket
15308,15599,1974.0,The Front Page
15309,15600,2004.0,Lakshya
15310,15601,1996.0,Gotti
15311,15602,2002.0,U.S. Seals: Dead or Alive
15312,15603,1980.0,Young Master
15313,15604,1991.0,Robert Townsend: Partners in Crime: Vol. 3
15314,15605,2000.0,The Life and Times of Steve Marriott
15315,15606,1988.0,Alien from L.A.
15316,15607,1925.0,Earth / The End of St. Petersburg / Chess Fever: Triple Feature
15317,15608,1972.0,The Bitter Tears of Petra Von Kant
15318,15609,2001.0,South Park: Season 5
15319,15610,1981.0,The Prowler
15320,15611,2001.0,Up Against Amanda
15321,15612,2002.0,Ray Charles: Live at the Montreux Jazz Festival
15322,15613,1948.0,A Connecticut Yankee in King Arthur's Court / The Emperor Waltz: Double Feature
15323,15614,1988.0,Lemon Sky
15324,15615,2002.0,Tony Hawk's Gigantic Skatepark Tour 2002
15325,15616,1996.0,All Dogs Go to Heaven 2
15326,15617,1996.0,Hype
15327,15618,2005.0,Fairly Oddparents: School's Out! The Musical
15328,15619,1987.0,House II: The Second Story
15329,15620,2002.0,Hell's Gate
15330,15621,1999.0,Time Out With Britney Spears
15331,15622,1994.0,The Ultimate Beginner Series: Acoustic Guitar Basics
15332,15623,1997.0,Painted Lady (Masterpiece Theatre)
15333,15624,1996.0,Cosi
15334,15626,2000.0,Taal
15335,15627,1981.0,Excalibur
15336,15628,1976.0,Car Wash
15337,15629,2004.0,The Place Promised in Our Early Days
15338,15630,1982.0,T.J. Hooker: Seasons 1 & 2
15339,15631,1983.0,Christine: Special Edition
15340,15632,1998.0,Lou Reed: Rock & Roll Heart
15341,15633,2000.0,The Thin Blue Lie
15342,15634,1974.0,Where the Red Fern Grows
15343,15635,2004.0,Frog-g-g!
15344,15636,1991.0,Beauty and the Beast: Special Edition: Bonus Material
15345,15637,2000.0,Cartoon Crazys: Banned and Censored
15346,15638,1980.0,Caught on a Train
15347,15639,1998.0,Gundam Movie II
15348,15640,1994.0,Wild Reeds
15349,15641,2003.0,A Separate Peace
15350,15642,1991.0,Servants of Twilight
15351,15643,1987.0,The Secret Garden
15352,15644,1998.0,Bobby Darin: Beyond the Song
15353,15645,1961.0,Homicidal
15354,15646,2004.0,Lemony Snicket's A Series of Unfortunate Events
15355,15647,1987.0,Creepshow 2
15356,15648,2002.0,National Geographic: Dinosaur Hunters: Secrets of the Gobi Desert
15357,15649,1934.0,Of Human Bondage
15358,15650,1996.0,Ullathai Allitha
15359,15651,1997.0,Oliver Twist
15360,15652,2002.0,Brainy Baby: ABC's
15361,15653,1999.0,Charlotte Church: Voice of an Angel in Concert
15362,15654,2004.0,Parasite Dolls
15363,15655,1994.0,Lonesome Dove: The Series
15364,15656,1939.0,Bela Lugosi: The Gorilla / Nabonga
15365,15657,1995.0,Dead Man
15366,15658,1992.0,Renegade: Season 1
15367,15660,1999.0,Seducing Maarya
15368,15661,2002.0,The End Times
15369,15662,1984.0,The Killing Fields
15370,15663,1983.0,Rumpole of the Bailey: Series 3
15371,15664,1987.0,I've Heard the Mermaids Singing
15372,15665,2002.0,Globe Trekker: Brazil
15373,15666,1994.0,Boy Meets World: Season 2
15374,15667,1996.0,Mother Night
15375,15668,1947.0,The Paradine Case
15376,15669,1997.0,A Smile Like Yours
15377,15670,2002.0,L.A. Law: The Movie
15378,15671,1987.0,The Running Man
15379,15672,1991.0,Golden Years
15380,15673,1996.0,The Italians
15381,15674,1999.0,Arlington Road
15382,15675,1995.0,Anne Frank Remembered
15383,15676,1946.0,Sherlock Holmes: Terror by Night
15384,15677,1998.0,Pecker
15385,15678,1990.0,Backtrack
15386,15679,1994.0,Clerks: Bonus Material
15387,15680,2001.0,Sagwa: Feline Friends and Family
15388,15681,1997.0,Butch Camp
15389,15682,2003.0,Puff the Magic Dragon / Gulliver's Travels
15390,15683,2002.0,American Dreams: Season 1
15391,15684,2000.0,Jeff Foxworthy's Comedy Classics
15392,15685,1995.0,Bye Bye Love
15393,15686,1972.0,The Heartbreak Kid
15394,15687,2004.0,Vampiyaz
15395,15688,1976.0,The Cheerleaders Collection: Revenge of the Cheerleaders
15396,15689,1994.0,The Best of Friends: Vol. 1
15397,15690,1974.0,The Pallisers
15398,15691,2001.0,Elmo's Magic Cookbook
15399,15692,1966.0,Gilligan's Island: Season 3
15400,15693,1988.0,In the Line of Duty 3
15401,15694,2000.0,Steely Dan: Two Against Nature
15402,15695,1973.0,Shamus
15403,15696,1954.0,Demetrius and the Gladiators
15404,15697,1997.0,Future War
15405,15698,1995.0,Fair Game
15406,15699,1995.0,Star Trek: Voyager: Season 2
15407,15700,1988.0,The Land Before Time
15408,15701,1967.0,Dark Shadows: Vol. 2
15409,15702,1977.0,Close Encounters of the Third Kind
15410,15703,1995.0,Buffalo Girls
15411,15704,2003.0,Janice Beard: 45 WPM
15412,15705,1971.0,Persuasion
15413,15706,1989.0,Going Overboard
15414,15707,2000.0,The Debut
15415,15708,2005.0,Garfield: Travel Adventures
15416,15709,2002.0,National Geographic: The Search for Kennedy's PT 109
15417,15710,1994.0,Lassie
15418,15711,2001.0,Failan
15419,15712,2003.0,Cradle 2 the Grave
15420,15713,1946.0,Monsieur Beaucaire / Where There's Life: Double Feature
15421,15714,1999.0,Wild Zero
15422,15715,2002.0,Real Women Have Curves
15423,15716,1977.0,Three's Company: Season 2
15424,15717,1971.0,Elizabeth R
15425,15718,1977.0,Desperate Living
15426,15719,1950.0,The Rocking Horse Winner
15427,15720,2003.0,Barbie of Swan Lake
15428,15721,2004.0,Krav Maga: Basic Combatives
15429,15722,1974.0,Claudine
15430,15723,1982.0,Q: The Winged Serpent
15431,15724,1950.0,Rio Grande
15432,15725,1981.0,Take This Job and Shove It
15433,15726,1999.0,Jane's Addiction: Three Days
15434,15727,1998.0,Star Trek: Deep Space Nine: Season 7
15435,15728,2000.0,Dead Creatures
15436,15729,1961.0,The Twilight Zone: Vol. 7
15437,15730,1997.0,The Peacemaker
15438,15731,2002.0,Roxy Music: Live at the Apollo
15439,15732,2002.0,Scooby-Doo! Winter Wonder Dog
15440,15733,1996.0,Welcome to the Dollhouse
15441,15734,1997.0,Six Ways to Sunday
15442,15735,1995.0,Poirot: Murder on the Links
15443,15736,2003.0,Raising Victor Vargas
15444,15737,1982.0,Dario Argento Collection: Vol. 3: Tenebre
15445,15738,1994.0,Silent Fall
15446,15739,2004.0,I Am David
15447,15740,2003.0,Paul Westerberg: Come Feel Me Tremble
15448,15741,1987.0,Burglar
15449,15742,1963.0,Four for Texas
15450,15743,1995.0,Jefferson in Paris
15451,15744,1955.0,The Indian Fighter
15452,15745,1999.0,The King and I (Animated)
15453,15746,2001.0,Vandread: Second Stage
15454,15747,1999.0,Mr. Death: The Rise and Fall of Fred A. Leuchter Jr.
15455,15748,1998.0,Bulworth
15456,15749,1982.0,Slumber Party Massacre
15457,15750,2004.0,FahrenHYPE 9/11
15458,15751,1983.0,Style Wars
15459,15752,2002.0,Tom Green: Subway Monkey Hour
15460,15753,1950.0,Annie Get Your Gun
15461,15754,1997.0,Breaking Up
15462,15755,1988.0,Big
15463,15756,2004.0,Pride
15464,15757,1996.0,Temptress Moon
15465,15758,1984.0,Amadeus
15466,15759,1994.0,Cabin Boy
15467,15760,1996.0,100 Years of Horror
15468,15761,1961.0,The Nude Set
15469,15762,1959.0,I'm All Right Jack
15470,15763,2004.0,Six: The Mark Unleashed
15471,15765,1982.0,Things Are Tough All Over
15472,15767,1979.0,Dukes of Hazzard: TV Favorites
15473,15768,2000.0,The Simpsons: Christmas 2
15474,15769,1987.0,Raw
15475,15770,1987.0,The Way Things Go
15476,15771,1986.0,The Manhattan Transfer: Vocalese Live
15477,15772,2000.0,Kikujiro
15478,15773,2003.0,Aqua Teen Hunger Force: Vol. 3
15479,15774,2004.0,Highwaymen
15480,15775,1983.0,Brainwaves
15481,15776,2004.0,Who Killed Bambi?
15482,15777,2001.0,Friends: Season 8
15483,15778,1969.0,The Gypsy Moths
15484,15779,1997.0,Space Truckers
15485,15780,1977.0,Grand Theft Auto
15486,15781,2002.0,A Shot at Glory
15487,15782,1988.0,Diary of a Big Man
15488,15783,2001.0,Rum and Coke
15489,15784,2003.0,Dead Like Me: Season 1
15490,15785,1997.0,Mystery of the Maya: IMAX
15491,15786,1957.0,Wild Strawberries
15492,15787,2003.0,My Life Without Me
15493,15788,2003.0,Matchstick Men
15494,15789,1972.0,Reincarnation of Isabel
15495,15790,1996.0,Survival Island: IMAX
15496,15791,1989.0,Vampire's Kiss
15497,15792,2003.0,National Geographic: Everest: 50 Years on the Mountain
15498,15793,2005.0,The Girl Who Shagged Me
15499,15794,1977.0,Walking Tall: The Final Chapter
15500,15795,1975.0,Smile
15501,15797,1986.0,Psycho III
15502,15798,1997.0,Love! Valour! Compassion!
15503,15799,1997.0,Telling Lies in America
15504,15800,1993.0,Iron Monkey
15505,15801,1999.0,After Stonewall
15506,15802,1944.0,Laura
15507,15803,1999.0,Summer of Sam
15508,15804,1958.0,Separate Tables
15509,15805,2001.0,Diamond Men
15510,15806,1982.0,Young Doctors in Love
15511,15807,1944.0,Arsenic and Old Lace
15512,15808,1996.0,Citizen Ruth
15513,15809,2004.0,Legendary Victor Borge
15514,15810,1964.0,Godzilla vs. Mothra
15515,15811,1989.0,True Love
15516,15812,1976.0,Small Change
15517,15813,1999.0,Forces of Nature
15518,15814,1941.0,Suspicion
15519,15815,2002.0,Changing Lanes
15520,15816,1998.0,Ronin
15521,15817,2000.0,The Corner
15522,15818,1998.0,The Mask of Zorro
15523,15819,1978.0,What's Happening!!: Season 3
15524,15820,2003.0,Love Don't Cost a Thing
15525,15821,1994.0,Highlander: Counterfeit
15526,15822,2004.0,Dragon Storm
15527,15823,2000.0,Benny Goodman: Adventures in the Kingdom of Swing
15528,15824,1970.0,The Decameron
15529,15825,1984.0,Dreamscape: Special Edition
15530,15826,1996.0,Twelfth Night
15531,15827,1993.0,Only the Strong
15532,15828,2004.0,Platinum Comedy Series: Adele Givens
15533,15829,2001.0,Bubble Boy
15534,15830,1990.0,The Gods Must Be Crazy 2
15535,15831,1996.0,The Other Side of Sunday
15536,15832,2003.0,Steve-O Video Vol. 3: Out on Bail
15537,15833,2001.0,Instinct to Kill
15538,15834,2004.0,Paternal Instinct
15539,15835,2004.0,Animusic: A Computer Animation Video Album
15540,15836,1979.0,MASH: Season 8
15541,15837,2004.0,The Manson Family
15542,15838,1999.0,Dr. Jekyll & Mr. Hyde
15543,15839,2004.0,Slavery & the Making of America
15544,15840,2001.0,The Princess Blade
15545,15841,1979.0,Watership Down
15546,15842,1998.0,I'm Losing You
15547,15843,2002.0,Blue Crush
15548,15844,2000.0,Remember the Titans
15549,15845,2001.0,The Map of Sex and Love
15550,15846,1961.0,A Raisin in the Sun
15551,15847,1999.0,Hunter's Moon
15552,15848,2004.0,NASCAR: The IMAX Experience
15553,15849,1995.0,A Pyromaniac's Love Story
15554,15850,1995.0,Leprechaun 3
15555,15851,2003.0,Word of Honor
15556,15852,1991.0,Red Green: Stuffed and Mounted 6
15557,15853,2002.0,Resident Evil
15558,15854,2004.0,Skinned Deep
15559,15855,2002.0,Cadet Kelly
15560,15856,1949.0,All the King's Men
15561,15857,1972.0,Fat Albert and the Cosby Kids
15562,15858,1966.0,A Man for All Seasons
15563,15859,1988.0,Arthur 2: On the Rocks
15564,15860,2001.0,Chandni Bar
15565,15861,2001.0,CSI: Season 2
15566,15862,1954.0,A Star Is Born
15567,15863,1980.0,Lee Ritenour & Friends: Live from the Coconut Grove: Vols. 1 & 2
15568,15864,2000.0,A Matter of Taste
15569,15865,2001.0,Amelie: Bonus Material
15570,15866,1999.0,Iris Blond
15571,15867,2003.0,Dracula II: Ascension
15572,15868,1937.0,The Awful Truth
15573,15869,1940.0,Broadway Melody of 1940
15574,15870,1967.0,Anna Karenina
15575,15871,2005.0,Herbie: Fully Loaded
15576,15872,1972.0,Sanford and Son: Season 2
15577,15873,2005.0,Mickey and the Beanstalk
15578,15874,1996.0,Joyride
15579,15875,1996.0,Up Close & Personal
15580,15876,1980.0,Cheech & Chong's Next Movie
15581,15877,2002.0,Embrace the Darkness 3
15582,15878,1958.0,The Rifleman: TV Classic
15583,15879,1998.0,Joni Mitchell: Painting with Words and Music
15584,15880,2000.0,Traffic: Bonus Material
15585,15881,2000.0,When It Was a Game 3
15586,15882,2004.0,I'll Be Seeing You
15587,15883,1997.0,National Geographic: Tigers of the Snow
15588,15884,1969.0,The Gay Deceivers
15589,15885,1988.0,Alien Nation
15590,15886,2002.0,Space Station: IMAX
15591,15887,2004.0,Van Helsing
15592,15888,2002.0,Comic Book Villains
15593,15889,2001.0,I'm Going Home
15594,15890,1987.0,The Brave Little Toaster
15595,15891,1988.0,Inspector Morse 5: Last Seen Wearing
15596,15892,2002.0,Everwood: Season 1
15597,15893,1981.0,Heavy Metal
15598,15894,1998.0,The Siege
15599,15895,2004.0,When Beckham Met Owen
15600,15896,1916.0,Chaplin Mutuals: Vol. 3
15601,15897,1995.0,The Thin Blue Line: The Complete Lineup
15602,15898,2002.0,I Am Trying to Break Your Heart: A Film About Wilco
15603,15899,2001.0,Quitting
15604,15900,2005.0,Everybody Loves Raymond: The Series Finale
15605,15901,1987.0,Blind Date
15606,15902,2003.0,Blue Collar Comedy Tour: The Movie
15607,15903,2004.0,Trekkies 2
15608,15904,1987.0,Hello Kitty Saves the Day
15609,15906,1997.0,Keys to Tulsa
15610,15907,1984.0,Mutant
15611,15908,1964.0,Robin and the 7 Hoods
15612,15909,2000.0,Snow White
15613,15910,1999.0,New Kids on the Block: Greatest Hits: The Videos
15614,15911,1988.0,War and Remembrance: Vol. 1
15615,15912,1983.0,Zeder
15616,15913,2003.0,Chasing Papi
15617,15914,2000.0,An Intimate Friendship
15618,15915,1960.0,Danger Man: Season 1
15619,15916,2000.0,Crazy Richard & I Can't Even Think Straight
15620,15917,1991.0,Ren & Stimpy: Seasons 1 and 2
15621,15918,,Hote Hote Pyaar Ho Gaya
15622,15919,2004.0,Hellboy
15623,15920,1985.0,L'Effrontee
15624,15921,1967.0,How to Succeed in Business Without Really Trying
15625,15922,1967.0,The Graduate
15626,15923,1989.0,Star Trek V: The Final Frontier: Bonus Material
15627,15924,1992.0,Fires of Kuwait: IMAX
15628,15925,1993.0,Excessive Force
15629,15926,1996.0,Perfect Love
15630,15927,2003.0,Volcanoes of the Deep Sea: IMAX
15631,15928,2004.0,NBA: Larry Bird: A Basketball Legend: 25th Anniversary Collector's Edition
15632,15929,1992.0,Shining Through
15633,15930,1984.0,What Have I Done to Deserve This?
15634,15931,1990.0,Desperate Hours
15635,15932,1987.0,A Chinese Ghost Story
15636,15933,1997.0,A Life Apart: Hasidism in America
15637,15934,1996.0,Ballykissangel: Series 1
15638,15935,1998.0,Never 2 Big
15639,15936,1987.0,September
15640,15937,1994.0,Laadla
15641,15938,2002.0,John Mayer: Any Given Thursday
15642,15939,1999.0,A Murder of Crows
15643,15940,1997.0,Box of Moonlight
15644,15941,2002.0,Barenaked Ladies: Barelaked Nadies
15645,15942,1958.0,The Brain from Planet Arous
15646,15943,2002.0,Gay Weddings
15647,15944,1959.0,Bonanza
15648,15945,1996.0,Space Jam
15649,15946,2001.0,The Rats
15650,15947,1994.0,Homicide: Life on the Street: Season 3
15651,15948,2004.0,Imelda
15652,15949,1983.0,Uncommon Valor
15653,15950,2001.0,Los Ninos Invisibles
15654,15951,2005.0,Devon's Ghost: Legend of the Bloody Boy
15655,15952,2000.0,The Replacements
15656,15953,1989.0,Bill & Ted's Excellent Adventure
15657,15954,1972.0,Lord Peter Wimsey: Unpleasantness at the Bellona Club
15658,15955,2000.0,Pollock
15659,15956,1991.0,The Last Boy Scout
15660,15957,1998.0,The Count of Monte Cristo
15661,15958,1994.0,Darkman II: The Return of Durant
15662,15959,1987.0,High Season
15663,15960,1991.0,Zandalee
15664,15961,2002.0,Dead and Rotting
15665,15962,1996.0,Maximum Risk
15666,15963,1966.0,Seconds
15667,15964,1999.0,Caracara
15668,15965,1955.0,The Honeymooners: Classic 39 Episodes
15669,15966,2001.0,One Night at McCool's
15670,15967,1983.0,The A-Team: Season 1
15671,15968,2000.0,Bait
15672,15969,2001.0,Out Cold
15673,15970,2002.0,Local Boys
15674,15971,1998.0,Satya
15675,15972,2004.0,Lust for Dracula
15676,15973,1999.0,Hercules
15677,15974,1942.0,Yankee Doodle Dandy
15678,15975,1971.0,Brian's Song
15679,15976,2003.0,Girlhood
15680,15977,1999.0,Pop and Me
15681,15978,1976.0,Helter Skelter
15682,15979,1958.0,The 7th Voyage of Sinbad
15683,15980,2004.0,Frostbite
15684,15981,2004.0,Amour de Femme
15685,15982,2004.0,RahXephon: The Motion Picture
15686,15983,2001.0,Rage Against the Machine: The Battle of Mexico City
15687,15986,2001.0,The Remnant
15688,15987,1987.0,Sherlock Holmes: The Sign of Four
15689,15988,1985.0,Invasion U.S.A.
15690,15989,1999.0,The Scarlet Pimpernel
15691,15990,2004.0,Rick
15692,15991,1997.0,Wilde
15693,15992,2001.0,The Lone Gunmen: The Complete Series
15694,15993,2003.0,Mystic Iran: The Unseen World
15695,15994,1981.0,Modern Problems
15696,15995,1984.0,Maria's Lovers
15697,15996,2002.0,The League of Gentlemen: Series 3
15698,15997,1954.0,On the Waterfront
15699,15998,1998.0,Place Vendome
15700,15999,2003.0,Cirque du Soleil: Alegria
15701,16000,2004.0,Aitraaz
15702,16001,1984.0,Dangerous Moves
15703,16002,2002.0,Sex and Lucia
15704,16003,2002.0,He Sees You When You're Sleeping
15705,16004,2003.0,Gangaajal
15706,16005,1949.0,Criss Cross
15707,16006,1989.0,Seinfeld: Seasons 1 & 2
15708,16007,2001.0,Fish in a Barrel
15709,16008,1984.0,The Karate Kid
15710,16009,2002.0,High Times' Potluck
15711,16010,2002.0,Master Spy: The Robert Hanssen Story
15712,16011,1997.0,Broadway Damage
15713,16012,1991.0,The Unborn
15714,16013,2005.0,Cream: Royal Albert Hall
15715,16014,1997.0,Testamento
15716,16015,1981.0,Zoot Suit
15717,16016,1989.0,Tango & Cash
15718,16017,1989.0,Across the Tracks
15719,16018,2004.0,Best of the VonErichs
15720,16019,1979.0,Death Duel of Kung Fu
15721,16020,1984.0,A Married Man
15722,16021,1926.0,The Adventures of Prince Achmed
15723,16022,2003.0,Battlestar Galactica: The Miniseries
15724,16023,1996.0,Love Is All There Is
15725,16024,1989.0,Kiss Shot
15726,16025,1984.0,The Cannonball Run II
15727,16026,1984.0,The Warrior and the Sorceress
15728,16027,2003.0,WWE: Tenth Anniversary of Raw
15729,16028,1978.0,Paradise Alley
15730,16029,2005.0,Point Pleasant: The Complete Series
15731,16030,2001.0,Wet Hot American Summer
15732,16031,2002.0,Kiss the Bride
15733,16032,2001.0,Vampire Junction
15734,16033,1999.0,Introducing Dorothy Dandridge
15735,16034,2002.0,World Trade Center: Anatomy of the Collapse
15736,16035,2002.0,Disappearance
15737,16036,2004.0,Perfect Opposites
15738,16037,2001.0,Someone Like You
15739,16038,2003.0,The Joe Schmo Show: Uncensored: Season 1
15740,16039,1997.0,Welcome to Sarajevo
15741,16040,2002.0,The Son
15742,16041,1995.0,Safe
15743,16042,2004.0,Face of Terror
15744,16043,2004.0,Hanaukyo Maid Team La Verite
15745,16044,1955.0,The Man from Laramie
15746,16045,1989.0,A Raisin in the Sun
15747,16046,1993.0,The Beverly Hillbillies
15748,16047,2005.0,Because of Winn-Dixie
15749,16048,2002.0,Mere Yaar Ki Shaadi Hai
15750,16049,1988.0,The Moderns
15751,16050,1982.0,Deathtrap
15752,16051,1985.0,Francis Bacon
15753,16052,1940.0,Fantasia
15754,16053,1998.0,The Wounds
15755,16054,1999.0,Eros Blockbuster Hits Vol. 1
15756,16055,1996.0,Kissed
15757,16056,2002.0,Footballers Wives: Season 1
15758,16057,1964.0,Combat! Season 3: Operation 1
15759,16058,2000.0,Kiss Tomorrow Goodbye
15760,16059,2003.0,Ween: Live in Chicago
15761,16060,2004.0,She's Too Young
15762,16061,1998.0,Kipper: Fun in the Sun
15763,16062,1978.0,The Hobbit
15764,16063,1989.0,Say Anything
15765,16064,1974.0,Land of the Lost: Season 1
15766,16065,1987.0,Best Seller
15767,16066,2005.0,Save the Green Planet!
15768,16067,1966.0,The Plague of the Zombies
15769,16068,1989.0,Drugstore Cowboy
15770,16069,2002.0,Looking Through Lillian
15771,16070,1998.0,Sitcom
15772,16072,2002.0,Basic Ab Workout for Dummies
15773,16074,2001.0,Dark Shadows Reunion
15774,16075,1993.0,Dave
15775,16076,2003.0,Wishing Stairs
15776,16077,2004.0,The Super Milk-Chan Show
15777,16078,1967.0,Dark Shadows: Vol. 4
15778,16079,2003.0,Dark Waters
15779,16080,2000.0,El Mar
15780,16081,1986.0,Shocked
15781,16082,2004.0,13 Going on 30
15782,16083,1994.0,The Best of Friends: Vol. 2
15783,16084,1986.0,Entrails of a Virgin
15784,16085,2003.0,The Phandom Menace
15785,16086,1996.0,Chinese Chocolate
15786,16087,2003.0,Dragon Ball GT: A Hero's Legacy
15787,16088,1978.0,Corvette Summer
15788,16089,2004.0,Sherlock Holmes and the Case of the Silk Stocking
15789,16090,2004.0,Alone in the Dark
15790,16091,1997.0,Firelight
15791,16092,2002.0,Firestarter 2: Rekindled
15792,16093,2003.0,Kart Racer
15793,16094,1989.0,Family Business
15794,16095,1998.0,Mystery Science Theater 3000: The Touch of Satan
15795,16096,1999.0,Island of the Sharks: IMAX
15796,16097,1973.0,Tom Sawyer
15797,16098,1991.0,The Maigret Collection
15798,16100,2004.0,Da Ali G Show: Season 2
15799,16101,1991.0,Legend of the Dragon Kings: Black Dragon
15800,16102,1973.0,Sssssss
15801,16103,1992.0,Poirot: Death in the Clouds
15802,16104,1994.0,Ashes of Time
15803,16105,2003.0,Prison a-Go-Go!
15804,16106,1984.0,Miss Marple Mysteries: The Body in the Library
15805,16107,1974.0,MASH: Season 3
15806,16108,2002.0,Con Man
15807,16109,1972.0,Solaris: Bonus Material
15808,16110,1998.0,In God's Hands
15809,16111,2004.0,The First World War: The Complete Series
15810,16112,1977.0,Shock Waves
15811,16113,2005.0,Miss Congeniality 2: Armed and Fabulous
15812,16114,2003.0,Love Hina Again: The Movie
15813,16115,1977.0,Johnny Cash: A Concert Behind Prison Walls
15814,16116,2001.0,Othello
15815,16117,1999.0,Active Stealth
15816,16118,1999.0,The Ninth Gate
15817,16119,1993.0,Evil Cult
15818,16120,2001.0,ABCD
15819,16121,2002.0,Ordinary Sinner
15820,16122,2000.0,Linkin Park
15821,16123,1995.0,Tie That Binds
15822,16124,1960.0,Tunes of Glory
15823,16125,2000.0,The Railway Children
15824,16126,2000.0,Parla Italiano? Learning Italian: The Basics
15825,16127,1947.0,Good News
15826,16128,1994.0,Clear and Present Danger
15827,16129,2003.0,Bob the Builder: Building Friendships
15828,16130,1996.0,Carla's Song
15829,16131,1976.0,Marvin Gaye: Greatest Hits Live in '76
15830,16132,1995.0,Karan Arjun
15831,16133,1997.0,Profiler: Season 2
15832,16134,2003.0,Baywatch: Hawaiian Wedding
15833,16135,2003.0,The Holy Land
15834,16136,2004.0,Henry Rollins: Shock and Awe
15835,16137,1999.0,The Waiting Time
15836,16138,1980.0,Zombie Holocaust
15837,16139,1991.0,Father of the Bride
15838,16141,2004.0,Big Bird in Japan
15839,16142,2003.0,Book of Days
15840,16143,2000.0,The Crimson Rivers
15841,16145,1997.0,Losing Control
15842,16146,2003.0,The Real Cancun
15843,16147,1999.0,The Sopranos: Season 1
15844,16148,1976.0,Obsession
15845,16149,1999.0,Liberty Heights
15846,16150,1996.0,Shine
15847,16151,1969.0,A Touch of Zen
15848,16152,1997.0,Minsara Kanavu: Tamil
15849,16153,2000.0,Big Eden
15850,16154,2003.0,Warren Miller's: The Power of Snow: Fifty
15851,16155,2005.0,Frank Zappa: The Dub Room Special
15852,16156,1944.0,Bluebeard
15853,16157,1916.0,Chaplin Mutuals: Vol. 2
15854,16158,2000.0,Return to Me
15855,16159,1964.0,Beach Boys: The Lost Concert
15856,16160,2004.0,Galaxy Hunter
15857,16161,1971.0,Daughters of Darkness
15858,16162,2002.0,Kim Possible: The Secret Files
15859,16163,2004.0,Survivor All-Stars
15860,16164,1978.0,Shakespeare Comedies: As You Like It
15861,16165,1990.0,The Original Three Tenors Concert
15862,16166,1957.0,The Pride and the Passion
15863,16167,1972.0,Images
15864,16168,1933.0,Ecstasy
15865,16169,1999.0,The Haunting
15866,16170,1987.0,Munchies
15867,16171,1987.0,Radio Days
15868,16172,1990.0,Beverly Hills 90210: The Pilot Episode
15869,16173,2005.0,McLibel
15870,16174,1964.0,Viva Las Vegas
15871,16175,1994.0,Chungking Express
15872,16176,1980.0,Little House on the Prairie: Season 7
15873,16177,2001.0,Jump Tomorrow
15874,16178,1966.0,Batman: The Movie
15875,16179,2000.0,The Art of Dying
15876,16180,1998.0,Goosebumps: Deep Trouble
15877,16181,1993.0,Demolition Man
15878,16182,1998.0,Zero Effect
15879,16183,1962.0,The Miracle Worker
15880,16184,1999.0,Sol Bianca: The Legacy: Vol. 1: Lost Treasures
15881,16185,1957.0,The Three Faces of Eve
15882,16186,1949.0,Battleground
15883,16187,1996.0,Boys
15884,16188,1990.0,You're the Top: The Cole Porter Story
15885,16189,2003.0,Frozen Impact
15886,16190,1988.0,Rowing with the Wind
15887,16191,1931.0,A Nous la Liberte
15888,16192,2003.0,Shade
15889,16193,1991.0,Nothing But Trouble
15890,16194,1987.0,The Whistle Blower
15891,16195,2004.0,Speed: IMAX
15892,16196,1964.0,Circus World
15893,16197,1971.0,Macbeth
15894,16198,1983.0,The Hitchhiker: Vol. 1
15895,16199,1986.0,SpaceCamp
15896,16200,2002.0,Sex at 24 Frames Per Second
15897,16201,1996.0,Waiting for Guffman
15898,16202,1984.0,Best Defense
15899,16203,1993.0,Wayne's World 2
15900,16204,2003.0,King of the Ants
15901,16205,2002.0,The Adventures of Jimmy Neutron: Confusion Fusion
15902,16206,1998.0,Goosebumps: Chillogy
15903,16207,1967.0,Dark Shadows: Vol. 3
15904,16208,2004.0,Grande Ecole
15905,16209,2001.0,Enigma
15906,16210,2002.0,The Apocalypse
15907,16211,2000.0,No Alibi
15908,16212,1982.0,Amityville II: The Possession
15909,16213,2004.0,Aquarian Age
15910,16214,1947.0,Brute Force
15911,16215,2004.0,The Hunting of the President
15912,16216,2003.0,Dangerous Liaisons (Long French Version)
15913,16217,1998.0,Bio Zombie
15914,16219,2004.0,Baby for Sale
15915,16220,2002.0,L'Auberge Espagnole
15916,16221,2000.0,ECW: Extreme Evolution: Extreme Championship Wrestling
15917,16222,2004.0,The Lion King 1 1/2
15918,16223,1958.0,Vertigo
15919,16224,2004.0,Extreme Engineering: Transatlantic Tunnel
15920,16225,1993.0,Snapdragon
15921,16226,2004.0,NBA Champions 2003-2004: Pistons
15922,16227,1929.0,The Love Trap / Directed by William Wyler: Double Feature
15923,16228,1958.0,Chalti Ka Naam Gaadi
15924,16229,1991.0,Benny Hill's World Tour: New York
15925,16230,2004.0,Jockey
15926,16231,2000.0,Unknown Jonathan Winters: On the Loose
15927,16232,1989.0,Leviathan
15928,16233,1955.0,Oklahoma!
15929,16234,2003.0,The Pentagon Papers
15930,16235,2001.0,A Real Young Girl
15931,16236,2000.0,The Gift
15932,16237,1995.0,Babylon 5: Season 3
15933,16238,1952.0,Clash by Night
15934,16239,1994.0,The Bible Collection: Jacob
15935,16240,2001.0,Things Behind the Sun
15936,16241,1960.0,La Dolce Vita
15937,16242,1997.0,Con Air
15938,16243,2005.0,Blood of Beasts
15939,16244,1977.0,The Late Show
15940,16245,1982.0,Agatha Christie's Seven Dials Mystery
15941,16246,1980.0,Tom Horn
15942,16247,2001.0,The Human Face
15943,16248,1959.0,Hercules Unchained
15944,16249,1946.0,Humoresque
15945,16250,1990.0,Def by Temptation
15946,16251,1965.0,A High Wind in Jamaica
15947,16252,1997.0,Midsomer Murders: The Killings at Badger's Drift
15948,16253,1969.0,Frosty the Snowman / Frosty Returns
15949,16254,1999.0,Invasion!
15950,16255,2000.0,Eminem: Hitz & Disses
15951,16256,1998.0,Earthlight
15952,16257,2003.0,Time Quest
15953,16259,1973.0,Conquest of the Planet of the Apes
15954,16260,1962.0,That Touch of Mink
15955,16261,2002.0,Lost in La Mancha: Bonus Material
15956,16262,2005.0,Assault on Precinct 13
15957,16263,1977.0,Black Sunday
15958,16264,1977.0,Best of The Muppet Show: Steve Martin / Carol Burnett / Gilda Radner
15959,16265,1977.0,Star Wars: Episode IV: A New Hope
15960,16266,1977.0,Billy Jack Goes to Washington
15961,16267,1997.0,The Beautician and the Beast
15962,16268,2002.0,Double Vision
15963,16269,1969.0,Whatever Happened to Aunt Alice?
15964,16270,2004.0,Funky Monkey
15965,16271,1954.0,Robinson Crusoe
15966,16273,2004.0,Into the Sun
15967,16274,1954.0,The Country Girl
15968,16275,1980.0,To Kill with Intrigue
15969,16276,1991.0,The Lovers on the Bridge
15970,16277,2001.0,Terminal Countdown
15971,16278,2004.0,Something the Lord Made
15972,16279,2002.0,Vampires: Los Muertos
15973,16280,1934.0,Triumph of the Will
15974,16281,2002.0,Carrie
15975,16282,1995.0,Ski School 2
15976,16283,1994.0,Cops & Robbersons
15977,16284,2002.0,Cedric the Entertainer: Starting Lineup
15978,16285,1992.0,Porco Rosso
15979,16286,2002.0,Red Dragon
15980,16287,2001.0,O: Bonus Material
15981,16288,2002.0,When in Rome
15982,16289,2004.0,Dragon Drive
15983,16290,1974.0,In Search of Dracula
15984,16291,1988.0,Tucker: The Man and His Dream
15985,16292,1990.0,The Fresh Prince of Bel Air: Season 1
15986,16293,1989.0,Scooby-Doo and the Reluctant Werewolf
15987,16294,2003.0,Munna Bhai
15988,16295,1982.0,Living Dead Girl
15989,16296,1996.0,Richard Avedon: Darkness and Light
15990,16297,1939.0,Love Affair
15991,16298,1999.0,Wing Commander
15992,16299,1980.0,Charles Bronson: Cabo Blanco / U.S. Marshall
15993,16300,1996.0,The Great White Hype
15994,16301,1989.0,Si Te Dicen Que Cai
15995,16302,1999.0,Family Guy: Vol. 1: Seasons 1-2
15996,16303,2001.0,Atlantis: The Lost Empire
15997,16304,1997.0,Jean Michel Jarre: Oxygene Moscow: The Portrait
15998,16306,1960.0,Spartacus
15999,16307,1994.0,Renaissance Man
16000,16308,1967.0,A Countess from Hong Kong
16001,16309,2001.0,Celine Dion: All the Way: A Decade of Song and Video
16002,16310,2005.0,America's Stone Age Explorers: Nova
16003,16311,1999.0,Scooby-Doo's Greatest Mysteries
16004,16312,1993.0,Posse
16005,16313,1995.0,ER: Season 2
16006,16314,1989.0,Michelangelo: Self Portrait
16007,16315,1992.0,Innocent Blood
16008,16317,1979.0,Over the Edge
16009,16318,1979.0,Richard Pryor: Live in Concert
16010,16319,1998.0,El-Hazard: The Alternative World
16011,16320,1988.0,Poirot: The ABC Murders
16012,16321,1958.0,Bonjour Tristesse
16013,16322,1979.0,The Prize Fighter
16014,16323,2000.0,Roughnecks: The Starship Troopers Chronicles: The Klendathu Campaign
16015,16324,1960.0,Let's Make Love
16016,16325,1968.0,Planet of the Apes
16017,16326,2000.0,Summer Holidays
16018,16327,1999.0,A Kid Called Danger
16019,16328,2003.0,Coronado
16020,16329,1974.0,The Golden Voyage of Sinbad
16021,16330,2003.0,Great People of the Bible: The Apostle Paul
16022,16331,1995.0,Parallel Sons
16023,16332,1994.0,The Substitute Wife
16024,16333,1965.0,Strange Bedfellows
16025,16334,1971.0,Frank Sinatra: Sinatra in Concert at Royal Festival Hall
16026,16335,1998.0,Janet Jackson: Velvet Rope Tour
16027,16336,2000.0,The Up in Smoke Tour
16028,16337,1995.0,Candyman 2: Farewell to the Flesh
16029,16338,2003.0,Ginger and Cinnamon
16030,16339,1990.0,Kindergarten Cop
16031,16340,1998.0,Casper Meets Wendy
16032,16341,1955.0,The Seven Little Foys
16033,16342,2003.0,Teddy Roosevelt: An American Lion
16034,16343,2002.0,The Hours
16035,16344,2003.0,Wonderland
16036,16345,1997.0,Hidden Hollywood
16037,16346,1987.0,Assassination
16038,16347,1998.0,The Inheritors
16039,16348,1998.0,The Arrival / The Arrival 2
16040,16349,1997.0,Mr. Show: Season 3
16041,16350,2001.0,What's the Worst That Could Happen?
16042,16351,1992.0,Trespass
16043,16352,1987.0,Disorderlies
16044,16353,2002.0,National Geographic: Ambassador: Inside the Embassy
16045,16354,2005.0,Godannar
16046,16355,1995.0,Cyclo
16047,16356,2004.0,SpongeBob SquarePants: Spongeguard on Duty
16048,16357,2005.0,Hide and Seek
16049,16358,2001.0,Venomous
16050,16359,2002.0,Auto Focus
16051,16360,1982.0,SCTV Network 90: Vol. 3
16052,16362,1984.0,Body Double
16053,16363,2001.0,The Office Special
16054,16364,1966.0,Lord Love a Duck
16055,16365,1973.0,Jesus Christ Superstar
16056,16366,1987.0,Stakeout
16057,16367,1995.0,The Phantom Lover
16058,16368,1994.0,3 Ninjas: Kick Back
16059,16369,1978.0,Little Feat: Rockpalast Live
16060,16370,1970.0,Valdez Is Coming
16061,16371,2005.0,Fighting Tommy Riley
16062,16372,1979.0,The Challenge of the Superfriends: Season 2
16063,16373,2004.0,Muay Thai
16064,16374,2004.0,National Geographic: Forces of Nature
16065,16375,1999.0,Eurythmics: Peacetour
16066,16376,1988.0,U2: Rattle and Hum
16067,16377,1999.0,The Green Mile
16068,16378,2002.0,Alive
16069,16379,2001.0,The Smokers
16070,16380,2004.0,Laws of Attraction
16071,16381,2004.0,Moto X Kids
16072,16382,1990.0,Poirot: The Mysterious Affair at Styles
16073,16383,1995.0,No Quarter: Page & Plant Unledded
16074,16384,1993.0,The Fugitive
16075,16386,1980.0,Contamination
16076,16387,1994.0,The Return of Jafar
16077,16388,1996.0,The Phantom
16078,16389,1996.0,Big Bully
16079,16390,2002.0,Panic Room
16080,16391,2003.0,Sin
16081,16392,1976.0,Seven Beauties
16082,16393,2000.0,Pokemon: The Movie 2000
16083,16394,1995.0,Prime Suspect 4
16084,16395,1937.0,The Life of Emile Zola
16085,16396,2002.0,Ranma 1/2: Ranma Forever: Vol. 4: Rock a Bye Ranma
16086,16397,1964.0,The Twilight Zone: Vol. 26
16087,16398,1974.0,The White Dawn
16088,16399,1961.0,The Twilight Zone: Vol. 8
16089,16400,2002.0,The Cat Returns
16090,16401,1968.0,Will Penny
16091,16402,1977.0,Harry Chapin: Rockpalast Live
16092,16403,1999.0,Siam Sunset
16093,16404,2001.0,Evolution: The Animated Movie
16094,16405,2001.0,Biker Zombies
16095,16406,2004.0,The Prince and Me
16096,16407,2003.0,Russia: Land of the Tsars
16097,16408,2005.0,The History Channel Presents: Julius Caesar's Rome
16098,16409,1968.0,Cream: Farewell Concert
16099,16410,1960.0,The Hammer Horror Series: Brides of Dracula / The Curse of the Werewolf
16100,16411,1992.0,Wind
16101,16412,1968.0,The Love Bug
16102,16413,1996.0,Alien Chaser
16103,16414,1952.0,Kansas City Confidential
16104,16415,1996.0,The Birdcage
16105,16417,2000.0,Bad Girls from Valley High
16106,16418,1974.0,Alice Doesn't Live Here Anymore
16107,16419,2001.0,VeggieTales: The Ultimate Silly Song Countdown
16108,16420,1998.0,The John Wayne Collection: Vol. 5: Winds of the Wasteland / Lucky Texan
16109,16421,1976.0,Bound for Glory
16110,16422,2004.0,Admissions
16111,16423,2003.0,The Great American Songbook
16112,16424,2002.0,The Embalmer
16113,16425,1953.0,I Confess
16114,16426,1973.0,The Creeping Flesh
16115,16427,1987.0,Swimming to Cambodia
16116,16428,2000.0,Lost Paradise
16117,16429,1988.0,Shakedown
16118,16430,1971.0,Women in Revolt
16119,16431,1955.0,Samurai Trilogy 2: Duel at Ichijoji Temple
16120,16432,1991.0,Red Green: Stuffed and Mounted 2
16121,16433,1974.0,Ankur
16122,16434,1996.0,Dragon Ball Z: Bojack Unbound
16123,16435,2004.0,John Cleese's Wine for the Confused
16124,16436,1966.0,The Monkees: Season 1
16125,16437,2003.0,Bear in the Big Blue House: A Bear for All Seasons
16126,16438,1998.0,The Wedding Singer
16127,16439,1998.0,Dangerous Beauty
16128,16440,2000.0,It Had to Be You
16129,16442,1997.0,Men Seeking Women
16130,16443,2001.0,The Day Reagan Was Shot
16131,16444,1987.0,Over the Top
16132,16446,2005.0,Punk: Attitude
16133,16447,2000.0,Another Woman's Husband
16134,16448,1984.0,Tank
16135,16449,1995.0,Total Eclipse
16136,16450,2003.0,George Strait: For the Last Time: Live from the Astrodome
16137,16451,1996.0,Same River Twice
16138,16452,2000.0,Chocolat
16139,16453,1934.0,The Scarlet Pimpernel
16140,16454,2002.0,Sesame Street: Elmo's World: Head to Toe with Elmo
16141,16455,1984.0,The Willie Nelson Special
16142,16456,1998.0,Kolobos
16143,16457,1996.0,A Couch in New York
16144,16458,1999.0,Desert Thunder
16145,16459,2002.0,Knockaround Guys
16146,16460,2000.0,Nine Queens
16147,16461,1996.0,The Associate
16148,16462,1953.0,The Cruel Sea
16149,16463,2003.0,Festival Express
16150,16464,1997.0,Space Ghost Coast to Coast: Vol. 3
16151,16465,1998.0,Meet Joe Black
16152,16466,2000.0,Echo of Murder
16153,16468,2001.0,Anne Frank: The Whole Story
16154,16469,2004.0,Alien vs. Predator
16155,16470,1995.0,The Cure
16156,16471,1957.0,Cinderella
16157,16472,1982.0,The Miracle of Life: Nova
16158,16473,1996.0,We Remember Marilyn
16159,16474,1947.0,The Perils of Pauline
16160,16475,2002.0,Barney: Let's Go to the Zoo
16161,16476,2004.0,Barbie as the Princess and the Pauper
16162,16477,2004.0,Bright Future
16163,16478,1995.0,Black Scorpion
16164,16479,1999.0,An Affair of Love
16165,16480,2003.0,Van Halen: The Van Halen Story: The Early Years
16166,16481,1997.0,Women
16167,16482,1998.0,Samurai Fiction
16168,16483,2001.0,Around the World with Madeline
16169,16484,1999.0,Mistaken Identity
16170,16485,2000.0,RoboCop: Dark Justice
16171,16486,2003.0,It's All About Love
16172,16487,2004.0,Zodiac Killer
16173,16488,1999.0,Dark Ages
16174,16489,1987.0,Unsolved Mysteries: Miracles
16175,16490,1978.0,Hot Lead & Cold Feet
16176,16491,2000.0,Saturday Night Live: The Best of Chris Farley
16177,16492,2002.0,Dragon Ball Z: Cooler's Revenge
16178,16493,2001.0,Midsomer Murders: The Electric Vendetta
16179,16494,2004.0,Cops: Caught in the Act
16180,16495,1979.0,Breaking Away
16181,16496,2002.0,Barney's Read with Me / Dance with Me
16182,16497,2003.0,Dora the Explorer: Meet Diego!
16183,16498,1999.0,A Stranger in the Kingdom
16184,16499,1961.0,West Side Story
16185,16500,1949.0,White Heat
16186,16501,1991.0,Jim Henson's The Storyteller: Greek Myths
16187,16502,1974.0,Dark Star
16188,16503,2003.0,Secret Lives: Hidden Children and Their Rescuers During WWII
16189,16504,1996.0,The Stendhal Syndrome
16190,16505,1999.0,Revelation
16191,16506,2002.0,American Idol
16192,16507,2004.0,Dragon's World: A Fantasy Made Real
16193,16508,1969.0,Blind Beast
16194,16509,2003.0,C-Walk: It's a Way of Livin'
16195,16510,2005.0,Lupin the 3rd: Crisis in Tokyo
16196,16511,1995.0,Trinity and Beyond: Atomic Bomb
16197,16512,2000.0,Light Keeps Me Company
16198,16513,2001.0,The Sandy Bottom Orchestra
16199,16514,2002.0,Breakaway
16200,16515,1991.0,Sol Bianca: The Legacy: Vol. 2: Separation
16201,16516,2001.0,Jeepers Creepers
16202,16517,1981.0,S.O.B.
16203,16518,1995.0,Charles Bukowski: Bukowski at Bellevue
16204,16519,2002.0,National Geographic: The Incredible Human Body
16205,16520,2001.0,Goodbye Mr. Cool
16206,16521,1975.0,Night Moves
16207,16522,2004.0,Shall We Dance?
16208,16523,2000.0,Heavy Metal 2000
16209,16524,2002.0,Monk: Season 1
16210,16525,1985.0,The Sure Thing: Special Edition
16211,16526,1996.0,Summer Fling
16212,16527,1996.0,Frisk
16213,16528,2002.0,Barry Manilow: Ultimate Manilow!
16214,16529,1988.0,Curse of the Queerwolf
16215,16530,1961.0,The Devil at 4 o'clock
16216,16531,2001.0,The Lady and the Duke
16217,16532,1982.0,Rambo: First Blood: Ultimate Edition
16218,16533,1988.0,A Vision Shared: A Tribute to Woody Guthrie and Leadbelly
16219,16534,1980.0,American Gigolo
16220,16535,1979.0,1941
16221,16536,1954.0,There's No Business Like Show Business
16222,16537,1989.0,Grateful Dead: Downhill from Here
16223,16538,2000.0,Quills
16224,16539,2003.0,Rolling Kansas
16225,16540,2001.0,The Others: Bonus Material
16226,16541,1999.0,I Will Survive
16227,16542,1972.0,The Concert for Bangladesh
16228,16543,1996.0,Superman: Last Son of Krypton
16229,16544,2002.0,Revolution OS
16230,16545,2001.0,Fairly Oddparents: Superhero Spectacle
16231,16546,1975.0,The Sunshine Boys
16232,16547,2003.0,X-Men: The Legend of Wolverine
16233,16548,1994.0,Martin Lawrence: You So Crazy
16234,16549,1996.0,Love Serenade
16235,16550,1992.0,Fishing With John
16236,16551,1992.0,The Waterdance
16237,16552,1995.0,GoldenEye
16238,16553,1980.0,Prom Night
16239,16555,2001.0,Midsomer Murders: Destroying Angel
16240,16556,2000.0,Book of Shadows: Blair Witch 2
16241,16557,1999.0,That's the Way I Like It
16242,16558,2003.0,Led Zeppelin
16243,16559,1991.0,Red Green: Stuffed and Mounted 1
16244,16560,1964.0,Lady in a Cage
16245,16561,1996.0,The Flower of My Secret
16246,16562,1936.0,Reefer Madness
16247,16563,1998.0,Asunder
16248,16564,1992.0,Leap of Faith
16249,16565,2001.0,K-Pax
16250,16566,1973.0,The Waltons: Season 2
16251,16567,1979.0,The Muppet Movie
16252,16568,2005.0,H.G. Wells' War of the Worlds
16253,16569,1993.0,Mad About You: Season 2
16254,16570,1997.0,Slayers: Great
16255,16571,2003.0,The Cheetah Girls
16256,16572,2004.0,The Perfect Score
16257,16573,2003.0,Puppet Master: The Legacy
16258,16574,1953.0,The Mesa of Lost Women
16259,16575,1977.0,The Jeffersons: Season 3
16260,16576,2002.0,2002 Olympic Figure Skating Exhibition
16261,16577,1949.0,The Great Lover
16262,16578,2001.0,Pursuit of Happiness
16263,16579,2001.0,Dinner with Friends
16264,16580,1989.0,My Left Foot: Special Edition
16265,16581,2005.0,The Life and Times of Frida Kahlo
16266,16582,2004.0,Barbarians
16267,16583,1975.0,Land of the Lost: Season 2
16268,16584,1969.0,99 Women (Unrated Director's Cut)
16269,16585,2003.0,World Poker Tour: Season 1
16270,16586,1997.0,Jackie Brown: Collector's Series: Bonus Material
16271,16587,1992.0,The Simpsons: Season 4
16272,16588,2001.0,Lost and Delirious
16273,16589,1998.0,Children of the Corn 5: Fields of Terror
16274,16590,2001.0,Beyblade: G Revolution
16275,16591,1933.0,Design for Living / Peter Ibbetson
16276,16592,2001.0,Mezzo Forte
16277,16593,2002.0,Lewis Black: Unleashed
16278,16594,2000.0,Tom Green Show: Endangered Feces: The Very Worst of Tom Green
16279,16595,2001.0,The Avenging Fist
16280,16596,1961.0,The Parent Trap
16281,16598,1921.0,The Marriage Circle
16282,16599,1998.0,Grappler Baki
16283,16600,2000.0,The Perfect Son
16284,16601,1978.0,The Fury
16285,16602,2005.0,Saturday Night Live: The Best of Dan Aykroyd
16286,16603,2002.0,Robert Thurman on Buddhism
16287,16604,1992.0,Unforgiven
16288,16605,1992.0,The Last of the Mohicans
16289,16606,1996.0,Fear
16290,16607,1997.0,Jungle 2 Jungle
16291,16608,1997.0,Buddy
16292,16609,2003.0,Pretear
16293,16610,2001.0,Raptor
16294,16611,2002.0,The First $20 Million
16295,16612,1974.0,The Island at the Top of the World
16296,16613,2001.0,The Bounty Huntress
16297,16614,1979.0,Best Boy
16298,16615,2001.0,Shrek (Widescreen)
16299,16616,1999.0,Titus
16300,16617,1969.0,The Brady Bunch: Season 1
16301,16618,1970.0,Incident at Blood Pass
16302,16619,2002.0,Tattoo: A Love Story
16303,16620,1998.0,The Powerpuff Girls: The Mane Event
16304,16621,1985.0,Dario Argento Collection: Vol. 2: Demons
16305,16622,1986.0,Brighton Beach Memoirs
16306,16623,1976.0,Bugsy Malone
16307,16624,1981.0,The Greatest American Hero: Season 2
16308,16625,2002.0,The Gift of Jabez
16309,16626,1984.0,The Funeral
16310,16627,1994.0,The Magic School Bus: Catches a Wave
16311,16628,1995.0,The Land Before Time III: The Time of the Great Giving
16312,16629,1983.0,Easy Money
16313,16630,1988.0,Pumpkinhead
16314,16631,2001.0,Classic Albums: Lou Reed: Transformer
16315,16632,1997.0,Basic Math: The Standard Deviants
16316,16633,2004.0,The Jack Paar Collection
16317,16634,1967.0,Wait Until Dark
16318,16635,1992.0,Silk Stalkings: Season 2
16319,16636,1985.0,My Lucky Stars
16320,16637,1995.0,Village of the Damned
16321,16638,2000.0,Sangam
16322,16639,1927.0,Uncle Tom's Cabin
16323,16640,2004.0,Closer
16324,16641,2001.0,Corky Romano
16325,16642,1999.0,The Big Brass Ring
16326,16643,1988.0,The Bourne Identity
16327,16644,2001.0,Winged Migration
16328,16645,1962.0,The Road to Hong Kong
16329,16646,1996.0,Love Etc.
16330,16647,1994.0,Out of Ireland: Story of Emigration into America
16331,16649,1962.0,Hatari!
16332,16650,1999.0,Travel the World by Train: South America
16333,16651,1969.0,This Man Must Die
16334,16652,1982.0,Lucio Fulci: Manhattan Baby
16335,16653,1998.0,Oxygen
16336,16654,1986.0,Wise Guys
16337,16655,2000.0,The Beach Boys: Endless Harmony
16338,16656,2004.0,Spy Girl
16339,16657,2000.0,Resurrection Blvd.: Season 1
16340,16658,2002.0,Pavement
16341,16659,1997.0,Deceiver
16342,16660,1998.0,The Lion King II: Simba's Pride
16343,16661,1969.0,Winning
16344,16662,2004.0,In My Country
16345,16663,1988.0,Mac and Me
16346,16665,2004.0,Chronicle of the Raven
16347,16666,1973.0,Bang the Drum Slowly
16348,16667,1996.0,The Trigger Effect
16349,16668,1992.0,A Few Good Men
16350,16669,1992.0,The Real World: New York: Season 1
16351,16670,1932.0,Grand Hotel
16352,16671,1998.0,Babylon 5: Thirdspace
16353,16672,1998.0,Storm Riders
16354,16673,2001.0,Princess Nine
16355,16674,1994.0,Forrest Gump: Bonus Material
16356,16675,1997.0,Arthur Makes the Team
16357,16676,1981.0,Wolfen
16358,16677,1946.0,Night and Day
16359,16678,,Jimmy Hollywood
16360,16679,1999.0,P.U.N.K.S.
16361,16680,2001.0,Vacuuming Completely Nude in Paradise
16362,16681,2000.0,Juliet in Love
16363,16682,1999.0,Camelot
16364,16683,2004.0,Christina Aguilera: Stripped: Live in the UK
16365,16684,2000.0,The Fairy Faith
16366,16685,1994.0,The Battle of the Bulge: World War II's Deadliest Battle
16367,16686,1977.0,Laserblast
16368,16687,1992.0,Baraka
16369,16688,1976.0,Emmanuelle on Taboo Island
16370,16689,2000.0,The Wind Will Carry Us
16371,16690,1979.0,A Force of One
16372,16691,1968.0,Dark Shadows: Vol. 8
16373,16692,2001.0,Chori Chori Chupke Chupke
16374,16693,1986.0,Sweet Liberty
16375,16694,1935.0,Three Stooges: Stooges and the Law
16376,16695,2003.0,A Decade Under the Influence
16377,16696,1989.0,The Everlasting Secret Family
16378,16697,1996.0,I'm Not Rappaport
16379,16698,1986.0,Highlander
16380,16699,2000.0,High School Boot Camp
16381,16700,1964.0,More Treasures of the Twilight Zone
16382,16701,1999.0,The Man Show: Season 1: Vol. 1
16383,16702,2004.0,Touch of Pink
16384,16703,2003.0,American Splendor
16385,16704,2001.0,Walt: The Man Behind the Myth
16386,16705,1994.0,Fresh
16387,16706,1994.0,Drop Squad
16388,16707,2003.0,Old School
16389,16708,2002.0,The Child I Never Was
16390,16709,1980.0,Stardust Memories
16391,16710,1978.0,Sandbaggers: Collection 1
16392,16711,2003.0,Sex and the City: Season 6: Part 1
16393,16712,1953.0,Donovan's Brain
16394,16714,1995.0,Hamish Macbeth: Season 1
16395,16715,1941.0,You'll Never Get Rich
16396,16716,2003.0,With or Without You
16397,16717,2001.0,The Girl from Paris
16398,16718,1989.0,Dream a Little Dream
16399,16719,1961.0,El Cid
16400,16720,1966.0,The Pornographers
16401,16721,1972.0,Dirty Harry
16402,16722,2001.0,The Godfather Trilogy: Bonus Material
16403,16723,2001.0,They Call Me Sirr
16404,16724,1998.0,Will & Grace: Season 1
16405,16725,1998.0,A Bug's Life: Bonus Material
16406,16726,1991.0,Homework
16407,16727,1981.0,The Greatest American Hero: Season 1
16408,16728,2000.0,An American Tail: The Treasures of Manhatttan Island
16409,16729,1945.0,Sherlock Holmes: The Woman in Green
16410,16730,1999.0,Water Drops On Burning Rocks
16411,16731,1985.0,Moonlighting: Seasons 1 & 2
16412,16732,2003.0,Haibane-Renmei
16413,16733,1986.0,Mona Lisa
16414,16734,2004.0,Uncovered: The War on Iraq
16415,16735,2003.0,Teenage Mutant Ninja Turtles
16416,16736,2002.0,Napoleon
16417,16737,1988.0,End of the Line
16418,16738,1982.0,Eating Raoul
16419,16739,2000.0,Animal Attraction
16420,16740,1999.0,Magnolia
16421,16741,1943.0,Guadalcanal Diary
16422,16742,2003.0,Gods and Generals
16423,16743,1974.0,Double Agent 73
16424,16744,2004.0,Justice League Unlimited: Joining Forces
16425,16745,2000.0,Outlaw Star: Vol. 2
16426,16746,1998.0,Hi Life
16427,16747,2000.0,The Trial of Old Drum
16428,16748,1997.0,Trail of a Serial Killer
16429,16749,1985.0,Cannibal Holocaust
16430,16750,1997.0,Eddie Griffin: Voodoo Child
16431,16751,2003.0,Casa de los Babys
16432,16752,2001.0,Madeline at the Eiffel Tower
16433,16753,1974.0,Effi Briest
16434,16754,2001.0,Dinner for Five: Season 1
16435,16755,1994.0,Andre
16436,16756,1997.0,Poison Ivy: The New Seduction
16437,16757,1994.0,Marmalade Boy: Ultimate Scrapbook: Vol. 1
16438,16758,2002.0,Men With Brooms
16439,16759,1991.0,Eve of Destruction
16440,16760,2003.0,Confidence
16441,16761,1999.0,In The Woods
16442,16762,1975.0,Crazy Mama
16443,16763,2003.0,Horatio's Drive: America's First Road Trip
16444,16764,2004.0,Candy Land: The Great Lollipop Adventure
16445,16765,1997.0,Face/Off
16446,16766,1993.0,Inspector Morse 10: Deceived by Flight
16447,16767,2001.0,The Matrix: Revisited
16448,16768,1999.0,Jawbreaker
16449,16769,1992.0,The Perfect Husband
16450,16771,1995.0,Above Suspicion
16451,16772,1968.0,With Six You Get Eggroll
16452,16773,1991.0,Inspector Morse 2: The Silent World of Nicholas Quinn
16453,16774,2004.0,Super Mario Bros: Mario Mania
16454,16775,1975.0,Brannigan
16455,16776,1968.0,Shalako
16456,16777,1994.0,Guantanamera
16457,16778,2005.0,Undead
16458,16779,2000.0,Dreams of Flight: Space
16459,16780,2004.0,Jamie Foxx: Straight from the Foxxhole
16460,16781,1949.0,Batman and Robin: The Serial Collection
16461,16782,2004.0,Category 6: Day of Destruction
16462,16783,2003.0,Dopamine
16463,16784,2005.0,The Sisterhood of the Traveling Pants
16464,16785,1961.0,The Innocents
16465,16786,2001.0,Maybe Baby
16466,16787,1960.0,Primary
16467,16788,1999.0,Blast from the Past
16468,16789,1994.0,Serial Killers: Profiling the Criminal Mind
16469,16790,2000.0,The Grinch
16470,16791,1992.0,Supercop
16471,16792,2001.0,Blow
16472,16793,1973.0,The Exorcist
16473,16794,2003.0,Bring It On Again
16474,16795,2002.0,Back to the Secret Garden
16475,16796,2001.0,Brian's Song
16476,16797,2000.0,Dragon Ball: The Saga of Goku
16477,16798,1977.0,The Hardy Boys Nancy Drew Mysteries: Season 1
16478,16799,2002.0,Vans Warped Tour 2002
16479,16800,1982.0,Master of Disaster
16480,16801,1996.0,Dragon Ball Z: Broly's Second Coming
16481,16802,1996.0,The Grass Harp
16482,16803,1988.0,Garfield and Friends: Vol. 1
16483,16804,1989.0,The Dead Next Door
16484,16805,1965.0,The Saragossa Manuscript
16485,16806,1989.0,Communion
16486,16807,2002.0,Horns and Halos
16487,16808,1966.0,The Chase
16488,16809,2003.0,Charlotte's Web 2: Wilbur's Great Adventure
16489,16810,2000.0,Outlaw Star: Vol. 1
16490,16811,2003.0,A Good Night to Die
16491,16812,1991.0,Andrew Dice Clay: Dice Rules!
16492,16813,2002.0,Red Siren
16493,16814,1947.0,Pursued
16494,16815,1997.0,Traveller
16495,16816,2003.0,Kuch Naa Kaho
16496,16817,1958.0,The Rifleman: Collection 3
16497,16818,1973.0,A Delicate Balance
16498,16820,2000.0,Paul Simon: You're the One: In Concert from Paris
16499,16821,1997.0,Classic Albums: The Grateful Dead: Anthem to Beauty
16500,16822,1996.0,Armitage III: Poly-Matrix
16501,16823,1960.0,Supercar: The Complete Series
16502,16824,1940.0,Our Town
16503,16825,1994.0,Maverick
16504,16826,1999.0,Sarah Brightman: One Night in Eden
16505,16827,2004.0,One Missed Call
16506,16828,2000.0,Jubei Chan the Ninja Girl: Secret of the Lovely Eyepatch
16507,16829,2001.0,Route 666
16508,16830,2001.0,7 Girls: White Knuckle Extreme
16509,16831,2002.0,When Boys Fly
16510,16832,2002.0,Tangled
16511,16833,2000.0,Dead Sexy
16512,16834,1999.0,Genghis Blues
16513,16835,1999.0,Mystery Science Theater 3000: Hamlet
16514,16836,2000.0,Major League Baseball: All Century Team
16515,16837,1956.0,C.I.D
16516,16838,1976.0,God Told Me To
16517,16839,1998.0,Secrets of War: The Gulf War
16518,16840,1938.0,The Adventures of Robin Hood
16519,16841,1988.0,The Thin Blue Line
16520,16842,2003.0,MTV: The Real World You Never Saw: Paris
16521,16843,1940.0,Dark Command
16522,16844,2002.0,One Way Out
16523,16845,2001.0,The Best of the Improv: Vol. 2
16524,16846,2001.0,Totally Spies
16525,16847,1963.0,Hud
16526,16848,2003.0,XX/XY
16527,16849,1980.0,Tommy & Tuppence: Partners in Crime: Set 2
16528,16850,1985.0,The Color Purple: Bonus Material
16529,16851,1974.0,McQ
16530,16852,2004.0,DJ Shadow: In Tune and On Time
16531,16853,2000.0,Little Richard
16532,16854,1988.0,Die Hard: Bonus Material
16533,16855,1968.0,No Way to Treat a Lady
16534,16856,1987.0,Withnail and I
16535,16857,2005.0,I Am a Promise: The Children of Stanton Elementary School
16536,16858,1990.0,Highlander 2: Renegade Version
16537,16859,2004.0,Agent Cody Banks 2: Destination London
16538,16860,1990.0,Law & Order: Season 1
16539,16862,2001.0,My First Mister
16540,16863,1980.0,How to Beat the High Cost of Living
16541,16864,1981.0,Scanners
16542,16865,2003.0,Blue Car
16543,16866,1959.0,Drunken Angel
16544,16867,2001.0,Book of Babes: Bare Wench 2
16545,16868,2000.0,Masters of Russian Animation 1
16546,16869,1999.0,Sweet and Lowdown
16547,16870,1999.0,Show Me Love
16548,16871,2000.0,What's Cooking?
16549,16872,1993.0,Tombstone
16550,16873,2003.0,Water's Edge
16551,16874,1982.0,Star Trek II: The Wrath of Khan: Bonus Material
16552,16875,2005.0,Ah! My Goddess
16553,16876,1995.0,The Amazing Panda Adventure
16554,16877,1987.0,A Prayer for the Dying
16555,16878,2001.0,All About You
16556,16879,1997.0,Titanic
16557,16880,1962.0,Mondo Cane
16558,16881,2003.0,That's So Raven: Supernaturally Stylish
16559,16882,2003.0,Anger Management
16560,16883,1971.0,The Omega Man
16561,16884,1976.0,Human Tornado
16562,16885,1998.0,Air Bud: Golden Receiver
16563,16886,1978.0,Little House on the Prairie: Season 5
16564,16887,2002.0,Paid in Full
16565,16888,2002.0,World Trade Center: In Memoriam
16566,16889,1969.0,Take the Money and Run
16567,16890,2001.0,Dark Blue World
16568,16891,1994.0,When a Man Loves a Woman
16569,16892,2003.0,The Future is Wild
16570,16893,2002.0,Dil Hai Tumhaara
16571,16894,1951.0,Show Boat
16572,16895,1981.0,Brideshead Revisited
16573,16896,2000.0,Irish Empire
16574,16897,1962.0,Panic in Year Zero / The Last Man on Earth: Double Feature
16575,16898,2003.0,Emile
16576,16899,1993.0,Payne Stewart's DVD Guide of Golf Etiquette
16577,16900,2004.0,Ikki Tousen
16578,16901,1990.0,Days of Thunder
16579,16902,1974.0,The Mad Adventures of Rabbi Jacob
16580,16903,1975.0,Love and Death
16581,16904,2003.0,WWE: Unforgiven 2003
16582,16905,1977.0,Pumping Iron
16583,16906,2002.0,On the Run: Trilogy 1
16584,16907,1998.0,42 Up
16585,16908,1997.0,Metro
16586,16909,2002.0,Slipknot: Disasterpieces
16587,16910,2003.0,Hatred of a Minute
16588,16911,1947.0,The Bishop's Wife
16589,16912,2000.0,Chicken Run
16590,16913,1995.0,Losing Isaiah
16591,16914,1960.0,Le Trou
16592,16915,2001.0,Reboot: My Two Bobs
16593,16916,2003.0,David Alan Grier: The Book of David: The Cult Figure's Manifesto
16594,16917,1997.0,La Femme Nikita: Season 1
16595,16918,2004.0,SpongeBob SquarePants: Sponge for Hire
16596,16919,2002.0,Megadeth: Rude Awakening
16597,16920,1963.0,The Twilight Zone: Vol. 11
16598,16921,1993.0,Dangerous Game
16599,16922,2003.0,Out of Time
16600,16923,1993.0,Hated - G.G. Allin & the Murder Junkies
16601,16924,2003.0,Project Gemini: A Bold Leap Forward
16602,16925,1997.0,Family of Cops 2
16603,16926,1999.0,My Life So Far
16604,16927,2001.0,Andromeda: Season 2
16605,16928,2003.0,JFK: A Presidency Revealed
16606,16929,1967.0,The Beatles: Magical Mystery Tour
16607,16930,2002.0,The Tuxedo
16608,16931,2000.0,The Tigger Movie
16609,16932,1997.0,Agent Aika
16610,16934,2004.0,The Wiggles: LIVE Hot Potatoes
16611,16935,1999.0,AD Police: To Protect & Serve
16612,16936,1997.0,Albino Alligator
16613,16937,1996.0,Star Trek: Voyager: Season 3
16614,16938,1992.0,Inspector Morse 22: Happy Families
16615,16939,1970.0,The Garden of the Finzi-Continis
16616,16940,2003.0,Midsomer Murders: Death and Dreams
16617,16941,1964.0,Seven Up / 7 Plus Seven
16618,16942,2003.0,Dragon Ball Z: Perfect Cell
16619,16943,2000.0,The Donner Party: American Experience
16620,16944,2003.0,Hope Springs
16621,16945,1989.0,The Return of Swamp Thing
16622,16946,1995.0,Mr. Show: Season 1
16623,16947,1980.0,Kagemusha
16624,16948,2004.0,Bridget Jones: The Edge of Reason
16625,16949,1976.0,The Cassandra Crossing
16626,16950,2003.0,Mummy's Kiss
16627,16951,1970.0,The Brady Bunch: Season 2
16628,16952,1989.0,Licence to Kill
16629,16953,1997.0,Mohabbat
16630,16954,1989.0,Indiana Jones and the Last Crusade
16631,16955,1978.0,Battle of the Planets
16632,16956,1991.0,Stevie Ray Vaughan and Double Trouble: Live at the El Mocambo 1983
16633,16957,2003.0,Control Factor
16634,16958,1968.0,Speedway
16635,16959,1999.0,Clapton Chronicles: The Best of Eric Clapton
16636,16960,1991.0,The Indian Runner
16637,16961,2003.0,Sounder
16638,16962,2002.0,Inspector Gadget's Last Case
16639,16963,2002.0,My Wife Maurice
16640,16964,2001.0,U.S. Seals 2
16641,16965,2003.0,Riding in Vans with Boys
16642,16966,1982.0,Brimstone & Treacle
16643,16967,1990.0,Revenge
16644,16968,2000.0,Murderous Maids
16645,16969,2001.0,Donnie Darko
16646,16970,2000.0,The Little Vampire
16647,16971,1997.0,Mr. Toad's Wild Ride
16648,16972,2000.0,Directors: David Cronenberg
16649,16973,2000.0,The Idiots
16650,16974,2000.0,Alvin Lee's Ten Years Later: Best of Rockpalast
16651,16975,1936.0,Dimples
16652,16976,2005.0,Tom and Jerry: The Fast and the Furry
16653,16977,2003.0,The Human Stain
16654,16978,1981.0,Sharky's Machine
16655,16979,1968.0,Dracula Has Risen from the Grave
16656,16980,1957.0,Daughter of Dr. Jekyll
16657,16981,1989.0,Stepfather II
16658,16982,1983.0,The Black Stallion Returns
16659,16983,1987.0,Paul Simon: Graceland: The African Concert
16660,16984,2004.0,Garfield: The Movie
16661,16985,1982.0,The 2000 Year Old Man
16662,16986,1948.0,Oliver Twist
16663,16987,1974.0,Lancelot of the Lake
16664,16988,2000.0,The Wolves of Kromer
16665,16989,1997.0,Conceiving Ada
16666,16990,2005.0,Rugrats: Tales from the Crib: Snow White
16667,16991,1994.0,Police Academy 7: Mission to Moscow
16668,16992,1996.0,Emma
16669,16993,2002.0,The Smashing Machine
16670,16994,1973.0,Enter the Dragon: Special Edition
16671,16995,1964.0,Fail-Safe
16672,16996,1979.0,Jack Frost (Animated)
16673,16997,1996.0,Kingpin
16674,16998,1982.0,The Incubus
16675,16999,1989.0,Charles Manson Superstar
16676,17000,1957.0,Men in War
16677,17001,1931.0,Little Caesar
16678,17002,1997.0,Murder at 1600
16679,17003,1964.0,Treasures of the Twilight Zone
16680,17004,1978.0,Halloween
16681,17005,1975.0,Bite the Bullet
16682,17006,1983.0,Revenge of the Ninja
16683,17007,1987.0,Teenage Mutant Ninja Turtles (1980s)
16684,17008,2004.0,Wimbledon
16685,17009,1986.0,Quicksilver
16686,17010,2003.0,Monte Walsh
16687,17011,1954.0,Broken Lance
16688,17013,1997.0,Killing Mr. Griffin
16689,17014,1990.0,The First Power
16690,17015,2003.0,High Roller: The Stu Ungar Story
16691,17016,2005.0,NFL: Pittsburgh Steelers: The Complete History
16692,17017,2002.0,Big Shot: Confessions of a Campus Bookie
16693,17018,1982.0,Faerie Tale Theatre: Rumpelstiltskin
16694,17019,1999.0,The Lost World: Season 1
16695,17020,1996.0,Before and After
16696,17021,1993.0,Depeche Mode: Devotional
16697,17022,1932.0,Number 17
16698,17023,2001.0,Bandits
16699,17024,2004.0,Mujhse Shaadi Karogi
16700,17025,2003.0,Charlotte Sometimes
16701,17026,1999.0,My Favorite Martian: The Movie
16702,17027,2000.0,Beautiful
16703,17028,1998.0,Dragon Ball Z: Vol. 17: Super Saiyan
16704,17029,2000.0,The Unknown Jimmy Durante
16705,17030,2004.0,The Nick & Jessica Variety Hour
16706,17031,2002.0,Confessions of a Dangerous Mind
16707,17032,2000.0,Just Do It
16708,17033,2004.0,3-Iron
16709,17034,2001.0,Pitch
16710,17035,2001.0,Drift
16711,17036,2001.0,South Park: Winter Wonderland
16712,17037,2002.0,The Cult: Live Cult: Music Without Fear
16713,17038,2000.0,Meditation and Mindfulness: Stress Reduction/ Mindful Parenting
16714,17039,2002.0,Bang Bang You're Dead
16715,17040,2001.0,Gang Tapes
16716,17041,1999.0,Swing: Cal Pozo's Learn to Dance in Minutes
16717,17042,1994.0,Lamerica
16718,17043,2001.0,Sakura Wars: The Movie
16719,17044,1995.0,Rough Magic
16720,17045,2004.0,Belonging
16721,17046,2004.0,Thomas & Friends: Thomas & His Friends Get Along
16722,17047,1996.0,If Lucy Fell
16723,17048,1996.0,Dentist
16724,17049,2004.0,Crunch: Burn and Firm Pilates
16725,17050,1985.0,Return to Oz
16726,17051,1998.0,Montana
16727,17052,1977.0,Best of The Muppet Show: Elton John / Julie Andrews / Gene Kelly
16728,17053,2000.0,Nurse Betty
16729,17054,1993.0,Even Cowgirls Get the Blues
16730,17055,2004.0,The Magic School Bus: Super Sports Fun
16731,17056,1979.0,The North Avenue Irregulars
16732,17057,1989.0,Always
16733,17058,1995.0,True Crime
16734,17059,1946.0,The Killers: Criterion Collection
16735,17060,1999.0,The Quarrel
16736,17061,2003.0,The Last Round: Chuvalo vs. Ali
16737,17062,2002.0,Dark Water
16738,17063,2000.0,The Crocodile Hunter
16739,17064,1984.0,Dune
16740,17065,1992.0,Forbidden Homework
16741,17066,1975.0,Let's Do It Again
16742,17067,2002.0,I Don't Know Jack
16743,17068,2004.0,King of the Cage: Sin City
16744,17069,1994.0,Nightwatch
16745,17070,1991.0,Taking Care of Business
16746,17071,1990.0,Akira Kurosawa's Dreams
16747,17072,1955.0,Love Me or Leave Me
16748,17073,1989.0,Peacock King
16749,17074,1999.0,Two Women
16750,17075,2000.0,Cirque du Soleil: Journey of Man: IMAX
16751,17076,2000.0,Trixie
16752,17077,1963.0,Flipper
16753,17078,2001.0,A Song for Martin
16754,17079,1996.0,High School High
16755,17080,2001.0,The Face: Jesus in Art
16756,17081,1986.0,One Crazy Summer
16757,17082,2000.0,Nostradamus
16758,17083,1994.0,Fear of a Black Hat
16759,17084,2002.0,David Bowie: The Best of Bowie
16760,17085,2002.0,24: Season 2
16761,17086,1999.0,Battle Athletes Victory: Vol. 5: No Looking Back
16762,17087,1966.0,Doctor Who: Seeds of Death
16763,17088,2000.0,Meet the Parents
16764,17089,1960.0,Secret Agent A.K.A. Danger Man
16765,17090,2005.0,NFL: Super Bowl XXXIX
16766,17091,2002.0,Modern Warriors: The Martial Way
16767,17092,1994.0,A Talk with Hitchcock
16768,17093,1949.0,Gun Crazy
16769,17094,1995.0,Venus Rising
16770,17095,1976.0,No Deposit No Return
16771,17096,2005.0,Carlito's Way: Rise to Power
16772,17097,2001.0,Storytelling
16773,17098,1985.0,X: The Unheard Music
16774,17099,2000.0,King of the Cage
16775,17100,2000.0,The Beach
16776,17102,2001.0,Hans Christian Andersen: My Life as a Fairy Tale
16777,17103,2000.0,Animal Factory
16778,17104,1994.0,In the Army Now
16779,17105,2000.0,Markova
16780,17106,2002.0,Baby Genius: A Trip to the San Diego Zoo
16781,17107,1940.0,The Ghost Breakers
16782,17108,2004.0,A to Zeppelin: The Unauthorized Story of Led Zeppelin
16783,17109,1964.0,Marnie
16784,17111,2001.0,Children Underground
16785,17112,2004.0,Ghost in the Shell 2: Innocence
16786,17113,1994.0,Milk Money
16787,17114,1993.0,Bikini Squad
16788,17115,2000.0,Music Scene: The Best of 1969-1970
16789,17116,2001.0,Stickmen
16790,17117,1961.0,Jules and Jim
16791,17118,1969.0,Camille 2000
16792,17119,2001.0,Sesame Street: Elmo's World: Springtime Fun
16793,17120,2000.0,Heart of Light
16794,17121,2002.0,Campfire
16795,17122,1988.0,Swan Lake: Tchaikovsky (Natalia Makarova)
16796,17123,2002.0,Chicka Chicka Boom Boom and Lots More Learning Fun!
16797,17124,2004.0,Inbred Rednecks Alien Abduction
16798,17125,1996.0,The Pest
16799,17126,1995.0,Kitaro: An Enchanted Evening
16800,17127,2003.0,The Good Thief
16801,17128,1992.0,El Lado Oscuro del Corazon II
16802,17129,1997.0,The Devil's Advocate
16803,17130,1999.0,Classic Albums: Steely Dan: Aja
16804,17131,1997.0,Booty Call
16805,17132,1998.0,Orgazmo: Bonus Material
16806,17133,1989.0,All Dogs Go to Heaven
16807,17134,1992.0,The Mighty Ducks
16808,17135,1999.0,Dick
16809,17136,2001.0,The New Guy
16810,17137,2001.0,Secret Ballot
16811,17138,2001.0,Discovering Hawaii
16812,17139,1973.0,Save the Tiger
16813,17140,2004.0,Taboo Tuesday
16814,17141,1998.0,Sweet Revenge
16815,17142,2002.0,Vertical Frontier
16816,17143,1994.0,Spanking Love
16817,17144,1967.0,Le Samourai
16818,17145,1999.0,Gift of Love
16819,17146,2002.0,Doctor Zhivago
16820,17147,1996.0,She's the One
16821,17148,2005.0,Icon
16822,17149,2003.0,Gothika
16823,17150,2003.0,Saaya
16824,17151,2004.0,VH1 Inside Out: Warren Zevon
16825,17152,2000.0,Next Friday
16826,17153,2000.0,Love's Labour's Lost
16827,17154,1993.0,Philadelphia
16828,17155,2000.0,Lexx: Series 3
16829,17156,1957.0,Les Girls
16830,17157,1998.0,Saving Private Ryan
16831,17158,1994.0,The Jungle Book
16832,17159,1996.0,Street Fighter II V: DVD
16833,17160,2005.0,WWE: Road Warriors
16834,17161,1987.0,Cirque du Soleil: Cirque Reinvented
16835,17162,2004.0,Aerosmith: You Gotta Move
16836,17163,1975.0,Killer Elite
16837,17164,1980.0,Battle Beyond the Stars
16838,17165,2004.0,The Daily Show with Jon Stewart: Indecision 2004
16839,17166,2001.0,Making the Misfits
16840,17168,2001.0,Tremors 3: Back to Perfection
16841,17169,2004.0,National Treasure
16842,17170,1959.0,The World of Apu
16843,17172,2004.0,Mary J. Blige: Live From Los Angeles
16844,17173,1993.0,Prince: The Hits Collection
16845,17174,2004.0,Maria Full of Grace
16846,17175,2001.0,Read My Lips
16847,17176,1991.0,JFK: Special Edition
16848,17177,1941.0,The Three Stooges: All the World's a Stooge
16849,17178,2004.0,Coupling: Season 4
16850,17179,1993.0,Kalifornia
16851,17180,1998.0,Great Expectations
16852,17181,2005.0,Land of the Dead
16853,17182,1982.0,Remington Steele: Season 1
16854,17183,2005.0,King of the Corner
16855,17184,1939.0,The Rules of the Game
16856,17185,2003.0,Doppelganger
16857,17186,1932.0,The Private Life of Henry VIII
16858,17187,1983.0,A Christmas Story
16859,17188,1962.0,Cape Fear
16860,17189,2002.0,In America
16861,17190,1966.0,How to Steal a Million
16862,17191,2003.0,Baghban
16863,17192,2000.0,The Apostles Collection
16864,17193,1994.0,Fat Chance
16865,17194,2005.0,Beyond the Da Vinci Code
16866,17195,2003.0,Peter Pan
16867,17196,1988.0,Bird
16868,17197,2002.0,Wire in the Blood: Shadows Rising
16869,17198,1991.0,Other People's Money
16870,17199,1983.0,The A-Team: Season 2
16871,17200,2004.0,Dave Matthews Band: The Gorge
16872,17201,2004.0,Drake and Josh: Vol. 1: Suddenly Brothers
16873,17202,2003.0,Pandemic: Facing Aids
16874,17203,1988.0,Big Top Pee-Wee
16875,17204,1998.0,Chairman of the Board
16876,17205,2005.0,Eminem Presents: The Anger Management Tour
16877,17207,2003.0,Veronica Guerin
16878,17208,1964.0,Muscle Beach Party / Ski Party: Double Feature
16879,17209,1994.0,Holy Matrimony
16880,17210,1994.0,Peter Gabriel: Secret World Live
16881,17211,1990.0,Jeeves and Wooster: Season 1
16882,17212,2001.0,The Road Home
16883,17213,2004.0,Marc Anthony: Concert from Madison Square Garden
16884,17214,2000.0,Mozart in Salzburg
16885,17215,1998.0,The Negotiator
16886,17216,1998.0,Following
16887,17217,1997.0,Paul Simon: Graceland
16888,17218,1966.0,Joe Bob Briggs Presents: Jesse James Meets Frankenstein's Daughter
16889,17219,1991.0,Seinfeld: Season 3
16890,17220,2003.0,Prenatal Yoga
16891,17221,1993.0,Look Who's Talking Now
16892,17222,2001.0,Snap Decision
16893,17223,1984.0,Phenomena
16894,17224,2000.0,Bill Engvall's New All-Stars of Country Comedy: Vol. 2
16895,17225,1994.0,Highlander: Season 3
16896,17226,1999.0,Those Who Love Me Can Take the Train
16897,17227,1972.0,Agatha Christie's Endless Night
16898,17228,1999.0,Sesame Street: Kids' Favorite Songs
16899,17229,2003.0,Japanese Story
16900,17230,2002.0,Sealab 2021: Season 2
16901,17231,2000.0,Message in a Cell Phone
16902,17232,1992.0,Me and the Mob
16903,17233,1973.0,Sex & Fury
16904,17234,2002.0,3-2-1 Penguins: Runaway Pride at Lightstation Kilowatt
16905,17235,2003.0,Kal Ho Naa Ho: Tomorrow May Never Come
16906,17236,2003.0,Purple Butterfly
16907,17237,1996.0,Big Bullet
16908,17238,2001.0,Under Heavy Fire
16909,17239,1997.0,Tenchi the Movie 2: Daughter of Darkness
16910,17240,2003.0,Epitaph DVD: Punk-O-Rama: Vol. 1
16911,17241,1993.0,Boxing Helena
16912,17242,2004.0,Unlocking Da Vinci's Code: Mystery or Conspiracy?
16913,17243,1991.0,Warlock
16914,17244,1974.0,Mirror
16915,17245,1997.0,Ma Vie En Rose
16916,17246,2003.0,Gotham Fish Tales
16917,17247,1974.0,Lenny
16918,17248,1971.0,Shaft
16919,17249,1973.0,The Long Goodbye
16920,17250,2003.0,Soldier's Girl
16921,17251,2000.0,Bounce
16922,17252,2004.0,Sniper School
16923,17253,1975.0,The Man Who Skied Down Everest
16924,17255,1999.0,American Photography: A Century of Images
16925,17256,2000.0,Whitney Houston: The Greatest Hits
16926,17257,1932.0,I Am a Fugitive from a Chain Gang
16927,17258,1999.0,Cold Feet: Season 2
16928,17259,1991.0,The Man in the Moon
16929,17260,1979.0,Frank Zappa: Baby Snakes
16930,17261,1999.0,Michael Moore's The Awful Truth: Season 1
16931,17262,1979.0,Phantasm
16932,17263,1975.0,Nashville
16933,17264,1979.0,North Dallas Forty
16934,17265,1992.0,Full Contact
16935,17266,1998.0,National Geographic: Egypt: Secrets of the Pharoahs
16936,17267,1985.0,Smooth Talk
16937,17268,1965.0,Incubus
16938,17269,1978.0,Wes Craven's Summer of Fear
16939,17270,1989.0,The Big Picture
16940,17271,1989.0,Miss Firecracker
16941,17272,2005.0,Man-Thing
16942,17273,1980.0,Saturn 3
16943,17274,1983.0,Stroker Ace
16944,17275,1951.0,The Lavender Hill Mob
16945,17276,1998.0,The Book of Life: 2000 Seen By...
16946,17277,1980.0,Xanadu
16947,17278,1959.0,A Bucket of Blood/The Giant Gila Monster
16948,17279,1999.0,Wild Arms
16949,17280,1999.0,The Out-of-Towners
16950,17281,2004.0,The Clearing
16951,17282,1963.0,The Leopard (English Dubbed Version)
16952,17283,1995.0,Hail Columbia!: IMAX
16953,17284,2003.0,Yes: Yesspeak: 35th Anniversary Tour
16954,17285,1995.0,Mary Chapin Carpenter: Jubilee: Live at Wolf Trap
16955,17286,1999.0,Vanaprastham
16956,17287,1989.0,Millennium
16957,17288,2004.0,Billy Blanks: Tae Bo Foundation / Energy
16958,17289,1991.0,Close My Eyes
16959,17290,1948.0,The Paleface
16960,17291,1995.0,Understanding the Universe
16961,17292,2004.0,The Sea Inside
16962,17293,2005.0,The Ring Two
16963,17294,2000.0,Trois
16964,17296,2001.0,In Search of Peace: Part 1: 1948-1967
16965,17297,1996.0,Back to Back
16966,17298,2003.0,Bill Maher: Victory Begins at Home
16967,17299,1985.0,Clue
16968,17300,2004.0,The Sisterhood
16969,17301,2002.0,Mama Africa
16970,17302,1991.0,Star Trek VI: The Undiscovered Country
16971,17303,2004.0,We Don't Live Here Anymore
16972,17304,2000.0,Eurythmics: Greatest Hits
16973,17305,2000.0,Relative Values
16974,17306,2001.0,Pretty Cool
16975,17307,2003.0,CSI: Season 4
16976,17308,2001.0,Legally Blonde
16977,17309,2003.0,Dragon Ball Z: Majin Buu
16978,17310,1979.0,Bob Marley: The Legend Live
16979,17311,1997.0,King of the Hill: Season 2
16980,17312,1975.0,A Boy and His Dog
16981,17313,2001.0,The Clinton Years
16982,17314,1994.0,The Vicar of Dibley: Series 1
16983,17315,2001.0,The King is Alive
16984,17316,2003.0,Andrew Dice Clay: One Night With Dice
16985,17317,1963.0,The Andy Griffith Show: Vol 5: Rafe Hollister Sings / Class Reunion
16986,17318,1999.0,Bartok the Magnificent
16987,17319,1992.0,Malcolm X
16988,17320,2000.0,The Crow: Salvation
16989,17321,1941.0,Dumbo
16990,17322,1997.0,VeggieTales Classics: God Wants Me to Forgive Them!?!
16991,17323,1983.0,Class
16992,17324,2005.0,Hitch
16993,17325,1998.0,Falling for a Dancer
16994,17326,2001.0,Changi
16995,17327,2004.0,Tales from the Crapper
16996,17328,2002.0,E.T. the Extra-Terrestrial: The 20th Anniversary (Rerelease)
16997,17329,2001.0,Alias Betty
16998,17330,2004.0,The Punisher
16999,17331,1946.0,The Razor's Edge
17000,17332,2001.0,Facing the Enemy
17001,17333,2002.0,Marilyn Monroe: The Mortal Goddess
17002,17334,1999.0,Beethoven's 3rd
17003,17335,1927.0,Metropolis
17004,17336,1995.0,Danielle Steel's Mixed Blessings
17005,17337,2004.0,Andromeda: Season 5
17006,17338,1995.0,Forget Paris
17007,17339,1987.0,Full Metal Jacket
17008,17340,2000.0,Highlander 4: Endgame: Bonus Material
17009,17341,1983.0,Zelig
17010,17342,1997.0,Sam Kinison: Why Did We Laugh?
17011,17343,1995.0,Major Payne
17012,17344,1999.0,Creature
17013,17345,1963.0,Blood Feast
17014,17346,1977.0,The Spy Who Loved Me
17015,17348,2002.0,Andromeda: Season 3
17016,17349,1999.0,Once and Again: Season 1
17017,17350,2002.0,Madame Sata
17018,17351,2004.0,The Last Ride
17019,17352,1972.0,Blood Freak
17020,17353,2002.0,Scratch: Bonus Material
17021,17354,2004.0,David Copperfield: Illusion
17022,17355,2004.0,The Terminal
17023,17356,1990.0,Book of Love
17024,17357,1984.0,The River
17025,17358,2002.0,Narc
17026,17359,1984.0,Falling in Love
17027,17360,2003.0,The Jamie Kennedy Experiment: Season 3
17028,17361,2004.0,Johnson Family Vacation
17029,17362,1982.0,Evilspeak
17030,17363,1985.0,227: Season 1
17031,17364,2002.0,Jethro Tull: Living With the Past
17032,17365,1974.0,Classic Courtroom Movies: Mesmerized / Death Sentence / Dishonored Lady
17033,17366,2002.0,Bob Mann's Automatic Golf
17034,17367,2002.0,The Intended
17035,17368,1989.0,Slipstream
17036,17369,2000.0,Thug Immortal: The Tupac Shakur Story
17037,17370,1994.0,The Magic School Bus: Space Adventures
17038,17371,1979.0,Orchestra Rehearsal
17039,17372,1998.0,Out of Season
17040,17373,1998.0,Flowers of Shanghai
17041,17374,2003.0,American Mystery! Coyote Waits
17042,17375,2001.0,Ocean Wilds: Realm of the Killer Whales/Sperm Whale Oasis
17043,17376,1997.0,Amityville Dollhouse
17044,17377,2000.0,Louis Armstrong: Satchmo
17045,17378,1974.0,That's Entertainment
17046,17379,1980.0,The Stunt Man
17047,17380,1993.0,Inspector Morse 26: Deadly Slumber
17048,17381,2002.0,Spellbound
17049,17382,1947.0,Odd Man Out
17050,17383,1952.0,Carrie
17051,17384,1983.0,Reilly: Ace of Spies
17052,17385,1995.0,The Scarlet Letter
17053,17386,1950.0,Stage Fright
17054,17387,2002.0,Secretary
17055,17388,1973.0,The Yakuza Papers
17056,17389,1947.0,Black Narcissus
17057,17390,1967.0,A Guide for the Married Man
17058,17391,2003.0,Wildboyz: Season 1
17059,17392,2001.0,Dance of a Dream
17060,17393,1993.0,Body of Evidence
17061,17394,1999.0,In the Shadows
17062,17395,2004.0,Breakin' All the Rules
17063,17396,1999.0,The Taste of Others
17064,17397,1990.0,In Living Color: Season 1
17065,17398,2004.0,Cursed
17066,17399,1959.0,Elvira's Horror Classics
17067,17400,1967.0,The Rape of the Vampire
17068,17401,1979.0,The Champ
17069,17402,1990.0,Europa Europa
17070,17403,2004.0,Scooby-Doo and the Loch Ness Monster
17071,17404,2003.0,Watching You
17072,17405,2005.0,Sahara
17073,17406,1998.0,Apocalypse
17074,17407,1954.0,Suddenly
17075,17408,1956.0,X the Unknown
17076,17409,2005.0,Blast!
17077,17410,2002.0,The True Meaning of Pictures: Shelby Lee Adams' Appalachia
17078,17411,1953.0,How to Marry a Millionaire
17079,17412,1948.0,The Treasure of the Sierra Madre
17080,17413,2004.0,Resident Evil: Apocalypse: Bonus Material
17081,17414,1963.0,Black Sabbath
17082,17415,1987.0,Steel Dawn
17083,17416,1997.0,Aur Pyar Ho Gaya
17084,17417,1999.0,Breakfast of Champions
17085,17418,1979.0,The Tin Drum
17086,17420,1984.0,The Razor's Edge
17087,17421,1986.0,Brotherhood of Justice
17088,17422,1971.0,How to Frame a Figg
17089,17423,2004.0,The Five People You Meet in Heaven
17090,17424,1976.0,The Outlaw Josey Wales
17091,17425,2000.0,Best of Boys in Love
17092,17426,1953.0,Peter Pan
17093,17427,2005.0,WWE: No Way Out
17094,17428,2002.0,Eye See You
17095,17429,2005.0,Vampire Assassins
17096,17430,2000.0,Combat Vietnam: To Hell and Beyond
17097,17431,1998.0,Run Lola Run
17098,17432,1998.0,Orphen
17099,17433,1936.0,Follow the Fleet
17100,17434,1959.0,The Hound of the Baskervilles
17101,17435,1987.0,Hope and Glory
17102,17436,2004.0,Laguna Beach: Season 1
17103,17437,2004.0,Appleseed
17104,17438,1986.0,True Stories: Talking Heads
17105,17439,1994.0,I Spy Returns
17106,17440,1945.0,Captain Kidd
17107,17441,1982.0,Tootsie
17108,17442,2002.0,Written in Blood
17109,17443,2003.0,Blue's Clues: Shapes and Colors
17110,17444,1992.0,RG Veda
17111,17445,1969.0,Rascal
17112,17446,1954.0,Three Coins in the Fountain
17113,17447,1959.0,The Angry Red Planet
17114,17448,1999.0,Thumb Wars: The Phantom Cuticle
17115,17449,2004.0,Born Into Brothels
17116,17450,2001.0,Fosse
17117,17451,2000.0,Along for the Ride
17118,17452,2003.0,Spy Kids 3-D: Game Over (2-D version)
17119,17453,2003.0,Marci X
17120,17454,2002.0,Patlabor WXIII: The Movie
17121,17455,1998.0,Jeremiah: The Bible
17122,17456,1999.0,Lansky
17123,17457,2000.0,Sound and Fury
17124,17458,1991.0,Black Robe
17125,17459,1972.0,Buck and the Preacher
17126,17460,1952.0,Wages of Fear
17127,17461,1984.0,Making the Grade
17128,17462,2001.0,Doomsdayer
17129,17463,2001.0,Diary of a Sex Addict
17130,17464,1973.0,The Legend of Hell House
17131,17465,1973.0,Dillinger
17132,17466,2000.0,Sex: The Annabel Chong Story
17133,17467,1977.0,Slap Shot: 25th Anniversary Edition
17134,17468,1945.0,Anchors Aweigh
17135,17469,1961.0,The Misfits
17136,17470,2004.0,ABC News Presents: NYPD 24/7
17137,17471,1987.0,Eastern Condors
17138,17472,1973.0,Magnum Force
17139,17473,2002.0,Leela
17140,17474,1964.0,My Fair Lady: Special Edition
17141,17475,1951.0,It Came From Outer Space
17142,17476,1972.0,The Waltons: Season 1
17143,17477,1991.0,Giuseppe Verdi: Attila: Teatro Alla Scala
17144,17478,1994.0,Men of War
17145,17479,2002.0,The Ring
17146,17480,2003.0,The Shield: Season 2
17147,17481,1989.0,The NeverEnding Story 2: The Next Chapter
17148,17482,1995.0,Clueless
17149,17483,2003.0,Crocodile Hunter: Wildest Home Videos / Big Croc Diaries
17150,17484,2001.0,F. Scott Fitzgerald: Winter Dreams
17151,17485,2004.0,Prom Queen
17152,17486,2002.0,Dahmer
17153,17487,1991.0,Career Opportunities
17154,17488,1981.0,Genocide
17155,17489,2000.0,B.B. King: The Jazz Channel Presents: BET on Jazz
17156,17490,1997.0,Fairy Tale: A True Story
17157,17491,2002.0,Like Mike
17158,17492,2004.0,Going Upriver: The Long War of John Kerry
17159,17493,2004.0,Steve-O: The Early Years
17160,17494,1986.0,F/X
17161,17495,2002.0,Pinero
17162,17496,2002.0,The Nightmare Room: Camp Nowhere
17163,17497,2002.0,Kurosawa: A Documentary on the Acclaimed Director
17164,17498,1999.0,The Minus Man
17165,17499,1998.0,Mulan: Special Edition
17166,17500,2001.0,Exodus Revealed
17167,17501,1955.0,Dr. Jekyll and Mr. Hyde
17168,17502,1992.0,Moon Warriors
17169,17503,1994.0,Fando & Lis / Constellation Jodorowsky
17170,17504,1994.0,Without Warning
17171,17505,1999.0,Dil To Pagal Hai
17172,17506,2004.0,Little Black Book
17173,17507,1994.0,Mommy
17174,17508,2000.0,Requiem for a Dream
17175,17509,1984.0,Breakin'
17176,17510,2004.0,Stella Street
17177,17511,1999.0,Cher: Live in Concert
17178,17512,2002.0,Amen.
17179,17513,1999.0,Varsity Blues
17180,17514,2000.0,The Lifestyle: Swinging in America
17181,17515,2003.0,LeapFrog: Letter Factory
17182,17516,1962.0,The Three Stooges Meet Hercules
17183,17517,2004.0,Strange Bedfellows
17184,17518,1999.0,Fallen Angel
17185,17519,2001.0,Bellydance Fitness for Beginners: Slim Down
17186,17520,1974.0,Bruce Lee: A Dragon Story
17187,17521,2000.0,Neale Donald Walsch: On Abundance and Holistic Living
17188,17522,1983.0,Cross Creek
17189,17523,1990.0,Campion: Sweet Danger
17190,17524,1950.0,Cyrano de Bergerac
17191,17525,1957.0,The Enemy Below
17192,17526,1959.0,Some Like It Hot
17193,17527,2000.0,Essex Boys
17194,17528,2001.0,Megiddo: The Omega Code 2
17195,17529,2004.0,Bright Young Things
17196,17530,1979.0,Macbeth
17197,17531,1990.0,A Shock to the System
17198,17532,2001.0,Bear in the Big Blue House: Potty Time with Bear
17199,17533,1966.0,Who's Afraid of Virginia Woolf?
17200,17534,1996.0,The Newsroom: The Complete Series
17201,17535,1947.0,The Bachelor and the Bobby-Soxer
17202,17536,1991.0,Northern Exposure: Season 2
17203,17537,1984.0,Bachelor Party
17204,17538,2001.0,Poirot: Murder in Mesopotamia
17205,17539,1990.0,Mr. Destiny
17206,17540,2001.0,Son of the Bride
17207,17541,2004.0,First Daughter
17208,17542,1999.0,The True Story of Private Ryan
17209,17543,1995.0,Hercules: Warrior Princess / Gauntlet / Unchained Heart
17210,17544,1986.0,Degrassi Junior High: Season 1
17211,17545,2003.0,Heart
17212,17546,2000.0,Survivor: Season 1: Borneo
17213,17547,1975.0,Space: 1999
17214,17548,1979.0,Don Giovanni
17215,17549,2002.0,Bloody Sunday
17216,17550,2003.0,The Gates of Jerusalem
17217,17551,2001.0,G-Men From Hell
17218,17552,2000.0,Michael Jordan to the Max: IMAX
17219,17553,1998.0,Swing Craze
17220,17554,1998.0,Wide Awake
17221,17555,2002.0,The Kid Stays in the Picture
17222,17556,1984.0,November Moon
17223,17557,2002.0,In Memoriam: New York City 9/11/01
17224,17558,2001.0,Kiss of the Dragon
17225,17559,2001.0,The Deep End
17226,17560,1984.0,Ghostbusters
17227,17561,2002.0,I'm With Lucy
17228,17562,2004.0,The Yes Men
17229,17563,1962.0,Lolita
17230,17564,1999.0,Battle Athletes Victory: Vol. 2: Doubt and Conflict
17231,17565,1993.0,Coneheads
17232,17566,2003.0,Pretenders: Loose in L.A.
17233,17567,1959.0,Missile to the Moon
17234,17568,2001.0,The North Face Expeditions: Shishpangma and Himalaya
17235,17569,1960.0,Davey and Goliath: Vol. 1: Collector's Edition
17236,17570,2000.0,Strangers with Candy: Season 2
17237,17571,2001.0,In the Mood for Love: Bonus Material
17238,17572,2000.0,Bread and Roses
17239,17574,1996.0,Eye for an Eye
17240,17575,2001.0,Don't Tempt Me
17241,17576,2002.0,Friday Night
17242,17577,2003.0,Absolution
17243,17578,1990.0,Reversal of Fortune
17244,17579,2001.0,Discovering Alaska
17245,17580,2004.0,The Whole Ten Yards
17246,17581,2001.0,Me and Mrs. Jones
17247,17582,2003.0,Line of Control
17248,17583,2004.0,Cops: Shots Fired
17249,17584,2004.0,Cat Stevens: Majikat
17250,17585,2000.0,Bill Engvall's New All-Stars of Country Comedy: Vol. 1
17251,17586,1992.0,Cool World
17252,17587,1989.0,Renegades
17253,17588,1993.0,Full Eclipse
17254,17589,2000.0,The Cell
17255,17590,1990.0,Phil Collins: Serious Hits Live
17256,17591,1966.0,Dr. Seuss' How the Grinch Stole Christmas
17257,17592,2004.0,Frankenfish
17258,17593,2001.0,The Man Show: Season 3
17259,17594,2001.0,The King of Queens: Season 4
17260,17595,2005.0,Winter Solstice
17261,17596,1973.0,Shaft in Africa
17262,17598,1962.0,The Andy Griffith Show: Season 3
17263,17599,2004.0,Art: 21: Art in the 21st Century: Seasons 1 and 2
17264,17600,2004.0,James' Journey to Jerusalem
17265,17601,1989.0,Wiseguy: Between the Mob and a Hard Place
17266,17602,1992.0,Tokyo Babylon: Vols. 1 & 2
17267,17603,1988.0,Halloween 4: The Return of Michael Myers
17268,17604,1960.0,The Entertainer
17269,17605,1964.0,Roustabout
17270,17606,1971.0,Cry Uncle
17271,17607,1942.0,Jungle Book
17272,17608,2004.0,Serial Slayer
17273,17609,2002.0,Antibody
17274,17610,1998.0,Soldier Child
17275,17611,2002.0,The Legend of Bhagat Singh
17276,17612,1995.0,The Beatles Anthology
17277,17613,1994.0,Into the Deep: IMAX
17278,17614,1995.0,Dead Presidents
17279,17615,2004.0,Scarecrow Gone Wild
17280,17616,1940.0,The Westerner
17281,17617,1971.0,Ginger
17282,17618,1999.0,The Will Smith Music Video Collection
17283,17619,1947.0,Out of the Past
17284,17620,1919.0,Spiders
17285,17621,1997.0,Tomorrow Never Dies
17286,17622,2001.0,Vanilla Sky
17287,17623,1947.0,Crossfire
17288,17624,1995.0,Free Willy 2: The Adventure Home
17289,17625,1996.0,Multiplicity
17290,17626,2001.0,Henry Rollins: Up for It
17291,17627,2001.0,Harry Potter and the Sorcerer's Stone
17292,17628,1985.0,Vampire Hunter D
17293,17629,2004.0,Tales of Seduction by U-Jin
17294,17630,1987.0,Hangmen
17295,17631,1964.0,Zulu
17296,17632,1962.0,Days of Wine and Roses
17297,17633,1998.0,Joseph and the Amazing Technicolor Dreamcoat
17298,17634,2002.0,The Best of Too Hot for Troma's Edge TV: Vol. 1
17299,17635,2003.0,Good Fences
17300,17636,1998.0,Homo Heights
17301,17637,1957.0,The Smallest Show on Earth
17302,17638,1997.0,The Wings of the Dove
17303,17639,1971.0,Screaming Skull/The Werewolf vs. Vampire Woman
17304,17640,1987.0,Unsolved Mysteries: Bizarre Murders
17305,17641,1994.0,Homicide: Life on the Street: Season 4
17306,17642,2000.0,X-Men: Evolution: Season 1
17307,17643,1984.0,Supergirl
17308,17644,2002.0,The Anarchist Cookbook
17309,17645,1999.0,Classic Albums: U2: The Joshua Tree
17310,17646,2002.0,BaadAssss Cinema
17311,17647,2003.0,Carmen Electra's Hip Hop
17312,17648,2003.0,Beyond Re-Animator
17313,17649,1997.0,That Old Feeling
17314,17650,1995.0,Unstrung Heroes
17315,17651,2001.0,Tum Bin
17316,17652,1958.0,Teacher's Pet
17317,17653,2002.0,The Accidental Spy
17318,17654,1999.0,K-911
17319,17655,2001.0,10 Attitudes
17320,17656,1980.0,To Serve Them All My Days
17321,17657,1997.0,Portishead: Roseland New York Live
17322,17658,1994.0,The Chase
17323,17659,1994.0,Hello Brother
17324,17660,2004.0,Round Trip
17325,17661,1984.0,The Times of Harvey Milk
17326,17662,2003.0,The Guru
17327,17663,2002.0,3-2-1 Penguins: Trouble on Planet Wait-Your-Turn
17328,17664,2002.0,Pauline and Paulette
17329,17665,1998.0,Shark Skin Man and Peach Hip Girl
17330,17666,2000.0,Fleeing by Night
17331,17667,,Eros Dance Dhamaka
17332,17668,1998.0,Secret Defense
17333,17669,1986.0,Desert Bloom
17334,17670,1957.0,Dr. Seuss: The Grinch Grinches The Cat in the Hat
17335,17671,1990.0,La Femme Nikita
17336,17672,2000.0,My Dog Skip
17337,17673,1986.0,Trick or Treat
17338,17674,1997.0,Cure
17339,17675,1999.0,The Man Show: Season 1: Vol. 2
17340,17676,2001.0,Curse of the Erotic Tiki
17341,17677,2000.0,Saiyuki
17342,17678,2000.0,Deepak Chopra: Seven Spiritual Laws & The Crystal Cave
17343,17680,1995.0,Poirot: Hickory Dickory Dock
17344,17681,2000.0,Bread and Tulips
17345,17682,1998.0,Buffy the Vampire Slayer: Season 3
17346,17683,2002.0,Die Another Day: Bonus Material
17347,17684,1992.0,Sherlock Holmes: The Master Blackmailer
17348,17685,1988.0,Alice
17349,17686,1989.0,Common Threads: Stories from the Quilt
17350,17687,1997.0,Oz: Season 3
17351,17688,1996.0,Hetty Wainthropp Investigates: Series 2
17352,17689,2000.0,Kiss: Unauthorized Kiss
17353,17690,2003.0,Nemesis Game
17354,17691,1988.0,Red Dwarf: Series 3: Bonus Material
17355,17692,2002.0,Scooby-Doo
17356,17693,1995.0,Operation Dumbo Drop
17357,17694,1992.0,Leolo
17358,17695,1979.0,Going in Style
17359,17696,1985.0,Ghoulies / Ghoulies II: Double Feature
17360,17697,2004.0,New York Minute
17361,17698,2004.0,Popeye's Voyage: Quest for Pappy
17362,17699,1996.0,3rd Rock from the Sun: Season 1
17363,17700,1986.0,Mysteries of the Deep: Legendary Shipwrecks: Secrets of the Titanic
17364,17701,1969.0,Fellini Satyricon
17365,17702,2004.0,Comic Book: The Movie
17366,17703,2003.0,Hulk
17367,17704,1999.0,Taboo
17368,17705,2002.0,Evil Alien Conquerors
17369,17706,2001.0,Najica Blitz Tactics
17370,17707,2004.0,Latter Days
17371,17708,2001.0,Trembling Before G-d
17372,17709,1992.0,A River Runs Through It
17373,17710,2003.0,Going Down
17374,17711,2003.0,The Diary of Ellen Rimbauer
17375,17712,2004.0,The Doobie Brothers: Live at Wolf Trap
17376,17713,2004.0,WWE: Summerslam 2004
17377,17714,1989.0,The Little Mermaid
17378,17715,1947.0,The Adventures of Ma and Pa Kettle: Vol. 1
17379,17716,1993.0,Some Folks Call it a Sling Blade
17380,17717,1991.0,Sol Bianca: The Legacy: Vol. 3: Going Home
17381,17718,1996.0,The Delta
17382,17719,1979.0,The Europeans
17383,17720,1999.0,Pirates of the Plain
17384,17721,1998.0,The Love Letter
17385,17722,1984.0,Faerie Tale Theatre: The Little Mermaid
17386,17723,2004.0,Redemption
17387,17724,1993.0,Gettysburg
17388,17725,1999.0,Jerry Seinfeld: I'm Telling You for the Last Time
17389,17726,1998.0,Cats
17390,17727,1954.0,Elizabeth Taylor: The Last Time I Saw Paris/Father's Little Dividend
17391,17728,2000.0,Me & Isaac Newton
17392,17729,1999.0,Icebreaker
17393,17730,1958.0,The Blob
17394,17731,1998.0,Death Mask
17395,17732,1945.0,Open City
17396,17733,2002.0,13th Child: Legend of the Jersey Devil
17397,17734,2002.0,Shanghai Ghetto
17398,17735,1998.0,Type O Negative: After Dark
17399,17736,1999.0,Reptilian
17400,17737,1985.0,Frank Zappa: Does Humor Belong in Music?
17401,17738,2004.0,Henry Rollins: Live at Luna Park
17402,17739,1968.0,Dracula / The Strange Case of Dr. Jekyll and Mr. Hyde
17403,17740,1960.0,Shoot the Piano Player
17404,17741,2004.0,Ginger Snaps 2: Unleashed
17405,17742,1995.0,Catherine the Great
17406,17743,2003.0,Better Luck Tomorrow
17407,17744,2004.0,NASCAR: Tony Stewart Smoke
17408,17745,2002.0,Russell Simmons Presents Def Poetry: Season 1
17409,17746,1991.0,Godzilla & Mothra: Battle for Earth / Vs. King Ghidora
17410,17747,1991.0,Eric Clapton: 24 Nights
17411,17748,2005.0,Dog the Bounty Hunter: The Best of Season 1
17412,17749,1985.0,No End
17413,17750,2005.0,The Hee Haw Collection: Vol. 4
17414,17751,1993.0,Highlander: Season 2
17415,17752,2003.0,Out of Order
17416,17753,1997.0,Maslin Beach
17417,17754,1999.0,On the Ropes
17418,17755,2003.0,L/R: Licensed by Royalty
17419,17756,1935.0,The 39 Steps
17420,17757,2002.0,Ulysses S. Grant: Warrior / President: American Experience
17421,17758,1979.0,Prophecy
17422,17759,1972.0,The Big Bird Cage
17423,17760,2004.0,Lightning Bug
17424,17761,2003.0,Levity
17425,17762,1997.0,Gattaca
17426,17763,1978.0,Interiors
17427,17764,1998.0,Shakespeare in Love
17428,17765,1969.0,Godzilla's Revenge
17429,17766,2002.0,Where the Wild Things Are and Other Maurice Sendak Stories
17430,17767,2004.0,Fidel Castro: American Experience
17431,17768,2000.0,Epoch
17432,17769,2003.0,The Company
17433,17770,2003.0,Alien Hunter
